AIRPORT_ID,AIRPORT,DISPLAY_AIRPORT_NAME,DISPLAY_AIRPORT_CITY_NAME_FULL,AIRPORT_COUNTRY_NAME,AIRPORT_STATE_NAME,LATITUDE,LONGITUDE,AIRPORT_IS_LATEST
10001,01A,Afognak Lake Airport,"Afognak Lake, AK",United States,Alaska,58.10944444,-152.90666667,1
10003,03A,Bear Creek Mining Strip,"Granite Mountain, AK",United States,Alaska,65.54805556,-161.07166667,1
10004,04A,Lik Mining Camp,"Lik, AK",United States,Alaska,68.08333333,-163.16666667,1
10005,05A,Little Squaw Airport,"Little Squaw, AK",United States,Alaska,67.57,-148.18388889,1
10006,06A,Kizhuyak Bay,"Kizhuyak, AK",United States,Alaska,57.74527778,-152.88277778,1
10007,07A,Klawock Seaplane Base,"Klawock, AK",United States,Alaska,55.55472222,-133.10166667,1
10008,08A,Elizabeth Island Airport,"Elizabeth Island, AK",United States,Alaska,59.15694444,-151.82916667,1
10009,09A,Augustin Island,"Homer, AK",United States,Alaska,59.36277778,-153.43055556,1
10010,1B1,Columbia County,"Hudson, NY",United States,New York,42.29138889,-73.71027778,1
10011,1G4,Grand Canyon West,"Peach Springs, AZ",United States,Arizona,35.98611111,-113.81694444,1
10012,1N7,Blairstown Airport,"Blairstown, NJ",United States,New Jersey,40.97111111,-74.9975,1
10013,8F3,Crosbyton Municipal,"Crosbyton, TX",United States,Texas,33.62388889,-101.24083333,1
10014,A01,Blair Lake,"Fairbanks/Ft. Wainwright, AK",United States,Alaska,64.36361111,-147.36527778,1
10015,A02,Deadmans Bay Airport,"Deadmans Bay, AK",United States,Alaska,57.06666667,-153.93777778,1
10016,A03,Hallo Bay Airport,"Hallo Bay, AK",United States,Alaska,58.4575,-154.02333333,1
10017,A04,Red Lake Airport,"Red Lake, AK",United States,Alaska,57.27722222,-154.34222222,1
10018,A05,Shell Lake Airport,"Shell Lake, AK",United States,Alaska,61.96388889,-151.55583333,1
10019,A06,Navigator Airstrip,"Kougarok, AK",United States,Alaska,65.65555556,-165.35638889,1
10020,A07,Roland Norton Memorial,"Selawik, AK",United States,Alaska,66.76611111,-160.15277778,1
10021,A08,Pillar Bay Airport,"Pillar Bay, AK",United States,Alaska,56.59805556,-134.24277778,1
10022,A09,Johnstone Point Airport,"Johnstone Point, AK",United States,Alaska,60.48166667,-146.58416667,1
10023,KTH,Tikchik Lodge Airport,"Tikchik Lodge, AK",United States,Alaska,59.95555556,-158.48055556,1
10024,A11,Bell Creek Airport,"Bell Creek, AK",United States,Alaska,60.78388889,-159.54027778,1
10025,A12,Cinnabar Airport,"Cinnabar, AK",United States,Alaska,60.78527778,-158.86444444,1
10026,A13,Mountaintop Mine Airport,"Mountaintop Mine, AK",United States,Alaska,61.39027778,-157.99555556,1
10027,A14,Whitebear Airport,"Whitebear, AK",United States,Alaska,61.18888889,-159.85833333,1
10028,A15,Puviaq Airport,"Puviaq, AK",United States,Alaska,70.71555556,-154.40694444,1
10029,A16,Arley Lake Airport,"Arley Lake, AK",United States,Alaska,70.74694444,-155.36083333,1
10030,A17,Port Vita Airport,"Port Vita, AK",United States,Alaska,58.06555556,-153.0725,1
10031,A18,Kantishna Airport,"Kantishna, AK",United States,Alaska,63.54111111,-150.995,1
10033,A20,Alpine Airstrip,"Alpine, AK",United States,Alaska,70.34416667,-150.94472222,1
10034,A21,Serpentine Airport,"Serpentine, AK",United States,Alaska,65.85138889,-164.70277778,1
10035,A22,Driftwood Bay Airport,"Driftwood Bay, AK",United States,Alaska,53.97277778,-166.85694444,1
10036,A23,Bradley Lake Airport,"Bradley Lake, AK",United States,Alaska,59.77611111,-151.96361111,1
10037,A24,Chilkat Lake Airport,"Chilkat Lake, AK",United States,Alaska,59.33166667,-135.89666667,1
10038,A25,Nugget Creek Airport,"Nugget Creek, AK",United States,Alaska,59.28833333,-136.17388889,1
10039,A26,Ivotuk Airstrip,"Ivotuk, AK",United States,Alaska,68.48333333,-155.73333333,1
10040,A27,Pogo Mines Airport,"Pogo Mines, AK",United States,Alaska,64.44,-144.93638889,1
10041,A28,Ayakulik River Airport,"Ayakulik River, AK",United States,Alaska,57.25388889,-154.42222222,1
10042,A29,Kiluda Bay Airport,"Kiluda Bay, AK",United States,Alaska,57.32305556,-153.14944444,1
10043,A30,Terror Lake Airport,"Terror Lake, AK",United States,Alaska,57.96388889,-153.05833333,1
10044,A31,Selief Bay Airport,"Selief Bay, AK",United States,Alaska,58.98277778,-153.18333333,1
10047,A34,Laura Lake Airport,"Laura Lake, AK",United States,Alaska,58.36194444,-152.31222222,1
10049,A36,Deep Bay Airport,"Deep Bay, AK",United States,Alaska,55.56027778,-131.65555556,1
10050,A37,Kako Airport,"Kako, AK",United States,Alaska,61.89888889,-161.43972222,1
10051,A38,Molly Creek Airport,"Molly Creek, AK",United States,Alaska,64.09722222,-143.26666667,1
10052,A39,Ptarmigan Lake Airport,"Ptarmigan Lake, AK",United States,Alaska,61.86611111,-141.15972222,1
10053,A40,Cape Simpson Airport,"Cape Simpson, AK",United States,Alaska,71.05694444,-154.72833333,1
10054,A41,Kogru River Airport,"Kogru River, AK",United States,Alaska,70.57472222,-152.25888889,1
10055,A42,Teshepkuk Lake Airport,"Teshepkuk Lake, AK",United States,Alaska,70.35833333,-153.19666667,1
10056,A43,Trident Basin Seaplane Base,"Kodiak Island, AK",United States,Alaska,57.78083333,-152.39111111,1
10058,A45,Lake Florence Airport,"Lake Florence, AK",United States,Alaska,57.81666667,-134.58333333,1
10059,A46,Lake Hasselborg Airport,"Lake Hasselborg, AK",United States,Alaska,57.7,-134.26666667,1
10060,A47,Distin Lake Airport,"Distin Lake, AK",United States,Alaska,57.61666667,-134.36666667,1
10061,A48,Port Hobron Airport,"Port Hobron, AK",United States,Alaska,57.15,-153.15,1
10062,A49,Mooseville Airstrip Airport,"Mooseville Airstrip, AK",United States,Alaska,70.28444444,-152.21194444,1
10063,A50,Big Bay Airport,"Big Bay, AK",United States,Alaska,58.5625,-152.59611111,1
10064,A51,Wien Lake Airport,"Wien Lake, AK",United States,Alaska,64.35277778,-151.275,1
10065,A52,Silver Salmon Creek Airport,"Silver Salmon Creek, AK",United States,Alaska,59.96388889,-152.68222222,1
10066,A53,Blear Lake Airport,"Blear Lake, AK",United States,Alaska,64.33333333,-147.5,1
10067,A54,Cannery Bay Airport,"Cannery Bay, AK",United States,Alaska,53.68333333,-166.75,1
10069,A56,Johnsons Landing,"Bear Lake, AK",United States,Alaska,56.03666667,-160.26611111,1
10070,A57,International Seafoods Airport,"International Seafoods, AK",United States,Alaska,58.26666667,-157.53333333,1
10071,A58,Cosna River Airport,"Cosna River, AK",United States,Alaska,64.5,-151.66666667,1
10072,A59,Ivatuk Airport,"Ivatuk, AK",United States,Alaska,68.48777778,-155.7575,1
10074,A61,Cape Sarichef Airport,"Cape Sarichef, AK",United States,Alaska,54.5825,-164.91444444,1
10075,A62,Taylor Mountain,"Taylor Mountain Mine, AK",United States,Alaska,60.86777778,-157.39194444,1
10076,A63,Coal Creek,"Yukon Charley Rivvers, AK",United States,Alaska,65.31166667,-143.13416667,1
10078,A65,Karluk Portage Airport,"Karluk Portage, AK",United States,Alaska,57.53833333,-154.16444444,1
10079,A66,Hope Airport,"Hope, AK",United States,Alaska,60.90722222,-149.62277778,1
10080,A67,Viekoda Bay Airport,"Viekoda Bay, AK",United States,Alaska,57.84944444,-153.11527778,1
10082,A69,Cathedral Strip,"Cold Bay, AK",United States,Alaska,55.74,-162.12527778,1
10083,A70,Village Islands Airport,"Village Islands, AK",United States,Alaska,57.77416667,-153.54472222,1
10084,A71,Bear Cove Farm,"Homer, AK",United States,Alaska,59.73833333,-151.03,1
10085,A72,Chinitna Bay Airport,"Chinitna Bay, AK",United States,Alaska,59.83333333,-152.58472222,1
10086,A73,McKinley National Park,"McKinley Park, AK",United States,Alaska,63.7325,-148.91055556,1
10087,A74,Dog Fish Bay,"Nanwalek, AK",United States,Alaska,59.24111111,-151.87722222,1
10088,A75,Malina Bay Airport,"Malina Bay, AK",United States,Alaska,58.17194444,-152.89416667,1
10089,A76,Red Fox Bay Airport,"Red Fox Bay, AK",United States,Alaska,58.46444444,-152.59305556,1
10090,A77,Shearwater Airport,"Shearwater, AK",United States,Alaska,57.34333333,-152.89722222,1
10091,A78,Lake,"Cape Simpson, AK",United States,Alaska,71.03,-154.44361111,1
10092,A79,Cape Simpson No. 1,"Cape Simpson, AK",United States,Alaska,71.50166667,-154.03388889,1
10093,A80,Cape Simpson No. 7,"Cape Simpson, AK",United States,Alaska,70.57388889,-155.32138889,1
10094,A81,Cape Simpson #1,"Aglaq, AK",United States,Alaska,70.66277778,-154.83666667,1
10095,A82,Nikiski Private Airstrip,"Nikiski, AK",United States,Alaska,60.69027778,-151.28888889,1
10096,A83,Petrof Point Airport,"Petrof Point, AK",United States,Alaska,59.37638889,-150.765,1
10097,A84,Denali West Lodge Private,"Denali, AK",United States,Alaska,63.75555556,-147.93,1
10098,A85,Big River Airport,"Big River, AK",United States,Alaska,61.85944444,-154.27666667,1
10100,A87,Carry Inlet Airport,"Carry Inlet, AK",United States,Alaska,58.58305556,-152.44583333,1
10102,A89,Montague Island Airport,"Montague Island, AK",United States,Alaska,59.925,-147.51666667,1
10103,A90,Shannon Pond Airport,"Shannon Pond, AK",United States,Alaska,59.03916667,-158.46388889,1
10104,A91,Omalik Lagoon Airport,"Omalik Lagoon, AK",United States,Alaska,69.15555556,-163.49722222,1
10105,A92,Omolik Lagoon Airport,"Omolik Lagoon, AK",United States,Alaska,69.14805556,-163.51027778,1
10106,A93,Bradley Lake Project Airport,"Bradley Lake Project, AK",United States,Alaska,59.79166667,-151.26666667,1
10107,A94,Ice Strip,"Barrow, AK",United States,Alaska,70.57416667,-155.31805556,1
10108,A95,Ice Strip,"Barrow, AK",United States,Alaska,70.31194444,-153.24916667,1
10109,A96,Ice Strip,"Barrow, AK",United States,Alaska,70.98083333,-157.095,1
10110,A97,Akulik Air Strip,"Akulik, AK",United States,Alaska,68.98555556,-163.47972222,1
10111,A98,Deadfall Air Strip,"Deadfall, AK",United States,Alaska,69.17083333,-163.25638889,1
10112,A99,Eagle Creek Airport,"Eagle Creek, AK",United States,Alaska,68.67666667,-162.64694444,1
10113,AA1,Ice Kong,"Bethel, AK",United States,Alaska,59.95277778,-162.61694444,1
10116,AA4,Glacier Split,"Kachemak Bay, AK",United States,Alaska,59.63333333,-151.20833333,1
10117,AA5,Selby Lake Airport,"Selby Lake, AK",United States,Alaska,66.95583333,-155.615,1
10118,AAA,Anaa Airport,"Anaa, French Polynesia",French Polynesia,,-17.3525,-145.51,1
10119,AAB,Arrabury Station,"Arrabury, Australia",Australia,,-26.7,141.04166667,1
10120,AAC,El Arish International,"El Arish, Egypt",Egypt,,31.05555556,33.8275,1
10121,AAE,Rabah Bitat,"Annaba, Algeria",Algeria,,36.82222222,7.80944444,1
10122,AAF,Apalachicola Regional Cleve Randolph Field,"Apalachicola, FL",United States,Florida,29.72638889,-85.025,1
10123,AAH,Aachen Merzbrueck,"Aachen, Germany",Germany,,50.82166667,6.18416667,1
10124,AAI,Arraias Airport,"Arraias, Brazil",Brazil,,-13.02583333,-46.88361111,1
10125,AAL,Aalborg Airport,"Aalborg, Denmark",Denmark,,57.09416667,9.85583333,1
10126,AAM,Malamala,"Mala Mala, South Africa",South Africa,,-24.81694444,31.54416667,1
10127,AAN,Al Ain International,"Al Ain, United Arab Emirates",United Arab Emirates,,24.26166667,55.60916667,1
10128,AAO,Anaco Airport,"Anaco, Venezuela",Venezuela,,9.43,-64.47083333,1
10129,AAQ,Vityazevo,"Anapa, Russia",Russia,,45.00222222,37.34722222,1
10130,AAR,Aarhus Airport,"Aarhus, Denmark",Denmark,,56.30416667,10.61944444,1
10131,AAU,Asau W Sam,"Asau, Samoa",Samoa,,-13.51666667,-172.65,1
10132,AAX,Romeu Zema,"Araxa, Brazil",Brazil,,-19.56333333,-46.96055556,1
10134,ABD,Abadan Airport,"Abadan, Iran",Iran,,30.36527778,48.23305556,1
10135,ABE,Lehigh Valley International,"Allentown/Bethlehem/Easton, PA",United States,Pennsylvania,40.65166667,-75.44277778,1
10136,ABI,Abilene Regional,"Abilene, TX",United States,Texas,32.40833333,-99.6825,1
10137,ABJ,Felix Houphouet Boigny Abidjan International,"Abidjan, Cote d'Ivoire",Cote d'Ivoire,,5.26138889,-3.92583333,1
10138,ABK,Kebri Dahar,"Kabri Dar, Ethiopia",Ethiopia,,6.73277778,44.24138889,1
10139,ABL,Ambler River,"Ambler, AK",United States,Alaska,67.0875,-157.84583333,1
10140,ABQ,Albuquerque International Sunport,"Albuquerque, NM",United States,New Mexico,35.03805556,-106.61,1
10141,ABR,Aberdeen Regional,"Aberdeen, SD",United States,South Dakota,45.44666667,-98.42305556,1
10142,ABS,Abu Simbel Airport,"Abu Simbel, Egypt",Egypt,,22.37583333,31.61166667,1
10143,ABT,King Saud Bin Abdulaziz,"Al-Baha, Saudi Arabia",Saudi Arabia,,20.29833333,41.63583333,1
10144,ABV,Nnamdi Azikiwe International,"Abuja, Nigeria",Nigeria,,9.00666667,7.26305556,1
10145,ABX,Albury Airport,"Albury, Australia",Australia,,-36.06777778,146.95805556,1
10146,ABY,Southwest Georgia Regional,"Albany, GA",United States,Georgia,31.53555556,-84.19444444,1
10147,ABZ,Aberdeen Dyce,"Aberdeen, United Kingdom",United Kingdom,,57.20361111,-2.19916667,1
10148,ACA,Acapulco International,"Acapulco, Mexico",Mexico,,16.75722222,-99.75388889,1
10149,ACB,Antrim County,"Bellaire, MI",United States,Michigan,44.98861111,-85.19833333,1
10150,ACC,Kotoka International,"Accra, Ghana",Ghana,,5.605,-0.16722222,1
10151,ACE,Lanzarote,"Arrecife, Spain",Spain,,28.94555556,-13.60527778,1
10152,ACH,St Gallen Altenrhein,"Altenrhein, Switzerland",Switzerland,,47.485,9.56,1
10153,ACI,Alderney Airport,"Alderney, United Kingdom",United Kingdom,,49.70694444,-2.21472222,1
10154,ACK,Nantucket Memorial,"Nantucket, MA",United States,Massachusetts,41.25333333,-70.06055556,1
10155,ACT,Waco Regional,"Waco, TX",United States,Texas,31.60416667,-97.22972222,1
10156,ACU,Achutupo Airport,"Achutupo, Panama",Panama,,8.43333333,-77.96666667,1
10157,ACV,California Redwood Coast Humboldt County,"Arcata/Eureka, CA",United States,California,40.97777778,-124.10833333,1
10158,ACY,Atlantic City International,"Atlantic City, NJ",United States,New Jersey,39.45916667,-74.57861111,1
10159,ADA,Adana International,"Adana, Turkey",Turkey,,36.98222222,35.28055556,1
10160,ADB,Adnan Menderes,"Izmir, Turkey",Turkey,,38.29222222,27.15583333,1
10161,ADC,Andakombe Airport,"Andakombe, Papua New Guinea",Papua New Guinea,,-7.13722222,145.745,1
10162,ADD,Bole International,"Addis Ababa, Ethiopia",Ethiopia,,8.97805556,38.79916667,1
10163,ADE,Aden International,"Aden, Yemen",Yemen,,12.82833333,45.03138889,1
10164,ADJ,Marka International,"Amman, Jordan",Jordan,,31.97277778,35.99166667,1
10165,ADK,Adak,"Adak Island, AK",United States,Alaska,51.88361111,-176.6425,1
10166,ADL,Adelaide International,"Adelaide, Australia",Australia,,-34.9475,138.53333333,1
10167,ADM,Ardmore Municipal,"Ardmore, OK",United States,Oklahoma,34.30305556,-97.02111111,1
10168,ADN,Andes Airport,"Andes, Colombia",Colombia,,5.69777778,-75.88027778,1
10169,ADO,Andamooka Airport,"Andamooka, Australia",Australia,,-30.43777778,137.13722222,1
10170,ADQ,Kodiak Airport,"Kodiak, AK",United States,Alaska,57.74972222,-152.49388889,1
10171,ADS,Addison,"Dallas, TX",United States,Texas,32.96861111,-96.83638889,1
10172,ADW,Joint Base Andrews,"Camp Springs, MD",United States,Maryland,38.81083333,-76.86694444,1
10173,ADX,RAF Leuchars,"St Andrews, United Kingdom",United Kingdom,,56.37416667,-2.86861111,1
10174,ADZ,Gustavo Rojas Pinilla,"San Andres Island, Colombia",Colombia,,12.58361111,-81.71111111,1
10175,DHF,Al Dhafra Air Base,"Al Dhafra, United Arab Emirates",United Arab Emirates,,24.24833333,54.54777778,1
10176,AED,Aleneva Airport,"Aleneva, AK",United States,Alaska,58.03333333,-152.9,1
10177,AEG,Aek Godang,"Padang Sidempuan, Indonesia",Indonesia,,1.4,99.43055556,1
10178,AEH,Abeche Airport,"Abeche, Chad",Chad,,13.8475,20.84333333,1
10180,AEO,Aioun El Atrouss Airport,"Aioun El Atrouss, Mauritania",Mauritania,,16.71138889,-9.63777778,1
10181,AEP,Aeroparque Jorge Newbery,"Buenos Aires, Argentina",Argentina,,-34.55888889,-58.41611111,1
10182,AER,Adler/Sochi Airport,"Adler/Sochi, Russia",Russia,,43.45,39.93333333,1
10183,AES,Alesund,"Aalesund, Norway",Norway,,62.56027778,6.11027778,1
10184,AET,Allakaket Airport,"Allakaket, AK",United States,Alaska,66.55194444,-152.62222222,1
10185,AEX,Alexandria International,"Alexandria, LA",United States,Louisiana,31.32333333,-92.54694444,1
10186,AEY,Akureyri Airport,"Akureyri, Iceland",Iceland,,65.65666667,-18.07194444,1
10188,AFA,San Rafael Airport,"San Rafael, Argentina",Argentina,,-34.58777778,-68.40333333,1
10189,AFF,USAF Academy Davis Airfield,"Colorado Springs, CO",United States,Colorado,38.97361111,-104.81972222,1
10190,AFK,Nebraska City Municipal,"Nebraska, NE",United States,Nebraska,40.60666667,-95.86666667,1
10191,AFO,Afton Lincoln County Gen Boyd L Eddins Field,"Afton, WY",United States,Wyoming,42.70888889,-110.94222222,1
10192,AFP,Anson County Jeff Cloud Field,"Wadesboro, NC",United States,North Carolina,35.02055556,-80.07722222,1
10194,AFW,Perot Field Fort Worth Alliance,"Dallas/Fort Worth, TX",United States,Texas,32.99027778,-97.31944444,1
10195,AFY,Afyon Airport,"Afyon, Turkey",Turkey,,38.72638889,30.60111111,1
10196,AGA,Inezgane,"Agadir, Morocco",Morocco,,30.38138889,-9.54611111,1
10197,AGB,Augsburg Airport,"Augsburg, Germany",Germany,,48.42527778,10.93194444,1
10198,AGC,Allegheny County,"Pittsburgh, PA",United States,Pennsylvania,40.35416667,-79.9275,1
10199,AGF,Agen La Garenne,"Agen, France",France,,44.17388889,0.59305556,1
10200,AGG,Angoram Airport,"Angoram, Papua New Guinea",Papua New Guinea,,-4.06583333,144.07388889,1
10201,AGH,Angelholm,"Angelholm/Helsingborg, Sweden",Sweden,,56.29138889,12.855,1
10202,AGK,Kagua Airport,"Kagua, Papua New Guinea",Papua New Guinea,,-6.40333333,143.84666667,1
10203,AGL,Wanigela Airport,"Wanigela, Papua New Guinea",Papua New Guinea,,-9.3375,149.15555556,1
10204,AGN,Angoon Seaplane Base,"Angoon, AK",United States,Alaska,57.50388889,-134.58333333,1
10205,AGP,Malaga Airport,"Malaga, Spain",Spain,,36.67972222,-4.49583333,1
10206,AGQ,Agrinion Airport,"Agrinion, Greece",Greece,,38.6025,21.3425,1
10207,AGR,Agra Airport,"Agra, India",India,,27.15777778,77.96083333,1
10208,AGS,Augusta Regional at Bush Field,"Augusta, GA",United States,Georgia,33.37,-81.96444444,1
10209,AGT,Guarani International,"Ciudad del Este, Paraguay",Paraguay,,-25.45555556,-54.84361111,1
10210,AGU,Aguascalientes International,"Aguascalientes, Mexico",Mexico,,21.70111111,-102.31805556,1
10211,AGV,Batalla de Araure,"Acarigua, Venezuela",Venezuela,,9.55333333,-69.2375,1
10212,AGX,Agatti Island Airport,"Agatti Island, India",India,,10.83333333,72.2,1
10213,AHA,Naha AB,"Okinawa, Japan",Japan,,26.19194444,127.64777778,1
10214,AHB,Abha Airport,"Abha, Saudi Arabia",Saudi Arabia,,18.24027778,42.65638889,1
10215,AHD,Ardmore Downtown Executive,"Ardmore, OK",United States,Oklahoma,34.14694444,-97.12277778,1
10216,AHN,Athens/Ben Epps,"Athens, GA",United States,Georgia,33.94861111,-83.32583333,1
10217,AHO,Alghero,"Alghero/Sassari, Italy",Italy,,40.63222222,8.29083333,1
10218,AHS,Auas,"Ahuas, Honduras",Honduras,,15.47277778,-84.35305556,1
10219,AHT,Amchitka,"Amchitka Island, AK",United States,Alaska,51.37861111,179.25861111,1
10220,AHU,Cherif El Idrissi International,"Al Hoceima, Morocco",Morocco,,35.175,-3.83916667,1
10221,AIA,Alliance Municipal,"Alliance, NE",United States,Nebraska,42.05361111,-102.80333333,1
10222,AIB,Anita Bay Airport,"Anita Bay, AK",United States,Alaska,56.19,-132.44583333,1
10223,AID,Anderson Regional,"Anderson, IN",United States,Indiana,40.10861111,-85.61305556,1
10224,AIK,Aiken Regional,"Aiken, SC",United States,South Carolina,33.64944444,-81.685,1
10225,AIN,Wainwright Airport,"Wainwright, AK",United States,Alaska,70.63805556,-159.99472222,1
10226,AIT,Aitutaki Airport,"Aitutaki, Cook Islands",Cook Islands,,-18.83694444,-159.76111111,1
10227,AIY,Bader Field,"Atlantic City, NJ",United States,New Jersey,39.36,-74.45722222,1
10228,AIZ,Lee C Fine Memorial,"Lake of the Ozarks, MO",United States,Missouri,38.09611111,-92.54944444,1
10229,AJA,Ajaccio Napoleon Bonaparte,"Ajaccio, France",France,,41.92166667,8.80111111,1
10230,AJF,Al Jouf,"Jouf, Saudi Arabia",Saudi Arabia,,29.785,40.1,1
10231,AJJ,Akjoujt Airport,"Akjoujt, Mauritania",Mauritania,,19.72805556,-14.38527778,1
10232,AJL,Lengpui,"Aizwal, India",India,,23.84111111,92.61972222,1
10233,AJN,Ouani,"Anjouan, Comoros",Comoros,,-12.13111111,44.43055556,1
10234,AJR,Arvidsjaur Airport,"Arvidsjaur, Sweden",Sweden,,65.59166667,19.2775,1
10235,AJU,Santa Maria International,"Aracaju, Brazil",Brazil,,-10.98388889,-37.07027778,1
10236,AJY,Mano Dayak,"Agades, Niger",Niger,,16.96083333,8.00916667,1
10237,AKB,Atka Airport,"Atka, AK",United States,Alaska,52.22055556,-174.20611111,1
10238,AKC,Akron Fulton International,"Akron, OH",United States,Ohio,41.0375,-81.46777778,1
10239,AKF,Kufra,"Kufrah, Libya",Libya,,24.17916667,23.31277778,1
10241,AKI,Akiak Airport,"Akiak, AK",United States,Alaska,60.90277778,-161.23055556,1
10242,AKJ,Asahikawa Airport,"Asahikawa, Japan",Japan,,43.67083333,142.4475,1
10243,AKK,Akhiok Airport,"Akhiok, AK",United States,Alaska,56.93861111,-154.1825,1
10244,AKL,Auckland International,"Auckland, New Zealand",New Zealand,,-37.01194444,174.78638889,1
10245,AKN,King Salmon Airport,"King Salmon, AK",United States,Alaska,58.67805556,-156.65194444,1
10246,AKO,Colorado Plains Regional,"Akron, CO",United States,Colorado,40.17555556,-103.22194444,1
10247,AKP,Anaktuvuk Pass Airport,"Anaktuvuk Pass, AK",United States,Alaska,68.13361111,-151.74333333,1
10248,AKR,Akure Airport,"Akure, Nigeria",Nigeria,,7.24666667,5.30111111,1
10249,AKS,Auki Airport,"Auki, Solomon Islands",Solomon Islands,,-8.7025,160.68166667,1
10250,AKT,Akrotiri Airport,"Akrotiri, Cyprus",Cyprus,,34.59027778,32.98777778,1
10251,AKX,Aktyubinsk Airport,"Aktyubinsk, Kazakhstan",Kazakhstan,,50.25,57.21666667,1
10252,AKY,Sittwe Airport,"Sittwe, Burma",Burma,,20.13333333,92.87055556,1
10253,AL1,Albertville Regional-Thomas J Brumlik Field,"Albertville, AL",United States,Alabama,34.22916667,-86.25583333,1
10254,AL2,Shelby County,"Alabaster, AL",United States,Alabama,33.17777778,-86.78333333,1
10255,AL3,Huntsville Executive Tom Sharp Jr,"Huntsville, AL",United States,Alabama,34.85944444,-86.5575,1
10256,ALA,Almaty Airport,"Almaty, Kazakhstan",Kazakhstan,,43.35555556,77.04388889,1
10257,ALB,Albany International,"Albany, NY",United States,New York,42.74916667,-73.80472222,1
10258,ALC,Alicante Airport,"Alicante, Spain",Spain,,38.28222222,-0.55805556,1
10259,ALE,Alpine Casparis Municipal,"Alpine, TX",United States,Texas,30.38416667,-103.68361111,1
10260,ALF,Alta Airport,"Alta, Norway",Norway,,69.9775,23.36472222,1
10261,ALG,Houari Boumediene,"Algiers, Algeria",Algeria,,36.69111111,3.21444444,1
10262,ALH,Albany Airport,"Albany, Australia",Australia,,-34.94444444,117.80888889,1
10263,ALI,Alice International,"Alice, TX",United States,Texas,27.74083333,-98.02694444,1
10264,ALJ,Alexander Bay Airport,"Alexander Bay, South Africa",South Africa,,-28.57138889,16.53055556,1
10265,ALK,Asela Airport,"Asela, Ethiopia",Ethiopia,,7.58333333,39.06666667,1
10266,ALM,Alamogordo White Sands Regional,"Alamogordo, NM",United States,New Mexico,32.83777778,-105.99305556,1
10267,ALN,St. Louis Regional,"Alton, IL",United States,Illinois,38.89416667,-90.05194444,1
10268,ALO,Waterloo Regional,"Waterloo, IA",United States,Iowa,42.56055556,-92.4025,1
10269,ALP,Aleppo International,"Aleppo, Syria",Syria,,36.18138889,37.22444444,1
10270,ALQ,Alegrete Airport,"Alegrete, Brazil",Brazil,,-29.79972222,-55.76333333,1
10271,ALR,Alexandra Airport,"Alexandra, New Zealand",New Zealand,,-45.21138889,169.37166667,1
10272,ALS,San Luis Valley Regional/Bergman Field,"Alamosa, CO",United States,Colorado,37.435,-105.86777778,1
10273,ALT,Alenquer Airport,"Alenquer, Brazil",Brazil,,-1.94055556,-54.74027778,1
10274,ALU,Alula Airport,"Alula, Somalia",Somalia,,11.98333333,50.78333333,1
10275,ALW,Walla Walla Regional,"Walla Walla, WA",United States,Washington,46.0925,-118.28416667,1
10276,ALX,Thomas C. Russell Field,"Alexander City, AL",United States,Alabama,32.91472222,-85.96305556,1
10277,ALY,Alexandria International,"Alexandria, Egypt",Egypt,,31.18166667,29.94638889,1
10278,ALZ,Alitak Seaplane Base,"Lazy Bay, AK",United States,Alaska,56.89583333,-154.24583333,1
10279,AMA,Rick Husband Amarillo International,"Amarillo, TX",United States,Texas,35.23166667,-101.69916667,1
10280,AMD,Sardar Vallabhbhai Patel International,"Ahmedabad, India",India,,23.07722222,72.63444444,1
10281,AMF,Ama Airport,"Ama, Papua New Guinea",Papua New Guinea,,-4.10055556,141.66972222,1
10282,AMG,Amboin Airport,"Amboin, Papua New Guinea",Papua New Guinea,,-4.6,143.5,1
10283,AMH,Arba Minch Airport,"Arba Minch, Ethiopia",Ethiopia,,6.03944444,37.59083333,1
10284,AMI,Selaparang,"Mataram, Indonesia",Indonesia,,-8.56055556,116.09472222,1
10285,AMK,Animas Air Park,"Durango, CO",United States,Colorado,37.20305556,-107.86916667,1
10286,AML,Puerto Armuelles Airport,"Puerto Armuelles, Panama",Panama,,8.2675,-82.86472222,1
10287,AMM,Queen Alia International,"Amman, Jordan",Jordan,,31.72333333,35.99416667,1
10288,AMN,Gratiot Community,"Alma, MI",United States,Michigan,43.32222222,-84.68805556,1
10289,AMO,Mao Airport,"Mao, Chad",Chad,,14.14638889,15.31527778,1
10290,AMP,Ampanihy Airport,"Ampanihy, Madagascar",Madagascar,,-24.69944444,44.73277778,1
10291,AMQ,Pattimura,"Ambon, Indonesia",Indonesia,,-3.71027778,128.08972222,1
10292,AMS,Schiphol,"Amsterdam, Netherlands",Netherlands,,52.30861111,4.76388889,1
10294,AMW,Ames Municipal,"Ames, IA",United States,Iowa,41.99194444,-93.62194444,1
10295,AMX,Ammaroo Station,"Ammaroo, Australia",Australia,,-21.74,135.24,1
10296,AMY,Ambatomainty Airport,"Ambatomainty, Madagascar",Madagascar,,-17.68611111,45.625,1
10297,ANA,Anaheim-Disneyland HP,"Anaheim, CA",United States,California,33.81666667,-117.93333333,1
10298,ANB,Anniston Regional,"Anniston, AL",United States,Alabama,33.58805556,-85.85805556,1
10299,ANC,Ted Stevens Anchorage International,"Anchorage, AK",United States,Alaska,61.17416667,-149.99805556,1
10300,AND,Anderson Regional,"Anderson, SC",United States,South Carolina,34.49472222,-82.70944444,1
10301,ANE,Angers Marce,"Angers, France",France,,47.56,-0.31277778,1
10302,ANF,Andres Sabella International,"Antofagasta, Chile",Chile,,-23.44527778,-70.44527778,1
10303,ANG,Angouleme Brie Champniers,"Angouleme, France",France,,45.72944444,0.21833333,1
10304,ANI,Aniak Airport,"Aniak, AK",United States,Alaska,61.58138889,-159.54527778,1
10305,ANK,Etimesgut,"Ankara, Turkey",Turkey,,39.95,32.68777778,1
10306,ANM,Antsirabato,"Antalaha, Madagascar",Madagascar,,-14.99944444,50.32027778,1
10307,ANN,Annette Island,"Annette, AK",United States,Alaska,55.04222222,-131.57083333,1
10308,ANO,Angoche Airport,"Angoche, Mozambique",Mozambique,,-16.1825,39.94527778,1
10309,ANP,Lee,"Annapolis, MD",United States,Maryland,38.94277778,-76.56833333,1
10310,ANR,Deurne,"Antwerp, Belgium",Belgium,,51.19,4.46305556,1
10311,ANS,Andahuaylas Airport,"Andahuaylas, Peru",Peru,,-13.70888889,-73.35138889,1
10312,ANU,V C Bird International,"St. Johns, Antigua and Barbuda",Antigua and Barbuda,,17.13611111,-61.79388889,1
10313,ANV,Anvik Airport,"Anvik, AK",United States,Alaska,62.64722222,-160.19,1
10314,ANX,Andoya,"Andeness, Norway",Norway,,69.2975,16.13555556,1
10317,AOH,Lima Allen County,"Lima, OH",United States,Ohio,40.70694444,-84.02833333,1
10318,AOI,Ancona Falconara,"Ancona, Italy",Italy,,43.61638889,13.36222222,1
10319,AOJ,Aomori Airport,"Aomori, Japan",Japan,,40.73333333,140.68861111,1
10320,AOK,Karpathos Airport,"Karpathos, Greece",Greece,,35.42111111,27.14583333,1
10321,AOL,Paso de Los Libres Airport,"Paso de Los Libres, Argentina",Argentina,,-29.68944444,-57.15222222,1
10322,AOO,Altoona-Blair County,"Altoona, PA",United States,Pennsylvania,40.29638889,-78.32,1
10323,AOR,Sultan Abdul Halim,"Alor Setar, Malaysia",Malaysia,,6.18972222,100.39833333,1
10324,AOS,Amook Bay Airport,"Amook Bay, AK",United States,Alaska,57.45472222,-153.81305556,1
10325,APA,Centennial,"Denver, CO",United States,Colorado,39.57,-104.84805556,1
10326,APB,Apolo Airport,"Apolo, Bolivia",Bolivia,,-14.73888889,-68.41138889,1
10327,APC,Napa County,"Napa, CA",United States,California,38.21305556,-122.28055556,1
10328,APE,San Juan Aposento Airport,"San Juan Aposento, Peru",Peru,,-15.35,-75.16666667,1
10329,APF,Naples Municipal,"Naples, FL",United States,Florida,26.1525,-81.77555556,1
10330,APG,Phillips AAF,"Aberdeen, MD",United States,Maryland,39.46555556,-76.16833333,1
10331,APK,Apataki Airport,"Apataki, French Polynesia",French Polynesia,,-15.57527778,-146.41305556,1
10332,APL,Nampula Airport,"Nampula, Mozambique",Mozambique,,-15.10555556,39.28166667,1
10333,APN,Alpena County Regional,"Alpena, MI",United States,Michigan,45.07805556,-83.56027778,1
10334,APO,Apartado Airport,"Apartado, Colombia",Colombia,,7.03333333,-77.2,1
10335,APR,April River Airport,"April River, Papua New Guinea",Papua New Guinea,,-4.67638889,142.54,1
10336,APT,Marion County Brown Field,"Jasper, TN",United States,Tennessee,35.06055556,-85.58527778,1
10337,APV,Apple Valley Airport,"Apple Valley, CA",United States,California,34.57527778,-117.18611111,1
10338,APW,Faleolo International,"Apia, Samoa",Samoa,,-13.83,-172.00833333,1
10339,AQI,Al Qaisumah International,"Qaisumah, Saudi Arabia",Saudi Arabia,,28.33611111,46.12694444,1
10340,AQJ,King Hussein International,"Aqaba, Jordan",Jordan,,29.61111111,35.01777778,1
10342,AQP,Rodriguez Ballon International,"Arequipa, Peru",Peru,,-16.34055556,-71.57083333,1
10343,AQS,Saqani Airport,"Saqani, Fiji",Fiji,,-16.75,179.35,1
10344,AQY,Girdwood Airport,"Girdwood, AK",United States,Alaska,60.96888889,-149.11944444,1
10345,AR1,Russellville Regional,"Russellville, AR",United States,Arkansas,35.25916667,-93.0925,1
10346,AR2,Dennis F Cantrell Field,"Conway, AR",United States,Arkansas,35.08111111,-92.42444444,1
10347,ARA,Acadiana Regional,"New Iberia, LA",United States,Louisiana,30.03777778,-91.88388889,1
10348,ARB,Ann Arbor Municipal,"Ann Arbor, MI",United States,Michigan,42.22305556,-83.74583333,1
10349,ARC,Arctic Village Airport,"Arctic Village, AK",United States,Alaska,68.11472222,-145.57944444,1
10350,ARD,Arcadia Municipal,"Alor, Indonesia",Indonesia,,-8.25,124.75,1
10351,ARE,Antonio/Nery/Juarbe Pol,"Arecibo, PR",United States,Puerto Rico,18.45083333,-66.67555556,1
10352,ARG,Walnut Ridge Regional,"Walnut Ridge, AR",United States,Arkansas,36.12472222,-90.925,1
10353,ARH,Talagi,"Arkhangelsk, Russia",Russia,,64.60027778,40.73333333,1
10354,ARI,Chacalluta,"Arica, Chile",Chile,,-18.35111111,-70.33972222,1
10355,ARK,Arusha Airport,"Arusha, Tanzania",Tanzania,,-3.36666667,36.62611111,1
10356,ARM,Armidale Airport,"Armidale, Australia",Australia,,-30.52888889,151.61694444,1
10357,ARN,Arlanda,"Stockholm, Sweden",Sweden,,59.65027778,17.94361111,1
10358,ARP,Aragip Airport,"Aragip, Papua New Guinea",Papua New Guinea,,-9.87333333,149.48305556,1
10359,ARQ,El Troncal,"Arauquita, Colombia",Colombia,,7.02111111,-71.38888889,1
10360,ARS,Aragarcas Airport,"Aragarcas, Brazil",Brazil,,-15.89944444,-52.24111111,1
10361,ART,Watertown International,"Watertown, NY",United States,New York,43.99194444,-76.01944444,1
10362,ARU,Aracatuba Airport,"Aracatuba, Brazil",Brazil,,-21.14138889,-50.42444444,1
10363,ARV,Lakeland/Noble F. Lee Memorial Field,"Minocqua/Woodruff, WI",United States,Wisconsin,45.92805556,-89.73083333,1
10364,ARW,Arad International,"Arad, Romania",Romania,,46.17666667,21.26194444,1
10365,ARX,Asbury Park/Monmouth County,"Asbury Park, NJ",United States,New Jersey,40.18333333,-74.11666667,1
10366,ARY,Ararat Airport,"Ararat, Australia",Australia,,-37.30944444,142.98861111,1
10367,ARZ,N'zeto Airport,"N'zeto, Angola",Angola,,-7.25888889,12.8625,1
10368,ASA,Assab International,"Assab, Eritrea",Eritrea,,13.07166667,42.645,1
10369,ASB,Ashgabat Airport,"Ashgabat, Turkmenistan",Turkmenistan,,37.98694444,58.36111111,1
10370,ASC,Ascension Airport,"Ascension, Bolivia",Bolivia,,-15.91666667,-63.15,1
10371,ASD,Andros Town International,"Andros Town, The Bahamas",The Bahamas,,24.69805556,-77.79555556,1
10372,ASE,Aspen Pitkin County Sardy Field,"Aspen, CO",United States,Colorado,39.22194444,-106.86833333,1
10373,ASG,Ashburton Airport,"Ashburton, New Zealand",New Zealand,,-43.90277778,171.79972222,1
10374,ASH,Boire Field,"Nashua, NH",United States,New Hampshire,42.7825,-71.51416667,1
10375,ASI,Ascension Aux Af,"Ascension Island, Saint Helena, Ascension, and Tristan da Cunha","Saint Helena, Ascension, and Tristan da Cunha",,-7.96972222,-14.39361111,1
10376,ASJ,Amami,"Amami O Shima, Japan",Japan,,28.43055556,129.7125,1
10377,ASK,Yamoussoukro Airport,"Yamoussoukro, Cote d'Ivoire",Cote d'Ivoire,,6.90305556,-5.36611111,1
10378,ASL,Harrison County,"Marshall, TX",United States,Texas,32.52055556,-94.30777778,1
10379,ASM,Asmara International,"Asmara, Eritrea",Eritrea,,15.28777778,38.90805556,1
10380,ASN,Talladega Municipal,"Talladega, AL",United States,Alabama,33.56944444,-86.05111111,1
10381,ASO,Asosa Hidase,"Asosa, Ethiopia",Ethiopia,,10.02055556,34.58222222,1
10382,ASP,Alice Springs Airport,"Alice Springs, Australia",Australia,,-23.80444444,133.89527778,1
10383,ASQ,Austin Airport,"Austin, NV",United States,Nevada,39.46805556,-117.1975,1
10384,ASR,Kayseri Airport,"Kayseri, Turkey",Turkey,,38.77027778,35.49555556,1
10385,AST,Astoria Regional,"Astoria/Seaside, OR",United States,Oregon,46.15805556,-123.87861111,1
10386,ASU,Silvio Pettirossi International,"Asuncion, Paraguay",Paraguay,,-25.23972222,-57.51916667,1
10387,ASW,Aswan International,"Aswan, Egypt",Egypt,,23.96444444,32.82138889,1
10388,ASX,John F Kennedy Memorial,"Ashland, WI",United States,Wisconsin,46.54861111,-90.91888889,1
10389,ASY,Ashley Municipal,"Ashley, ND",United States,North Dakota,46.02305556,-99.35277778,1
10390,ATA,Anta Huaraz,"Anta, Peru",Peru,,-9.34722222,-77.6,1
10391,ATB,Atbara Airport,"Atbara, Sudan",Sudan,,17.70972222,34.05722222,1
10392,ATC,Arthur's Town Airport,"Arthur's Town, The Bahamas",The Bahamas,,24.62944444,-75.67388889,1
10393,ATE,Antlers Municipal,"Antlers, OK",United States,Oklahoma,34.1925,-95.65,1
10394,ATH,Eleftherios Venizelos International,"Athens, Greece",Greece,,37.93666667,23.94444444,1
10395,ATI,Artigas International,"Artigas, Uruguay",Uruguay,,-30.40083333,-56.50777778,1
10396,ATK,Atqasuk Edward Burnell Sr. Memorial,"Atqasuk, AK",United States,Alaska,70.46722222,-157.43555556,1
10397,ATL,Hartsfield-Jackson Atlanta International,"Atlanta, GA",United States,Georgia,33.63666667,-84.42805556,1
10398,ATM,Altamira Airport,"Altamira, Brazil",Brazil,,-3.25305556,-52.25388889,1
10399,ATN,Namatanai Airport,"Namatanai, Papua New Guinea",Papua New Guinea,,-3.66972222,152.43805556,1
10400,ATO,Ohio University,"Athens, OH",United States,Ohio,39.21194444,-82.22916667,1
10401,ATP,Aitape Airport,"Aitape, Papua New Guinea",Papua New Guinea,,-3.1425,142.34666667,1
10402,ATQ,Amritsar International,"Amritsar, India",India,,31.71138889,74.79638889,1
10403,ATR,Atar Airport,"Atar, Mauritania",Mauritania,,20.50666667,-13.04305556,1
10404,ATS,Artesia Municipal,"Artesia, NM",United States,New Mexico,32.85194444,-104.4675,1
10405,ATT,Atmautluak Airport,"Atmautluak, AK",United States,Alaska,60.86777778,-162.27416667,1
10406,ATU,Casco Cove CGS,"Attu, AK",United States,Alaska,52.8325,173.17555556,1
10407,ATV,Ati Airport,"Ati, Chad",Chad,,13.23972222,18.31555556,1
10408,ATW,Appleton International,"Appleton, WI",United States,Wisconsin,44.25805556,-88.51916667,1
10409,ATY,Watertown Regional,"Watertown, SD",United States,South Dakota,44.91388889,-97.15472222,1
10410,ATZ,Assiut Airport,"Assiut, Egypt",Egypt,,27.04638889,31.07861111,1
10411,AUA,Reina Beatrix International,"Aruba, Aruba",Aruba,,12.50138889,-70.01555556,1
10412,AUC,Santiago Perez,"Arauca, Colombia",Colombia,,7.06888889,-70.73694444,1
10413,AUD,Augustus Downs Airport,"Augustus Downs, Australia",Australia,,-18.51555556,139.87861111,1
10414,AUG,Augusta State,"Augusta/Waterville, ME",United States,Maine,44.31777778,-69.79666667,1
10415,AUH,Zayed International,"Abu Dhabi, United Arab Emirates",United Arab Emirates,,24.44333333,54.65277778,1
10416,AUK,Alakanuk Airport,"Alakanuk, AK",United States,Alaska,62.68305556,-164.72222222,1
10417,AUM,Austin Municipal,"Austin/Albert Lea, MN",United States,Minnesota,43.66277778,-92.93305556,1
10418,AUN,Auburn Municipal,"Auburn, CA",United States,California,38.95472222,-121.08166667,1
10419,AUO,Auburn University Regional,"Auburn, AL",United States,Alabama,32.61916667,-85.43611111,1
10420,AUP,Aguan Papua N.G.,"Aguan, Papua New Guinea",Papua New Guinea,,-9.91666667,149.33333333,1
10421,AUQ,Hiva Oa/Atuona,"Atuona, French Polynesia",French Polynesia,,-9.76583333,-139.00972222,1
10422,AUR,Aurillac Airport,"Aurillac, France",France,,44.89111111,2.42194444,1
10423,AUS,Austin - Bergstrom International,"Austin, TX",United States,Texas,30.19444444,-97.67,1
10424,AUW,Wausau Downtown,"Wausau, WI",United States,Wisconsin,44.92638889,-89.62694444,1
10425,AUX,Araguaina Airport,"Araguaina, Brazil",Brazil,,-7.22777778,-48.24055556,1
10426,AUY,Aneityum Airport,"Aneityum, Vanuatu",Vanuatu,,-20.24944444,169.77083333,1
10427,AUZ,Aurora Municipal,"Aurora, IL",United States,Illinois,41.77194444,-88.47527778,1
10428,AVB,Aviano AB,"Aviano, Italy",Italy,,46.03111111,12.59638889,1
10430,AVI,Maximo Gomez,"Ciego de Avila, Cuba",Cuba,,22.02694444,-78.78944444,1
10431,AVL,Asheville Regional,"Asheville, NC",United States,North Carolina,35.43611111,-82.54194444,1
10432,AVN,Avignon Caumont,"Avignon, France",France,,43.90722222,4.90194444,1
10433,AVO,Avon Park Executive,"Avon Park, FL",United States,Florida,27.59138889,-81.52888889,1
10434,AVP,Wilkes Barre Scranton International,"Scranton/Wilkes-Barre, PA",United States,Pennsylvania,41.34027778,-75.72166667,1
10435,AVV,Avalon Airport,"Avalon, Australia",Australia,,-38.04083333,144.46722222,1
10436,AVW,Marana Regional,"Tucson, AZ",United States,Arizona,32.40944444,-111.21833333,1
10437,AVX,Catalina,"Avalon, CA",United States,California,33.405,-118.41583333,1
10438,AWA,Lake Awasa,"Awasa, Ethiopia",Ethiopia,,7.06666667,38.49055556,1
10439,AWK,Wake Island Airfield,"Wake Island, TT",United States,U.S. Pacific Trust Territories and Possessions,19.2825,166.63666667,1
10440,AWM,West Memphis Municipal,"West Memphis, AR",United States,Arkansas,35.135,-90.23444444,1
10441,AWR,Awar Airport,"Awar, Papua New Guinea",Papua New Guinea,,-4.12416667,144.87027778,1
10442,AWX,Andrews County,"Andrews, TX",United States,Texas,32.33083333,-102.52972222,1
10443,AWZ,Ahwaz Airport,"Ahwaz, Iran",Iran,,31.3375,48.76194444,1
10444,AXA,Clayton J Lloyd,"The Valley, Anguilla",Anguilla,,18.20472222,-63.05388889,1
10445,AXB,Maxson Airfield,"Alexandria Bay, NY",United States,New York,44.31666667,-75.89972222,1
10446,AXC,Aramac Airport,"Aramac, Australia",Australia,,-22.96333333,145.25166667,1
10447,AXD,Dimokritos,"Alexandroupolis, Greece",Greece,,40.85583333,25.95611111,1
10448,AXM,El Eden,"Armenia, Colombia",Colombia,,4.45083333,-75.76666667,1
10449,AXN,Alexandria Regional Chandler Field,"Alexandria, MN",United States,Minnesota,45.86638889,-95.39472222,1
10450,AXP,Spring Point Airport,"Spring Point, The Bahamas",The Bahamas,,22.44194444,-73.97055556,1
10451,AXS,Altus/Quartz Mountain Regional,"Altus, OK",United States,Oklahoma,34.69888889,-99.33833333,1
10452,AXT,Akita Airport,"Akita, Japan",Japan,,39.61555556,140.21861111,1
10453,AXU,Axum Atse Yohannes IV,"Axum, Ethiopia",Ethiopia,,14.14694444,38.7725,1
10454,AXV,Neil Armstrong,"Wapakoneta, OH",United States,Ohio,40.49361111,-84.29805556,1
10455,AXX,Angel Fire,"Eagle Nest, NM",United States,New Mexico,36.42194444,-105.29,1
10456,AYL,Anthony Lagoon Airport,"Anthony Lagoon, Australia",Australia,,-18.01666667,135.55,1
10457,AYP,Coronel FAP Alfredo Mendivil Duarte,"Ayacucho, Peru",Peru,,-13.15472222,-74.20444444,1
10458,AYQ,Ayers Rock Connellan,"Ayers Rock, Australia",Australia,,-25.18555556,130.97666667,1
10459,AYR,Ayr Airport,"Ayr, Australia",Australia,,-19.59305556,147.32416667,1
10460,AYS,Waycross-Ware County,"Waycross, GA",United States,Georgia,31.24833333,-82.39527778,1
10461,AYT,Antalya Airport,"Antalya, Turkey",Turkey,,36.89972222,30.7975,1
10462,AYW,Ayawasi Airport,"Ayawasi, Indonesia",Indonesia,,-1.15972222,132.46416667,1
10463,AZ1,Valle,"Grand Canyon, AZ",United States,Arizona,35.65055556,-112.14805556,1
10464,AZ2,H. A. Clark Memorial Field,"Williams, AZ",United States,Arizona,35.30555556,-112.19444444,1
10465,AZ3,Glendale Regional,"Glendale, AZ",United States,Arizona,33.52694444,-112.29527778,1
10466,AZA,Mesa Gateway,"Phoenix, AZ",United States,Arizona,33.30777778,-111.65527778,1
10467,AZD,Shahid Sadooghi International,"Yazd, Iran",Iran,,31.905,54.27638889,1
10468,AZG,Pablo L. Sidar,"Apatzingan, Mexico",Mexico,,19.09361111,-102.39361111,1
10469,AZO,Kalamazoo/Battle Creek International,"Kalamazoo, MI",United States,Michigan,42.23583333,-85.55388889,1
10470,AZS,El Catey International,"Samana, Dominican Republic",Dominican Republic,,19.26944444,-69.73694444,1
10471,B19,Biddeford Municipal,"Biddeford, ME",United States,Maine,43.46416667,-70.4725,1
10472,B21,Sugarloaf Regional,"Carrabassett, ME",United States,Maine,45.08527778,-70.21638889,1
10473,BAA,Bialla Airport,"Bialla, Papua New Guinea",Papua New Guinea,,-5.33055556,151.00805556,1
10474,BAB,Beale AFB,"Marysville, CA",United States,California,39.13611111,-121.43666667,1
10475,BAC,Barranca de Upia Airport,"Barranca de Upia, Colombia",Colombia,,4.56916667,-72.96722222,1
10476,BAD,Barksdale AFB,"Shreveport, LA",United States,Louisiana,32.50194444,-93.6625,1
10477,BAE,Barcelonnette Airport,"Barcelonnette, France",France,,44.38333333,6.63333333,1
10478,BAF,Westfield Barnes Regional,"Westfield, MA",United States,Massachusetts,42.15805556,-72.71583333,1
10479,BAG,Baguio Airport,"Baguio, Philippines",Philippines,,16.375,120.62,1
10480,BAH,Bahrain International,"Manama, Bahrain",Bahrain,,26.26777778,50.63694444,1
10481,BAI,Buenos Aires Airport,"Buenos Aires, Costa Rica",Costa Rica,,9.16333333,-83.33027778,1
10482,GYD,Heydar Aliyev International,"Baku, Azerbaijan",Azerbaijan,,40.47222222,50.04944444,1
10483,BAL,Batman Airport,"Batman, Turkey",Turkey,,37.92888889,41.11666667,1
10484,BAM,Battle Mountain Airport,"Battle Mountain, NV",United States,Nevada,40.59972222,-116.87611111,1
10485,BAO,Udorn AB,"Ban Mak Khaeng, Thailand",Thailand,,17.38305556,102.8,1
10486,BAQ,Ernesto Cortissoz,"Barranquilla, Colombia",Colombia,,10.88972222,-74.78083333,1
10487,BAR,Baker AAF,"Baker Island, AK",United States,Alaska,55.36666667,-133.6,1
10488,BAT,Barth Airport,"Barth, East Germany",East Germany,,54.33888889,12.71138889,1
10489,BAU,Bauru-Arealva,"Bauru, Brazil",Brazil,,-22.16111111,-49.07027778,1
10490,BAV,Donghe,"Baotou, China",China,,40.55944444,109.99861111,1
10491,BAX,Mikhaylovka,"Barnaul, Russia",Russia,,53.36333333,83.53972222,1
10492,BAY,Maramures,"Baia Mare, Romania",Romania,,47.65861111,23.46388889,1
10493,BBA,Balmaceda Airport,"Balmaceda, Chile",Chile,,-45.91611111,-71.68944444,1
10494,BBC,Bay City Regional,"Bay City, TX",United States,Texas,28.97333333,-95.86333333,1
10495,BBF,N Eng Heliport,"Burlington, MA",United States,Massachusetts,42.50833333,-71.18333333,1
10497,BBI,Biju Patnaik International,"Bhubaneswar, India",India,,20.25083333,85.81277778,1
10498,BBO,Berbera International,"Berbera, Somalia",Somalia,,10.38444444,44.93611111,1
10499,BBQ,Cocoa Point,"Barbuda, Antigua and Barbuda",Antigua and Barbuda,,17.55555556,-61.765,1
10500,BBR,Baillif,"Basse Terre, Guadeloupe",Guadeloupe,,16.01361111,-61.74305556,1
10501,BBS,Blackbushe Airport,"Blackbushe, United Kingdom",United Kingdom,,51.32388889,-0.84777778,1
10502,BBT,Berberati Airport,"Berberati, Central African Republic",Central African Republic,,4.22166667,15.78638889,1
10503,BBU,Baneasa Aurel Vlaicu,"Bucharest, Romania",Romania,,44.50333333,26.10277778,1
10504,BBX,Wings Field,"Blue Bell, PA",United States,Pennsylvania,40.1375,-75.26527778,1
10505,BBY,Bambari Airport,"Bambari, Central African Republic",Central African Republic,,5.84722222,20.64972222,1
10506,BBZ,Zambezi Airport,"Zambezi, Zambia",Zambia,,-13.5375,23.10777778,1
10507,BCA,Gustavo Rizo,"Baracoa, Cuba",Cuba,,20.36527778,-74.50611111,1
10508,BCB,Virginia Tech Montgomery Exec,"Blacksburg, VA",United States,Virginia,37.20944444,-80.41222222,1
10509,BCC,Bear Creek Airport,"Bear Creek, AK",United States,Alaska,57.6175,-155.86722222,1
10510,BCD,Bacolod Airport,"Bacolod, Philippines",Philippines,,10.6425,122.92972222,1
10511,BCE,Bryce Canyon Airport,"Bryce Canyon, UT",United States,Utah,37.70638889,-112.14583333,1
10512,BCH,Baucau Airport,"Baucau, Timor-Leste",Timor-Leste,,-8.48555556,126.39944444,1
10513,BCI,Barcaldine Airport,"Barcaldine, Australia",Australia,,-23.56527778,145.30666667,1
10514,BCJ,Baca Grande,"Crestone, CO",United States,Colorado,37.96666667,-105.76666667,1
10515,BCL,Barra del Colorado Airport,"Barra del Colorado, Costa Rica",Costa Rica,,10.76861111,-83.58555556,1
10516,BCM,George Enescu Bacau International,"Bacau, Romania",Romania,,46.52194444,26.91027778,1
10517,BCN,Barcelona Airport,"Barcelona, Spain",Spain,,41.295,2.08777778,1
10518,BCS,Southern Seaplane,"Belle Chasse, LA",United States,Louisiana,29.86611111,-90.02222222,1
10519,BCT,Boca Raton Public,"Boca Raton, FL",United States,Florida,26.37083333,-80.10833333,1
10520,BCY,Bulchi Airport,"Bulchi, Ethiopia",Ethiopia,,6.29222222,36.88722222,1
10521,BDA,L. F. Wade International,"Hamilton, Bermuda",Bermuda,,32.36388889,-64.67777778,1
10522,BDB,Bundaberg Airport,"Bundaberg, Australia",Australia,,-24.90361111,152.32166667,1
10523,BDE,Baudette International,"Baudette, MN",United States,Minnesota,48.73027778,-94.61111111,1
10524,BDG,Blanding Municipal,"Blanding, UT",United States,Utah,37.58333333,-109.48333333,1
10525,BDH,Bandar Lengeh Airport,"Bandar Lengeh, Iran",Iran,,26.53222222,54.82472222,1
10526,BDI,Bird Island Airport,"Bird Island, Seychelles",Seychelles,,-3.72416667,55.20555556,1
10527,BDJ,Syamsudin Noor,"Bandjarmasin, Indonesia",Indonesia,,-3.44222222,114.76277778,1
10528,BDK,Bondoukou/Soko,"Bondoukou, Cote d'Ivoire",Cote d'Ivoire,,8.0175,-2.76222222,1
10529,BDL,Bradley International,"Hartford, CT",United States,Connecticut,41.93916667,-72.68444444,1
10530,BDM,Bandirma Airport,"Bandirma, Turkey",Turkey,,40.31805556,27.97777778,1
10531,BDN,Talhar,"Badin, Pakistan",Pakistan,,24.84194444,68.83833333,1
10532,BDO,Husein Sastranegara,"Bandung, Indonesia",Indonesia,,-6.90055556,107.57611111,1
10533,BDP,Chandragadhi,"Bhadrapur/Chandragadhi, Nepal",Nepal,,26.57083333,88.07888889,1
10534,BDQ,Vadodara Airport,"Vadodara, India",India,,22.33611111,73.22638889,1
10535,BDR,Bridgeport Sikorsky,"Bridgeport, CT",United States,Connecticut,41.16361111,-73.12611111,1
10536,BDS,Brindisi Airport,"Brindisi, Italy",Italy,,40.65833333,17.94694444,1
10537,BDU,Bardufoss Airport,"Bardufoss, Norway",Norway,,69.05583333,18.53888889,1
10538,BDY,Bandon State,"Bandon, OR",United States,Oregon,43.08638889,-124.40777778,1
10539,BEB,Benbecula Airport,"Benbecula, United Kingdom",United Kingdom,,57.48111111,-7.3625,1
10540,BED,Laurence G Hanscom Field,"Bedford, MA",United States,Massachusetts,42.47083333,-71.28944444,1
10541,BEF,Bluefields Airport,"Bluefields, Nicaragua",Nicaragua,,11.99083333,-83.77416667,1
10542,BEG,Beograd,"Belgrade, Serbia",Serbia,,44.8175,20.30888889,1
10543,BEH,Southwest Michigan Regional,"Benton Harbor/St. Joseph, MI",United States,Michigan,42.12833333,-86.425,1
10544,BEI,Beica Airport,"Beica, Ethiopia",Ethiopia,,9.39138889,34.51944444,1
10545,BEL,Val de Cans Julio Cezar Ribeiro International,"Belem, Brazil",Brazil,,-1.37916667,-48.47611111,1
10547,BEN,Benina International,"Benghazi, Libya",Libya,,32.09611111,20.26805556,1
10548,BEO,Lake Macquarie,"Newcastle, Australia",Australia,,-33.06583333,151.64638889,1
10549,BER,Berlin Metropolitan Area,"Berlin, Germany",Germany,,52.51166667,13.40138889,1
10550,BES,Brest Bretagne,"Brest, France",France,,48.44944444,-4.41694444,1
10551,BET,Bethel Airport,"Bethel, AK",United States,Alaska,60.77861111,-161.83722222,1
10552,BEU,Bedourie North,"Bedourie, Australia",Australia,,-24.23,139.445,1
10553,BEV,Teyman,"Beersheba, Israel",Israel,,31.28694444,34.72277778,1
10554,BEW,Beira Airport,"Beira, Mozambique",Mozambique,,-19.79638889,34.90777778,1
10555,BEY,Rafic Hariri International,"Beirut, Lebanon",Lebanon,,33.82055556,35.48777778,1
10556,BFB,Blue Fox Bay Airport,"Blue Fox Bay, AK",United States,Alaska,58.18333333,-152.13333333,1
10557,BFD,Bradford Regional,"Bradford, PA",United States,Pennsylvania,41.80305556,-78.64,1
10558,BFF,Scottsbluff W Neb Regional Wm B Heilig Field,"Scottsbluff, NE",United States,Nebraska,41.87416667,-103.59555556,1
10559,BFI,Boeing Field/King County International,"Seattle, WA",United States,Washington,47.53,-122.30194444,1
10560,BFK,Buckley Sfb,"Aurora, CO",United States,Colorado,39.70166667,-104.75166667,1
10561,BFL,Meadows Field,"Bakersfield, CA",United States,California,35.43361111,-119.0575,1
10562,BFM,Mobile International,"Mobile, AL",United States,Alabama,30.61916667,-88.06583333,1
10563,BFN,Bram Fischer International,"Bloemfontein, South Africa",South Africa,,-29.09277778,26.3025,1
10564,BFO,Buffalo Range Airport,"Buffalo Range, Zimbabwe",Zimbabwe,,-21.00805556,31.57861111,1
10565,BFP,Beaver County,"Beaver Falls, PA",United States,Pennsylvania,40.7725,-80.39138889,1
10566,BFQ,Bahia de Pinas Airport,"Bahia de Pinas, Panama",Panama,,7.58333333,-78.2,1
10567,BFR,Virgil I Grissom Municipal,"Bedford, IN",United States,Indiana,38.84,-86.44527778,1
10568,BFS,Belfast Aldergrove,"Belfast, United Kingdom",United Kingdom,,54.65444444,-6.22666667,1
10569,BFT,Beaufort Executive,"Beaufort, SC",United States,South Carolina,32.41222222,-80.63444444,1
10570,BGA,Palonegro,"Bucaramanga, Colombia",Colombia,,7.12638889,-73.18472222,1
10571,BGB,Booue Airport,"Booue, Gabon",Gabon,,-0.1075,11.94361111,1
10572,BGD,Hutchinson County,"Borger, TX",United States,Texas,35.70083333,-101.39361111,1
10573,BGE,Decatur County Industrial Air Park,"Bainbridge, GA",United States,Georgia,30.97166667,-84.63694444,1
10574,BGF,Bangui-M'Poko,"Bangui, Central African Republic",Central African Republic,,4.39944444,18.51944444,1
10575,BGI,Grantley Adams International,"Barbados/Bridgetown, Barbados",Barbados,,13.07472222,-59.49222222,1
10576,BGL,Baglung Airport,"Baglung, Nepal",Nepal,,28.21361111,83.66611111,1
10577,BGM,Greater Binghamton/Edwin A. Link Field,"Binghamton, NY",United States,New York,42.20833333,-75.97972222,1
10578,BGN,Bruggen Airport,"Bruggen, Germany",Germany,,51.19888889,6.13222222,1
10579,BGO,Bergen Airport,"Bergen, Norway",Norway,,60.29333333,5.21805556,1
10580,BGQ,Big Lake Airport,"Big Lake, AK",United States,Alaska,61.53472222,-149.8125,1
10581,BGR,Bangor International,"Bangor, ME",United States,Maine,44.8075,-68.82805556,1
10582,BGS,Big Spring McMahon-Wrinkle,"Big Spring, TX",United States,Texas,32.2125,-101.52166667,1
10583,BGT,Bagdad Airport,"Bagdad, AZ",United States,Arizona,34.59277778,-113.17194444,1
10584,BGU,Bangassou Airport,"Bangassou, Central African Republic",Central African Republic,,4.78583333,22.7825,1
10585,BGW,Al Muthana,"Baghdad, Iraq",Iraq,,33.33277778,44.36388889,1
10586,BGX,Comandante Gustavo Kraemer,"Bage, Brazil",Brazil,,-31.39055556,-54.11194444,1
10587,BGY,Bergamo Orio Al Serio,"Bergamo, Italy",Italy,,45.66777778,9.7075,1
10588,BH1,Isa AB,"Shaikh Isa, Bahrain",Bahrain,,25.91833333,50.59055556,1
10589,BHB,Hancock County-Bar Harbor,"Bar Harbor, ME",United States,Maine,44.45222222,-68.36194444,1
10590,IFP,Laughlin/Bullhead International,"Bullhead City, AZ",United States,Arizona,35.15472222,-114.55944444,1
10591,BHD,Belfast City,"Belfast, United Kingdom",United Kingdom,,54.61805556,-5.8725,1
10592,BHE,Woodbourne,"Blenheim, New Zealand",New Zealand,,-41.51777778,173.86944444,1
10593,BHG,Araslaya,"Brus Laguna, Honduras",Honduras,,15.73555556,-84.54277778,1
10594,BHH,Bisha Airport,"Bisha, Saudi Arabia",Saudi Arabia,,19.98416667,42.62305556,1
10595,BHI,Comandante Espora,"Bahia Blanca, Argentina",Argentina,,-38.72555556,-62.16888889,1
10596,BHJ,Bhuj Airport,"Bhuj, India",India,,23.28888889,69.67138889,1
10597,BHK,Bukhara International,"Bukhara, Uzbekistan",Uzbekistan,,39.77527778,64.48222222,1
10598,BHL,Bahia de Los Angeles North,"Bahia de Los Angeles, Mexico",Mexico,,28.97666667,-113.56027778,1
10599,BHM,Birmingham-Shuttlesworth International,"Birmingham, AL",United States,Alabama,33.56388889,-86.75222222,1
10600,BHN,Beihan Airport,"Beihan, Yemen",Yemen,,14.78222222,45.72027778,1
10601,BHO,Raja Bhoj,"Bhopal, India",India,,23.28888889,77.33,1
10602,BHQ,Broken Hill Airport,"Broken Hill, Australia",Australia,,-32.00277778,141.47083333,1
10603,BHR,Bharatpur Airport,"Bharatpur, Nepal",Nepal,,27.67694444,84.42833333,1
10604,BHS,Bathurst Airport,"Bathurst, Australia",Australia,,-33.40666667,149.65111111,1
10605,BHT,Brighton Downs Airport,"Brighton Downs, Australia",Australia,,-23.35,141.55,1
10606,BHU,Bhavnagar Airport,"Bhavnagar, India",India,,21.75222222,72.18555556,1
10607,BHV,Bahawalpur International,"Bahawalpur, Pakistan",Pakistan,,29.34694444,71.71138889,1
10608,BHX,Birmingham Airport,"Birmingham, United Kingdom",United Kingdom,,52.45416667,-1.74861111,1
10609,BHY,Beihai Airport,"Beihai, China",China,,21.53944444,109.29388889,1
10610,BHZ,Belo Horizonte Metropolitan Area,"Belo Horizonte, Brazil",Brazil,,-19.91666667,-43.93333333,1
10611,BIA,Bastia Poretta,"Bastia, France",France,,42.5525,9.48361111,1
10612,BIC,Big Creek Airport,"Big Creek, AK",United States,Alaska,57.66666667,-157.58333333,1
10613,BID,Block Island State,"Block Island, RI",United States,Rhode Island,41.16805556,-71.57777778,1
10614,BIE,Beatrice Municipal,"Beatrice, NE",United States,Nebraska,40.30138889,-96.75416667,1
10615,BIF,Biggs AAF,"El Paso, TX",United States,Texas,31.84944444,-106.38,1
10616,BIG,Allen AAF,"Big Delta, AK",United States,Alaska,63.99527778,-145.72027778,1
10617,BIH,Bishop Airport,"Bishop, CA",United States,California,37.37305556,-118.36361111,1
10618,BII,Bikini Atoll Airport,"Bikini Atoll, Marshall Islands",Marshall Islands,,11.52166667,165.56444444,1
10619,BIK,Manuhua,"Biak, Indonesia",Indonesia,,-1.18666667,136.08555556,1
10620,BIL,Billings Logan International,"Billings, MT",United States,Montana,45.80777778,-108.54361111,1
10621,BIM,Bimini International,"Bimini, The Bahamas",The Bahamas,,25.69944444,-79.26555556,1
10622,BIN,Bamyan Airport,"Bamyan, Afghanistan",Afghanistan,,34.80916667,67.8175,1
10623,BIO,Bilbao Airport,"Bilbao, Spain",Spain,,43.30166667,-2.9175,1
10624,BIP,Bulimba Airport,"Bulimba, Australia",Australia,,-16.88305556,143.48138889,1
10625,BIQ,Biarritz Pays Basque,"Biarritz, France",France,,43.46833333,-1.52333333,1
10626,BIR,Biratnagar Airport,"Biratnagar, Nepal",Nepal,,26.48222222,87.26361111,1
10627,BIS,Bismarck Municipal,"Bismarck/Mandan, ND",United States,North Dakota,46.76861111,-100.74138889,1
10628,BIV,Bria Airport,"Bria, Central African Republic",Central African Republic,,6.52833333,21.98888889,1
10629,BIX,Keesler AFB,"Biloxi, MS",United States,Mississippi,30.41055556,-88.92444444,1
10630,BJC,Rocky Mountain Metro,"Broomfield, CO",United States,Colorado,39.90888889,-105.11694444,1
10631,BJI,Bemidji Regional,"Bemidji, MN",United States,Minnesota,47.51083333,-94.93472222,1
10632,BJJ,Wayne County,"Wooster, OH",United States,Ohio,40.87472222,-81.88833333,1
10633,BJL,Banjul International,"Banjul, The Gambia",The Gambia,,13.33777778,-16.65222222,1
10634,BJM,Bujumbura International,"Bujumbura, Burundi",Burundi,,-3.32388889,29.31861111,1
10635,BJR,Bahir Dar Ginbot Haya International,"Bahir Dar, Ethiopia",Ethiopia,,11.60611111,37.31944444,1
10636,BJU,Bajura Airport,"Bajura, Nepal",Nepal,,29.50277778,81.66833333,1
10637,BJV,Imsik,"Bodrum, Turkey",Turkey,,37.14,27.66944444,1
10638,BJX,Leon International,"Leon/Guanajuato, Mexico",Mexico,,20.99333333,-101.48083333,1
10639,BJZ,Badajoz Airport,"Badajoz, Spain",Spain,,38.89138889,-6.82138889,1
10640,BKC,Buckland Airport,"Buckland, AK",United States,Alaska,65.98166667,-161.14916667,1
10641,BKE,Baker City Municipal,"Baker, OR",United States,Oregon,44.83722222,-117.80916667,1
10642,BKF,Brooks Lake Airport,"Brooks Lake, AK",United States,Alaska,58.6,-156.23333333,1
10643,BKG,Branson Airport,"Branson, MO",United States,Missouri,36.53194444,-93.20055556,1
10644,BKH,Barking Sands PMRF,"Kekaha, Kauai, HI",United States,Hawaii,22.02277778,-159.785,1
10645,BKI,Kota Kinabalu International,"Kota Kinabalu, Malaysia",Malaysia,,5.93388889,116.04972222,1
10646,DMK,Don Mueang International,"Bangkok, Thailand",Thailand,,13.9125,100.60666667,1
10647,BKL,Burke Lakefront,"Cleveland, OH",United States,Ohio,41.51777778,-81.68277778,1
10648,BKM,Bakelalan Airport,"Bakelalan, Malaysia",Malaysia,,3.97361111,115.61722222,1
10650,BKO,President Modibo Keita,"Bamako, Mali",Mali,,12.53777778,-7.94333333,1
10651,BKQ,Blackall Airport,"Blackall, Australia",Australia,,-24.43194444,145.42861111,1
10652,BKS,Fatmawati Soekarno,"Bengkulu, Indonesia",Indonesia,,-3.86388889,102.33916667,1
10653,BKU,Betioky Airport,"Betioky, Madagascar",Madagascar,,-23.73361111,44.39083333,1
10654,BKW,Raleigh County Memorial,"Beckley, WV",United States,West Virginia,37.78722222,-81.12416667,1
10655,BKX,Brookings Regional,"Brookings, SD",United States,South Dakota,44.30444444,-96.81888889,1
10656,BKY,Bukavu Kavumu,"Bukavu, Congo (Kinshasa)",Congo (Kinshasa),,-2.30888889,28.80888889,1
10657,BKZ,Bukoba Airport,"Bukoba, Tanzania",Tanzania,,-1.33138889,31.82055556,1
10658,BLA,Gd Jose Antonio Anzoategui International,"Barcelona, Venezuela",Venezuela,,10.10722222,-64.68916667,1
10659,BLB,Albrook AFB,"Balboa, Panama",Panama,,8.97083333,-79.55638889,1
10660,BLC,Bali Airport,"Bali, Cameroon",Cameroon,,5.89166667,10.025,1
10661,BLD,Boulder City Municipal,"Boulder City, NV",United States,Nevada,35.94722222,-114.86111111,1
10662,BLE,Borlange Airport,"Borlange, Sweden",Sweden,,60.42222222,15.51527778,1
10663,BLF,Mercer County,"Princeton/Bluefield, WV",United States,West Virginia,37.29583333,-81.2075,1
10664,BLG,Belaga Airport,"Belaga, Malaysia",Malaysia,,2.63611111,113.76055556,1
10665,BLH,Blythe Airport,"Blythe, CA",United States,California,33.61944444,-114.71694444,1
10666,BLI,Bellingham International,"Bellingham, WA",United States,Washington,48.79277778,-122.5375,1
10667,BLJ,Mostepha Ben Boulaid,"Batna, Algeria",Algeria,,35.75194444,6.30944444,1
10668,BLK,Blackpool Airport,"Blackpool, United Kingdom",United Kingdom,,53.77194444,-3.03833333,1
10669,BLL,Billund Airport,"Billund, Denmark",Denmark,,55.74055556,9.15694444,1
10670,BLM,Monmouth Executive,"Belmar/Farmingdale, NJ",United States,New Jersey,40.18666667,-74.12444444,1
10671,BLO,Blonduos Airport,"Blonduos, Iceland",Iceland,,65.64555556,-20.28722222,1
10672,BLP,Bellavista 1,"Bellavista, Peru",Peru,,-7.06027778,-76.58222222,1
10673,BLQ,Bologna Airport,"Bologna, Italy",Italy,,44.53555556,11.28861111,1
10674,BLR,Kempegowda International,"Bangalore, India",India,,13.19833333,77.70638889,1
10675,BLT,Blackwater Airport,"Blackwater, Australia",Australia,,-23.60472222,148.80583333,1
10676,BLV,Scott AFB MidAmerica St Louis,"Belleville, IL",United States,Illinois,38.54527778,-89.83527778,1
10677,BLZ,Chileka International,"Blantyre, Malawi",Malawi,,-15.67888889,34.97388889,1
10678,BMA,Bromma,"Stockholm, Sweden",Sweden,,59.35444444,17.94166667,1
10679,BMB,Bumba Airport,"Bumba, Congo (Kinshasa)",Congo (Kinshasa),,2.18333333,22.47944444,1
10680,BMC,Brigham City Regional,"Brigham City, UT",United States,Utah,41.55444444,-112.06222222,1
10681,BMD,Belo Sur Tsiribihina,"Belo, Madagascar",Madagascar,,-19.68666667,44.5425,1
10682,BME,Broome International,"Broome, Australia",Australia,,-17.94861111,122.22694444,1
10683,BMG,Monroe County,"Bloomington, IN",United States,Indiana,39.14111111,-86.615,1
10684,BMH,Bomai Airport,"Bomai, Papua New Guinea",Papua New Guinea,,-6.37472222,144.63555556,1
10685,BMI,Central Il Regional Airport at Bloomington,"Bloomington/Normal, IL",United States,Illinois,40.47777778,-88.91027778,1
10686,BMJ,Baramita Airport,"Baramita, Guyana",Guyana,,7.37083333,-60.48972222,1
10687,BML,Berlin Regional,"Berlin, NH",United States,New Hampshire,44.57527778,-71.17583333,1
10688,BMM,Bitam Airport,"Bitam, Gabon",Gabon,,2.07722222,11.49222222,1
10689,BMO,Banmaw,"Bhamo, Burma",Burma,,24.27083333,97.24722222,1
10690,BMP,Brampton Island Airport,"Brampton Island, Australia",Australia,,-20.80333333,149.27,1
10691,BMW,Bordj Mokhtar,"Bordj Badji Mokhtar, Algeria",Algeria,,21.37805556,0.9275,1
10692,BMX,Big Mountain AFS,"Big Mountain, AK",United States,Alaska,59.36222222,-155.25972222,1
10693,BNA,Nashville International,"Nashville, TN",United States,Tennessee,36.12388889,-86.67777778,1
10694,BNB,Boende Airport,"Boende, Congo (Kinshasa)",Congo (Kinshasa),,-0.28666667,20.88333333,1
10695,BND,Bandar Abbas International,"Bandar Abbas, Iran",Iran,,27.21833333,56.37777778,1
10696,BNE,Brisbane International,"Brisbane, Australia",Australia,,-27.37944444,153.12027778,1
10697,BNF,Warm Spring Bay Seaplane Base,"Baranof, AK",United States,Alaska,57.08916667,-134.83138889,1
10698,BNG,Banning Municipal,"Banning, CA",United States,California,33.9225,-116.85083333,1
10699,BNI,Benin City Airport,"Benin City, Nigeria",Nigeria,,6.32388889,5.60166667,1
10700,BNK,Ballina Byron Gateway,"Ballina, Australia",Australia,,-28.83333333,153.56111111,1
10701,BNL,Barnwell Regional,"Barnwell, SC",United States,South Carolina,33.25777778,-81.38833333,1
10702,BNN,Bronnoysund Airport,"Bronnoysund, Norway",Norway,,65.46111111,12.2175,1
10703,BNO,Burns Municipal,"Burns, OR",United States,Oregon,43.59194444,-118.95555556,1
10704,BNS,Barinas Airport,"Barinas, Venezuela",Venezuela,,8.61972222,-70.22111111,1
10705,BNX,Banja Luka Airport,"Banja Luka, Bosnia and Herzegovina",Bosnia and Herzegovina,,44.94138889,17.2975,1
10706,BNZ,Banz Airport,"Banz, Papua New Guinea",Papua New Guinea,,-5.80833333,144.61138889,1
10707,BOA,Boma Airport,"Boma, Congo (Kinshasa)",Congo (Kinshasa),,-5.85388889,13.06388889,1
10708,BOB,Bora Bora Motu Mute,"Bora Bora, French Polynesia",French Polynesia,,-16.44444444,-151.75138889,1
10709,BOC,Jose Ezequiel Hall,"Bocas del Toro, Panama",Panama,,9.34083333,-82.25083333,1
10710,BOD,Bordeaux Merignac,"Bordeaux, France",France,,44.82861111,-0.71527778,1
10711,BOG,El Dorado International,"Bogota, Colombia",Colombia,,4.70166667,-74.14694444,1
10712,BOH,Bournemouth Airport,"Bournemouth, United Kingdom",United Kingdom,,50.78,-1.8425,1
10713,BOI,Boise Air Terminal,"Boise, ID",United States,Idaho,43.56444444,-116.22277778,1
10714,BOJ,Burgas Airport,"Burgas, Bulgaria",Bulgaria,,42.57,27.51527778,1
10715,BOK,Brookings Airport,"Brookings, OR",United States,Oregon,42.07388889,-124.28972222,1
10716,BOM,Chhatrapati Shivaji Maharaj International,"Mumbai, India",India,,19.08861111,72.86777778,1
10717,BON,Flamingo International,"Bonaire, Bonaire, Sint Eustatius, and Saba","Bonaire, Sint Eustatius, and Saba",,12.13083333,-68.2675,1
10718,BOO,Bodo Airport,"Bodo, Norway",Norway,,67.26916667,14.36583333,1
10719,BOQ,Boku Airport,"Boku, Papua New Guinea",Papua New Guinea,,-6.54305556,155.34305556,1
10720,BOR,Fontaine,"Belfort, France",France,,47.65638889,7.01166667,1
10721,BOS,Logan International,"Boston, MA",United States,Massachusetts,42.36305556,-71.00694444,1
10722,BOW,Bartow Executive,"Bartow, FL",United States,Florida,27.94333333,-81.78333333,1
10723,BOX,Borroloola Airport,"Borroloola, Australia",Australia,,-16.07527778,136.30222222,1
10724,BOY,Bobo Dioulasso Airport,"Bobo Dioulasso, Burkina Faso",Burkina Faso,,11.15972222,-4.33111111,1
10725,BPH,Bislig Airport,"Bislig, Philippines",Philippines,,8.19527778,126.32138889,1
10726,BPN,Sultan Aji Muhammad Sulaiman Sepinggan,"Balikpapan, Indonesia",Indonesia,,-1.26833333,116.89444444,1
10727,BPS,Porto Seguro Airport,"Porto Seguro, Brazil",Brazil,,-16.43861111,-39.08083333,1
10728,BPT,Jack Brooks Regional,"Beaumont/Port Arthur, TX",United States,Texas,29.95333333,-94.02416667,1
10729,BQA,Baler Airport,"Baler, Philippines",Philippines,,15.72972222,121.50027778,1
10730,BQH,Biggin Hill,"London, United Kingdom",United Kingdom,,51.33083333,0.0325,1
10731,BQK,Brunswick Golden Isles,"Brunswick, GA",United States,Georgia,31.25916667,-81.46638889,1
10732,BQN,Rafael Hernandez,"Aguadilla, PR",United States,Puerto Rico,18.49472222,-67.12944444,1
10733,BQS,Ignatyevo,"Blagoveschensk, Russia",Russia,,50.42555556,127.4125,1
10734,BQU,J. F. Mitchell,"Bequia, Saint Vincent and the Grenadines",Saint Vincent and the Grenadines,,12.98861111,-61.26222222,1
10735,BQV,Bartlett Cove Seaplane Base,"Bartlett Cove, AK",United States,Alaska,58.45527778,-135.88527778,1
10736,BR1,Regional de Pato Branco,"Parana, Brazil",Brazil,,-26.21722222,-52.69444444,1
10737,BRA,Dom Ricardo Webererger,"Barreiras, Brazil",Brazil,,-12.07916667,-45.00944444,1
10738,BRC,San Carlos de Bariloche Airport,"San Carlos de Bariloche, Argentina",Argentina,,-41.15111111,-71.15777778,1
10739,BRD,Brainerd Lakes Regional,"Brainerd, MN",United States,Minnesota,46.40416667,-94.13361111,1
10740,BRE,Bremen Airport,"Bremen, Germany",Germany,,53.04694444,8.78972222,1
10741,BRG,Whitesburg Municipal,"Whitesburg, KY",United States,Kentucky,37.11666667,-82.81666667,1
10742,BRI,Bari Airport,"Bari, Italy",Italy,,41.1375,16.75722222,1
10743,BRK,Bourke Airport,"Bourke, Australia",Australia,,-30.04111111,145.94527778,1
10744,BRL,Southeast Iowa Regional,"Burlington, IA",United States,Iowa,40.78305556,-91.12555556,1
10745,BRM,Barquisimeto International,"Barquisimeto, Venezuela",Venezuela,,10.0425,-69.35861111,1
10746,BRN,Bern,"Berne, Switzerland",Switzerland,,46.91333333,7.49805556,1
10747,BRO,Brownsville South Padre Island International,"Brownsville, TX",United States,Texas,25.91083333,-97.42916667,1
10748,BRQ,Turany,"Brno, Czech Republic",Czech Republic,,49.15138889,16.69388889,1
10749,BRR,Barra Airport,"Barra, United Kingdom",United Kingdom,,57.02361111,-7.44166667,1
10750,BRS,Bristol Airport,"Bristol, United Kingdom",United Kingdom,,51.38277778,-2.71916667,1
10751,BRT,Bathurst Island Airport,"Bathurst Island, Australia",Australia,,-11.76444444,130.61555556,1
10752,BRU,Brussels National,"Brussels, Belgium",Belgium,,50.9,4.49277778,1
10753,BRV,Bremerhaven Airport,"Bremerhaven, Germany",Germany,,53.50694444,8.57277778,1
10754,BRW,Wiley Post/Will Rogers Memorial,"Barrow, AK",United States,Alaska,71.28472222,-156.76861111,1
10755,BRX,Barahona Habanero,"Barahona, Dominican Republic",Dominican Republic,,18.25277778,-71.12,1
10756,BRY,Samuels Field,"Bardstown, KY",United States,Kentucky,37.81444444,-85.49972222,1
10757,BSA,Bosaso Airport,"Bosaso, Somalia",Somalia,,11.27527778,49.13583333,1
10758,BSB,Presidente Juscelino Kubitschek International,"Brasilia, Brazil",Brazil,,-15.87111111,-47.91861111,1
10759,BSD,Baoshan Airport,"Baoshan, China",China,,25.05194444,99.1675,1
10760,BSG,Bata Airport,"Bata, Equatorial Guinea",Equatorial Guinea,,1.9025,9.80583333,1
10761,BSK,Mohamed Khider,"Biskra, Algeria",Algeria,,34.79333333,5.73833333,1
10762,BSL,EuroAirport,"Mulhouse, France",France,,47.59,7.52916667,1
10763,BSM,Bergstrom AFB,"Austin, TX",United States,Texas,30.19472222,-97.67666667,1
10764,BSO,Basco Airport,"Basco, Philippines",Philippines,,20.45166667,121.98027778,1
10765,BSQ,Bisbee Municipal,"Bisbee, AZ",United States,Arizona,31.36388889,-109.88305556,1
10766,BSR,Basrah International,"Basra, Iraq",Iraq,,30.54888889,47.6625,1
10767,BSS,Balsas Airport,"Balsas, Brazil",Brazil,,-7.52527778,-46.05333333,1
10768,BSU,Basankusu Airport,"Basankusu, Congo (Kinshasa)",Congo (Kinshasa),,1.22472222,19.78805556,1
10769,BSW,Boswell Bay Airport,"Boswell Bay, AK",United States,Alaska,60.42305556,-146.14583333,1
10770,A2K,Bartletts Airport,"Bartletts, AK",United States,Alaska,58.23305556,-157.36638889,1
10771,BTA,Bertoua Airport,"Bertoua, Cameroon",Cameroon,,4.55,13.72583333,1
10772,BTC,Batticaloa Airport,"Batticaloa, Sri Lanka",Sri Lanka,,7.705,81.67722222,1
10773,BTE,Bonthe Airport,"Bonthe, Sierra Leone",Sierra Leone,,7.5325,-12.51888889,1
10774,BTH,Batu Besar Airport,"Batu Besar, Indonesia",Indonesia,,1.13055556,104.13416667,1
10775,BTI,Barter Island Airport,"Barter Island, AK",United States,Alaska,70.11305556,-143.65361111,1
10776,BTJ,Sultan Iskandar Muda,"Banda Aceh, Indonesia",Indonesia,,5.52583333,95.41972222,1
10777,BTK,Bratsk Airport,"Bratsk, Russia",Russia,,56.37055556,101.69833333,1
10778,BTL,Battle Creek Executive at Kellogg Field,"Battle Creek, MI",United States,Michigan,42.30666667,-85.26527778,1
10779,BTM,Bert Mooney,"Butte, MT",United States,Montana,45.95111111,-112.49555556,1
10780,BTP,Pittsburgh Butler Regional,"Butler, PA",United States,Pennsylvania,40.77666667,-79.95111111,1
10781,BTR,Baton Rouge Metropolitan/Ryan Field,"Baton Rouge, LA",United States,Louisiana,30.53305556,-91.15,1
10782,BTS,M R Stefanik,"Bratislava, Slovakia",Slovakia,,48.17,17.21277778,1
10783,BTT,Bettles Airport,"Bettles, AK",United States,Alaska,66.91388889,-151.52916667,1
10784,BTU,Bintulu Airport,"Bintulu, Malaysia",Malaysia,,3.12416667,113.01972222,1
10785,BTV,Patrick Leahy Burlington International,"Burlington, VT",United States,Vermont,44.47194444,-73.15333333,1
10786,BTY,Beatty Airport,"Beatty, NV",United States,Nevada,36.86111111,-116.78638889,1
10787,BTZ,Bursa Airport,"Bursa, Turkey",Turkey,,40.23333333,29.00555556,1
10788,BUA,Buka,"Buka Islands, Papua New Guinea",Papua New Guinea,,-5.42222222,154.67277778,1
10789,BUC,Burketown Airport,"Burketown, Australia",Australia,,-17.75055556,139.53527778,1
10790,BUD,Budapest Liszt Ferenc International,"Budapest, Hungary",Hungary,,47.43694444,19.25555556,1
10791,BUE,Buenos Aires Metropolitan Area,"Buenos Aires, Argentina",Argentina,,-34.68944444,-58.475,1
10792,BUF,Buffalo Niagara International,"Buffalo, NY",United States,New York,42.94055556,-78.73055556,1
10793,BUG,17 de Setembro,"Benguela, Angola",Angola,,-12.60638889,13.40555556,1
10794,BUH,Bucharest Metropolitan Area,"Bucharest, Romania",Romania,,44.43305556,26.1,1
10795,BUL,Bulolo Airport,"Bulolo, Papua New Guinea",Papua New Guinea,,-7.21583333,146.64944444,1
10796,BUM,Butler Memorial,"Butler, MO",United States,Missouri,38.28972222,-94.34027778,1
10797,BUN,Gerardo Tobar Lopez,"Buenaventura, Colombia",Colombia,,3.81972222,-76.99,1
10798,BUO,Burao Airport,"Burao, Somalia",Somalia,,9.52638889,45.55416667,1
10799,BUQ,J. M. Nkomo International,"Bulawayo, Zimbabwe",Zimbabwe,,-20.01527778,28.62277778,1
10800,BUR,Bob Hope,"Burbank, CA",United States,California,34.20055556,-118.35861111,1
10801,BUS,Batumi Airport,"Batumi, Georgia",Georgia,,41.60972222,41.60027778,1
10802,BUU,Buyo Airport,"Buyo, Cote d'Ivoire",Cote d'Ivoire,,6.26666667,-7.05,1
10803,BUV,Bella Union Airport,"Bella Union, Uruguay",Uruguay,,-30.31972222,-57.55888889,1
10804,BUX,Bunia Airport,"Bunia, Congo (Kinshasa)",Congo (Kinshasa),,1.57166667,30.21277778,1
10805,BUY,Bunbury Airport,"Bunbury, Australia",Australia,,-33.37805556,115.67833333,1
10806,BUZ,Bushehr Airport,"Bushehr, Iran",Iran,,28.94472222,50.83472222,1
10807,BVA,Beauvais Tille,"Beauvais, France",France,,49.45611111,2.11888889,1
10808,BVB,Atlas Brasil Cantanhede,"Boa Vista, Brazil",Brazil,,2.84638889,-60.69,1
10809,BVD,Beaver Inlet Seaport,"Beaver Inlet, AK",United States,Alaska,53.8325,-166.3025,1
10810,BVI,Birdsville Airport,"Birdsville, Australia",Australia,,-25.8975,139.3475,1
10811,BVO,Bartlesville Municipal,"Bartlesville, OK",United States,Oklahoma,36.76333333,-96.01111111,1
10812,BVR,Beaver Island,"St. James, MI",United States,Michigan,45.69222222,-85.56666667,1
10814,BVX,Batesville Regional,"Batesville, AR",United States,Arkansas,35.72611111,-91.6475,1
10815,BVY,Beverly Regional,"Beverly, MA",United States,Massachusetts,42.58416667,-70.91611111,1
10816,BWA,Gautam Buddha,"Bhairawa, Nepal",Nepal,,27.50472222,83.41083333,1
10817,BWD,Brownwood Regional,"Brownwood, TX",United States,Texas,31.79361111,-98.95638889,1
10818,BWE,Braunschweig/Wolfsburg,"Braunschweig, Germany",Germany,,52.31944444,10.55888889,1
10819,BWG,Bowling Green-Warren County Regional,"Bowling Green, KY",United States,Kentucky,36.96444444,-86.41972222,1
10820,BWH,Butterworth Airport,"Butterworth, Malaysia",Malaysia,,5.4675,100.39166667,1
10821,BWI,Baltimore/Washington International Thurgood Marshall,"Baltimore, MD",United States,Maryland,39.17583333,-76.66888889,1
10822,BWJ,Bawan Airport,"Bawan, Papua New Guinea",Papua New Guinea,,-6.39666667,146.88194444,1
10823,BWM,Bowman Municipal,"Bowman, ND",United States,North Dakota,46.18694444,-103.42805556,1
10824,BWN,Brunei International,"Bandar Seri Begawan, Brunei",Brunei,,4.94416667,114.92833333,1
10825,BWS,Blaine Municipal,"Blaine, WA",United States,Washington,48.99,-122.7325,1
10826,BWT,Wynyard,"Burnie, Australia",Australia,,-40.99888889,145.73111111,1
10827,BWY,RAF Bentwaters,"Woodbridge, United Kingdom",United Kingdom,,52.125,1.43333333,1
10828,BXC,Sheraton Inn Heliport,"Boxborough, MA",United States,Massachusetts,42.48472222,-71.54444444,1
10829,BXD,Bade Airport,"Bade, Indonesia",Indonesia,,-7.17611111,139.58333333,1
10830,BXE,Bakel Airport,"Bakel, Senegal",Senegal,,14.84722222,-12.46833333,1
10832,BXS,Borrego Valley,"Borrego Springs, CA",United States,California,33.25916667,-116.32083333,1
10833,BXU,Bancasi,"Butuan, Philippines",Philippines,,8.95138889,125.48388889,1
10834,BYA,Boundary Airport,"Boundary, AK",United States,Alaska,64.07833333,-141.11333333,1
10835,BYC,Yacuiba Airport,"Yacuiba, Bolivia",Bolivia,,-21.96083333,-63.65166667,1
10836,RKH,Rock Hill/York County/Bryant Field,"Rock Hill, SC",United States,South Carolina,34.98777778,-81.05722222,1
10837,BYG,Johnson County,"Buffalo, WY",United States,Wyoming,44.38111111,-106.72194444,1
10838,BYH,Arkansas International,"Blytheville, AR",United States,Arkansas,35.96444444,-89.94388889,1
10839,BYI,Burley Municipal,"Burley/Rupert, ID",United States,Idaho,42.5425,-113.77166667,1
10840,BYK,Bouake Airport,"Bouake, Cote d'Ivoire",Cote d'Ivoire,,7.73888889,-5.07388889,1
10841,MI5,Boyne Mountain,"Boyne Falls, MI",United States,Michigan,45.16583333,-84.92416667,1
10842,BYT,Bantry Airport,"Bantry, Ireland",Ireland,,51.67722222,-9.48722222,1
10843,BYU,Bayreuth Airport,"Bayreuth, Germany",Germany,,49.98472222,11.64,1
10844,BYW,Blakely Island Airport,"Blakely Island, WA",United States,Washington,48.57888889,-122.82638889,1
10845,BZA,Bonanza Airport,"Bonanza, Nicaragua",Nicaragua,,14.03305556,-84.62444444,1
10846,BZE,Philip S. W. Goldson International,"Belize City, Belize",Belize,,17.54,-88.30444444,1
10847,BZG,Bydgoszcz Airport,"Bydgoszcz, Poland",Poland,,53.09666667,17.97777778,1
10848,BZI,Balikesir Airport,"Balikesir, Turkey",Turkey,,39.61916667,27.92472222,1
10849,BZN,Bozeman Yellowstone International,"Bozeman, MT",United States,Montana,45.77722222,-111.15027778,1
10850,BZO,Bolzano Airport,"Bolzano, Italy",Italy,,46.45833333,11.32583333,1
10851,BZR,Beziers Vias,"Beziers, France",France,,43.32333333,3.35472222,1
10852,BZS,Buzzards Point Seaplane Base,"Washington, DC",United States,District of Columbia,38.86333333,-77.01333333,1
10853,BZT,Eagle Air Park,"Brazoria, TX",United States,Texas,28.98222222,-95.57972222,1
10854,BZV,Maya Maya,"Brazzaville, Congo (Brazaville)",Congo (Brazaville),,-4.24916667,15.25305556,1
10856,BZZ,Brize Norton Airport,"Brize Norton, United Kingdom",United Kingdom,,51.75,-1.58305556,1
10857,C01,Camarillo Airport,"Camarillo, CA",United States,California,34.21388889,-119.09444444,1
10858,C02,Bakersfield Municipal,"Bakersfield, CA",United States,California,35.325,-118.99611111,1
10859,CA1,Koala Mine Airport,"Koala Mine, Canada",Canada,Northwest Territories,64.69,-110.62,1
10860,CA2,Lake Simcoe Airport,"Lake Simcoe, Canada",Canada,Ontario,44.48611111,-79.55555556,1
10861,CA3,Thetford Mines Airport,"Thetford Mines, Canada",Canada,Quebec,46.05222222,-71.25694444,1
10862,CA4,Pelee Island Airport,"Pelee Island, Canada",Canada,Ontario,41.78055556,-82.67805556,1
10863,CA5,Calgary Springbank,"Calgary, Canada",Canada,Alberta,51.10472222,-114.37861111,1
10865,CAB,Cabinda Airport,"Cabinda, Angola",Angola,,-5.59722222,12.18833333,1
10866,CAC,Aeroporto Regional Do Oeste,"Cascavel, Brazil",Brazil,,-25.00027778,-53.50138889,1
10867,CAD,Wexford County,"Cadillac, MI",United States,Michigan,44.27527778,-85.41888889,1
10868,CAE,Columbia Metropolitan,"Columbia, SC",United States,South Carolina,33.93888889,-81.11944444,1
10869,CAF,Carauari Airport,"Carauari, Brazil",Brazil,,-4.87138889,-66.8975,1
10870,CAG,Elmas,"Cagliari, Italy",Italy,,39.25138889,9.05416667,1
10871,CAH,Ca Mau Airport,"Ca Mau, Vietnam",Vietnam,,9.1775,105.17777778,1
10872,CAI,Cairo International,"Cairo, Egypt",Egypt,,30.11666667,31.41388889,1
10873,CAJ,Canaima Airport,"Canaima, Venezuela",Venezuela,,6.23194444,-62.85472222,1
10874,CAK,Akron-Canton Regional,"Akron, OH",United States,Ohio,40.91666667,-81.44083333,1
10875,CAL,Campbeltown Airport,"Campbeltown, United Kingdom",United Kingdom,,55.43638889,-5.68,1
10876,CAM,Choreti,"Camiri, Bolivia",Bolivia,,-20.01111111,-63.56111111,1
10877,CAN,Baiyun,"Guangzhou, China",China,,23.39111111,113.29666667,1
10878,CAP,Cap-Haitien International,"Cap-Haitien, Haiti",Haiti,,19.72722222,-72.19944444,1
10879,CAR,Caribou Municipal,"Caribou, ME",United States,Maine,46.87166667,-68.01805556,1
10880,CAS,Anfa,"Casablanca, Morocco",Morocco,,33.5575,-7.66111111,1
10881,CAT,New Bight Airport,"New Bight, The Bahamas",The Bahamas,,24.31527778,-75.4525,1
10882,CAW,Bartolomeu Lisandro,"Campos, Brazil",Brazil,,-21.69833333,-41.30166667,1
10883,CAX,Carlisle Airport,"Carlisle, United Kingdom",United Kingdom,,54.93666667,-2.81138889,1
10884,CAY,Cayenne Felix Eboue,"Cayenne, French Guiana",French Guiana,,4.82,-52.36111111,1
10885,CAZ,Cobar Airport,"Cobar, Australia",Australia,,-31.5375,145.79361111,1
10886,CBA,Corner Bay Airport,"Corner Bay, AK",United States,Alaska,57.73777778,-135.12555556,1
10887,CBB,Jorge Wilstermann International,"Cochabamba, Bolivia",Bolivia,,-17.42111111,-66.17722222,1
10888,CBE,Greater Cumberland Regional,"Cumberland, MD",United States,Maryland,39.61305556,-78.76277778,1
10889,CBF,Council Bluffs Municipal,"Council Bluffs, IA",United States,Iowa,41.26,-95.75861111,1
10890,CBG,Cambridge Airport,"Cambridge, United Kingdom",United Kingdom,,52.205,0.175,1
10891,CBH,Bechar/Leger,"Colomb-Bechar, Algeria",Algeria,,31.64777778,-2.25972222,1
10892,CBK,Murray,"Colby, KS",United States,Kansas,39.40388889,-101.04666667,1
10893,CBL,Ciudad Bolivar Airport,"Ciudad Bolivar, Venezuela",Venezuela,,8.12222222,-63.53722222,1
10894,CBM,Columbus AFB,"Columbus, MS",United States,Mississippi,33.64555556,-88.44666667,1
10895,CBO,Cotabato Airport,"Cotabato, Philippines",Philippines,,7.16472222,124.21027778,1
10896,CBQ,Margaret Ekpo International,"Calabar, Nigeria",Nigeria,,4.97611111,8.34722222,1
10897,CBR,Canberra Airport,"Canberra, Australia",Australia,,-35.30694444,149.19444444,1
10898,CBV,Coban Airport,"Coban, Guatemala",Guatemala,,15.46916667,-90.40666667,1
10899,CBY,Canobie Airport,"Canobie, Australia",Australia,,-19.47861111,140.92611111,1
10900,CCC,Jardines del Rey International,"Cayo Coco, Cuba",Cuba,,22.46083333,-78.32861111,1
10902,CCF,Carcassonne Salvaza,"Carcassonne, France",France,,43.21611111,2.30583333,1
10903,CCH,Chile Chico Airport,"Chile Chico, Chile",Chile,,-46.58305556,-71.68611111,1
10904,CCI,Olavo Cecco Rigon,"Concordia, Brazil",Brazil,,-27.18055556,-52.05166667,1
10905,CCJ,Calicut International,"Calicut, India",India,,11.13611111,75.95555556,1
10906,CCK,Cocos Keeling Islands,"West Island, Cocos (Keeling) Islands",Cocos (Keeling) Islands,,-12.19138889,96.83361111,1
10907,CCM,Criciuma,"Crisciuma, Brazil",Brazil,,-28.72388889,-49.42083333,1
10908,CCN,Chaghcharan,"Chakhcharan, Afghanistan",Afghanistan,,34.52666667,65.27138889,1
10909,CCP,Carriel Sur International,"Concepcion, Chile",Chile,,-36.77138889,-73.06222222,1
10910,CCR,Buchanan Field,"Concord, CA",United States,California,37.98972222,-122.05694444,1
10911,CCS,Simon Bolivar International,"Caracas, Venezuela",Venezuela,,10.60305556,-66.99361111,1
10912,CCU,Netaji Subhash Chandra Bose International,"Kolkata, India",India,,22.65472222,88.44666667,1
10914,CCX,Caceres Airport,"Caceres, Brazil",Brazil,,-16.04361111,-57.63,1
10915,CCY,Northeast Iowa Regional,"Charles City, IA",United States,Iowa,43.0725,-92.61083333,1
10916,CCZ,Chub Cay Airport,"Chub Cay, The Bahamas",The Bahamas,,25.41722222,-77.88083333,1
10917,CDB,Cold Bay Airport,"Cold Bay, AK",United States,Alaska,55.20583333,-162.72611111,1
10918,CDC,Cedar City Regional,"Cedar City, UT",United States,Utah,37.70194444,-113.09805556,1
10919,CDF,Cortina d'Ampezzo Airport,"Cortina d'Ampezzo, Italy",Italy,,46.57777778,12.11361111,1
10920,CDG,Charles de Gaulle,"Paris, France",France,,49.00972222,2.5625,1
10921,CDH,Harrell Field,"Camden, AR",United States,Arkansas,33.62277778,-92.76333333,1
10922,CDJ,Conceicao Do Araguaia Airport,"Conceicao Do Araguaia, Brazil",Brazil,,-8.34833333,-49.30138889,1
10923,CDL,Candle 2,"Candle, AK",United States,Alaska,65.90777778,-161.92638889,1
10924,CDN,Woodward Field,"Camden, SC",United States,South Carolina,34.28361111,-80.56472222,1
10925,CDR,Chadron Municipal,"Chadron, NE",United States,Nebraska,42.8375,-103.09527778,1
10926,CDV,Merle K Mudhole Smith,"Cordova, AK",United States,Alaska,60.49166667,-145.4775,1
10927,CDW,Essex County,"Caldwell, NJ",United States,New Jersey,40.87527778,-74.28138889,1
10928,CEA,Cessna Aircraft Field,"Wichita, KS",United States,Kansas,37.64861111,-97.25055556,1
10929,CEB,Mactan-Cebu International,"Lapu-Lapu City, Philippines",Philippines,,10.30888889,123.97833333,1
10930,CEC,Jack McNamara Field,"Crescent City, CA",United States,California,41.78027778,-124.23666667,1
10931,CED,Ceduna Airport,"Ceduna, Australia",Australia,,-32.13055556,133.70972222,1
10933,CEF,Westover ARB Metropolitan,"Chicopee Falls, MA",United States,Massachusetts,42.19388889,-72.53472222,1
10934,CEG,Hawarden,"Chester, United Kingdom",United Kingdom,,53.17805556,-2.97777778,1
10935,CEI,Chiang Rai Airport,"Chiang Rai, Thailand",Thailand,,19.88555556,99.82555556,1
10936,CEK,Balandino,"Chelyabinsk, Russia",Russia,,55.30583333,61.50361111,1
10937,CEL,Cape Eleuthera Airport,"Cape Eleuthera, The Bahamas",The Bahamas,,24.78666667,-76.29861111,1
10938,CEM,Central Airport,"Central, AK",United States,Alaska,65.57388889,-144.78083333,1
10939,CEN,Ciudad Obregon International,"Ciudad Obregon, Mexico",Mexico,,27.39277778,-109.83305556,1
10940,CEO,Waco Kungo Airport,"Waco Kungo, Angola",Angola,,-11.42638889,15.10138889,1
10941,CEP,Concepcion Airport,"Concepcion, Bolivia",Bolivia,,-16.14333333,-62.02611111,1
10942,CEQ,Cannes Mandelieu,"Cannes, France",France,,43.54777778,6.95444444,1
10943,CER,Cherbourg Manche,"Cherbourg, France",France,,49.65027778,-1.47027778,1
10944,CET,Cholet Le Pontreau,"Cholet, France",France,,47.08222222,-0.87694444,1
10945,CEU,Oconee County Regional,"Clemson, SC",United States,South Carolina,34.67222222,-82.88583333,1
10946,CEV,Mettel Field,"Connersville, IN",United States,Indiana,39.69805556,-85.13111111,1
10947,CEW,Bob Sikes,"Crestview, FL",United States,Florida,30.77888889,-86.52222222,1
10948,CEX,Chena Hot Springs Airport,"Chena Hot Springs, AK",United States,Alaska,65.05194444,-146.0475,1
10949,CEY,Kyle-Oakley Field,"Murray, KY",United States,Kentucky,36.66444444,-88.37277778,1
10950,CEZ,Cortez Municipal,"Cortez, CO",United States,Colorado,37.30305556,-108.62805556,1
10951,CFA,Coffee Point Airport,"Coffee Point, AK",United States,Alaska,58.21666667,-157.5,1
10952,CFB,Cabo Frio International,"Cabo Frio, Brazil",Brazil,,-22.92138889,-42.07166667,1
10953,CFE,Clermont Ferrand Auvergne,"Clermont-Ferrand, France",France,,45.78666667,3.17,1
10954,CFG,Jaime Gonzalez International,"Cienfuegos, Cuba",Cuba,,22.14972222,-80.41444444,1
10955,CFQ,Silver City Airport,"Silver City, Canada",Canada,Yukon Territory,61.02888889,-138.4075,1
10956,CFR,Caen Carpiquet,"Caen, France",France,,49.17611111,-0.45583333,1
10957,CFS,Coffs Harbour Airport,"Coffs Harbour, Australia",Australia,,-30.33138889,153.11361111,1
10958,CFT,Greenlee County,"Clifton, AZ",United States,Arizona,32.95694444,-109.21111111,1
10959,CFU,Ioannis Kapodistrias International,"Corfu, Greece",Greece,,39.60194444,19.91222222,1
10960,CFV,Coffeyville Municipal,"Coffeyville, KS",United States,Kansas,37.09388889,-95.57194444,1
10961,CGA,Craig Seaplane Base,"Craig, AK",United States,Alaska,55.47916667,-133.14611111,1
10962,CGB,Marechal Rondon International,"Cuiaba, Brazil",Brazil,,-15.65305556,-56.11666667,1
10963,CGC,Cape Gloucester Airport,"Cape Gloucester, Papua New Guinea",Papua New Guinea,,-5.45277778,148.42361111,1
10964,CGE,Cambridge Dorchester Regional,"Cambridge, MD",United States,Maryland,38.53944444,-76.03027778,1
10965,CGF,Cuyahoga County,"Cleveland, OH",United States,Ohio,41.56444444,-81.48722222,1
10966,CGH,Congonhas Deputado Freitas Nobre,"Sao Paulo, Brazil",Brazil,,-23.62666667,-46.65527778,1
10967,CGI,Cape Girardeau Regional,"Cape Girardeau, MO",United States,Missouri,37.225,-89.57083333,1
10968,CGK,Soekarno Hatta,"Jakarta, Indonesia",Indonesia,,-6.12,106.65666667,1
10969,CGM,Camiguin Airport,"Camiguin, Philippines",Philippines,,9.25416667,124.70916667,1
10970,CGN,Koeln Bonn,"Cologne, Germany",Germany,,50.86583333,7.13888889,1
10971,CGO,Xinzheng,"Zhengzhou, China",China,,34.52694444,113.84944444,1
10972,CGP,Chittagong Airport,"Chittagong, Bangladesh",Bangladesh,,22.2575,91.82555556,1
10973,CGQ,Dafangshen,"Changchun, China",China,,43.90666667,125.1975,1
10974,CGR,Campo Grande International,"Campo Grande, Brazil",Brazil,,-20.47,-54.67388889,1
10975,CGS,College Park Airport,"College Park, MD",United States,Maryland,38.98055556,-76.92222222,1
10976,CGU,Ciudad Guayana Metropolitan Area,"Ciudad Guayana, Venezuela",Venezuela,,8.28861111,-62.76027778,1
10977,CGX,Meigs Field,"Chicago, IL",United States,Illinois,41.85888889,-87.60833333,1
10978,CGY,Cagayan de Oro Mil,"Cagayan, Philippines",Philippines,,8.41527778,124.61111111,1
10979,CGZ,Casa Grande Municipal,"Casa Grande, AZ",United States,Arizona,32.955,-111.76694444,1
10980,CHA,Lovell Field,"Chattanooga, TN",United States,Tennessee,35.03777778,-85.20194444,1
10981,CHC,Christchurch International,"Christchurch, New Zealand",New Zealand,,-43.48888889,172.53222222,1
10982,CHD,Chandler Municipal,"Chandler, AZ",United States,Arizona,33.26916667,-111.81111111,1
10983,CHE,Caherciveen Reenroe,"Caherciveen, Ireland",Ireland,,51.95,-10.21666667,1
10984,CHF,Jinhae,"Chinhae, South Korea",South Korea,,35.14055556,128.69611111,1
10985,CHG,Chaoyang Airport,"Chaoyang, China",China,,41.53861111,120.43416667,1
10986,CHI,Chicago Metropolitan Area,"Chicago, IL",United States,Illinois,41.87388889,-87.75555556,1
10987,CHL,Challis Airport,"Challis, ID",United States,Idaho,44.52361111,-114.21805556,1
10988,CHM,Teniente Jaime A. de Montreuil Morales,"Chimbote, Peru",Peru,,-9.14972222,-78.52361111,1
10990,CHO,Charlottesville Albemarle,"Charlottesville, VA",United States,Virginia,38.13972222,-78.45222222,1
10991,CHP,Circle Hot Springs Airport,"Circle Hot Springs, AK",United States,Alaska,65.48583333,-144.61166667,1
10992,CHQ,Souda,"Chania, Greece",Greece,,35.53027778,24.15055556,1
10993,CHR,Chateauroux Airport,"Chateauroux, France",France,,46.81666667,1.7,1
10994,CHS,Charleston AFB/International,"Charleston, SC",United States,South Carolina,32.89861111,-80.04055556,1
10995,CHT,Chatham Islands Airport,"Chatham Islands, New Zealand",New Zealand,,-43.8125,-176.46833333,1
10996,CHU,Chuathbaluk Airport,"Chuathbaluk, AK",United States,Alaska,61.57916667,-159.21555556,1
10997,CHW,Jiuquan Airport,"Jiuquan, China",China,,39.85972222,98.33833333,1
10998,CHX,Changuinola 1,"Changuinola, Panama",Panama,,9.42611111,-82.56277778,1
10999,CHZ,Chiloquin State,"Chiloquin, OR",United States,Oregon,42.57944444,-121.87888889,1
11000,CIA,Ciampino,"Rome, Italy",Italy,,41.79916667,12.595,1
11001,CIB,Catalina,"Avalon, CA",United States,California,33.405,-118.41583333,1
11002,CIC,Chico Regional,"Chico, CA",United States,California,39.79527778,-121.85888889,1
11003,CID,The Eastern Iowa,"Cedar Rapids/Iowa City, IA",United States,Iowa,41.88472222,-91.71083333,1
11004,CIG,Craig-Moffat,"Craig, CO",United States,Colorado,40.49527778,-107.52166667,1
11005,CIH,Changzhi Airport,"Changzhi, China",China,,36.18333333,113.1,1
11006,CIJ,Cap Av Civ Anibal Arab Fadul International,"Cobija, Bolivia",Bolivia,,-11.04055556,-68.78305556,1
11007,CIK,Chalkyitsik Airport,"Chalkyitsik, AK",United States,Alaska,66.645,-143.74,1
11008,CIL,Council Airport,"Council, AK",United States,Alaska,64.89666667,-163.70361111,1
11009,CIN,Arthur N Neu,"Carroll, IA",United States,Iowa,42.04666667,-94.78861111,1
11010,CIP,Chipata Airport,"Chipata, Zambia",Zambia,,-13.55777778,32.58694444,1
11011,CIR,Cairo Regional,"Cairo, IL",United States,Illinois,37.06416667,-89.21944444,1
11013,CIU,Chippewa County International,"Sault Ste. Marie, MI",United States,Michigan,46.255,-84.47694444,1
11014,CIV,Chomley Airport,"Chomley, AK",United States,Alaska,55.24777778,-132.32361111,1
11015,CIW,Canouan Airport,"Canouan, Saint Vincent and the Grenadines",Saint Vincent and the Grenadines,,12.70083333,-61.345,1
11016,CIX,Cap FAP Jose A Quinones Gonzales International,"Chiclayo, Peru",Peru,,-6.7875,-79.82805556,1
11017,CIY,Comiso Airport,"Comiso, Italy",Italy,,36.99527778,14.60777778,1
11018,CJA,Gen FAP Armando Revoredo Iglesias,"Cajamarca, Peru",Peru,,-7.13916667,-78.48944444,1
11019,CJB,Coimbatore International,"Coimbatore, India",India,,11.03166667,77.04472222,1
11020,CJC,El Loa,"Calama, Chile",Chile,,-22.5,-68.90305556,1
11021,CJI,Crafton Island Airport,"Crafton Island, AK",United States,Alaska,60.50277778,-147.94027778,1
11023,CJL,Chitral Airport,"Chitral, Pakistan",Pakistan,,35.88611111,71.8,1
11024,CJS,Ciudad Juarez International,"Ciudad Juarez, Mexico",Mexico,,31.63638889,-106.42861111,1
11025,CJU,Jeju International,"Jeju, South Korea",South Korea,,33.51222222,126.4925,1
11026,CJW,Clay Center Municipal,"Clay Center, KS",United States,Kansas,39.38722222,-97.15722222,1
11027,CKB,North Central West Virginia,"Clarksburg/Fairmont, WV",United States,West Virginia,39.29777778,-80.2275,1
11028,CKD,Crooked Creek Airport,"Crooked Creek, AK",United States,Alaska,61.87111111,-158.13805556,1
11029,CKE,Pearce Field,"Clear Lake, CA",United States,California,38.93472222,-122.62222222,1
11030,CKG,Jiangbei,"Chongqing, China",China,,29.72638889,106.65694444,1
11031,CKM,Fletcher Field,"Clarksdale, MS",United States,Mississippi,34.29972222,-90.51222222,1
11032,CUN,Cancun International,"Cancun, Mexico",Mexico,,21.04222222,-86.87361111,1
11033,CKS,Carajas Airport,"Carajas, Brazil",Brazil,,-6.11777778,-50.00361111,1
11034,CKU,Cordova Municipal,"Cordova, AK",United States,Alaska,60.54361111,-145.72583333,1
11035,CKV,Outlaw Field,"Clarksville, TN",United States,Tennessee,36.62194444,-87.415,1
11036,CKX,Chicken Airport,"Chicken, AK",United States,Alaska,64.06666667,-141.95138889,1
11037,CKY,Ahmed Sekou Toure International,"Conakry, Guinea",Guinea,,9.57694444,-13.61194444,1
11038,CLA,Comilla Airport,"Comilla, Bangladesh",Bangladesh,,23.43722222,91.18972222,1
11039,CLB,Castlebar Airport,"Castlebar, Ireland",Ireland,,53.84861111,-9.28027778,1
11040,CLC,Clear Lake Metroport,"Clear Lake City, TX",United States,Texas,29.55694444,-95.1375,1
11041,CLD,McClellan-Palomar,"Carlsbad, CA",United States,California,33.12833333,-117.28,1
11042,CLE,Cleveland-Hopkins International,"Cleveland, OH",United States,Ohio,41.41027778,-81.85333333,1
11043,CLF,Clear Mews,"Clear, AK",United States,Alaska,64.30166667,-149.11777778,1
11044,CLG,New Coalinga Municipal,"Coalinga, CA",United States,California,36.16222222,-120.29472222,1
11045,CLH,Coolah Airport,"Coolah, Australia",Australia,,-31.77333333,149.60944444,1
11046,CLI,Clintonville Municipal,"Clintonville, WI",United States,Wisconsin,44.61305556,-88.73083333,1
11047,CLJ,Avram Iancu,"Cluj-Napoca, Romania",Romania,,46.78722222,23.68388889,1
11048,CLK,Clinton Regional,"Clinton, OK",United States,Oklahoma,35.53833333,-98.93277778,1
11049,CLL,Easterwood Field,"College Station/Bryan, TX",United States,Texas,30.58805556,-96.36083333,1
11050,CLM,William R. Fairchild International,"Port Angeles, WA",United States,Washington,48.12027778,-123.49972222,1
11051,CLN,Carolina Airport,"Carolina, Brazil",Brazil,,-7.33333333,-47.45,1
11052,CLO,Alfonso Bonilla Aragon International,"Cali, Colombia",Colombia,,3.54305556,-76.38166667,1
11053,CLP,Clarks Point Airport,"Clarks Point, AK",United States,Alaska,58.83361111,-158.52944444,1
11054,CLQ,Colima Airport,"Colima, Mexico",Mexico,,19.27694444,-103.5775,1
11055,CLR,Cliff Hatfield Memorial,"Calipatria, CA",United States,California,33.13138889,-115.52138889,1
11056,CLS,Chehalis Centralia,"Chehalis, WA",United States,Washington,46.67694444,-122.98277778,1
11057,CLT,Charlotte Douglas International,"Charlotte, NC",United States,North Carolina,35.21305556,-80.95111111,1
11058,CLU,Columbus Municipal,"Columbus, IN",United States,Indiana,39.2625,-85.89555556,1
11059,CLY,Calvi Sainte Catherine,"Calvi, France",France,,42.53083333,8.79305556,1
11060,CMA,Cunnamulla Airport,"Cunnamulla, Australia",Australia,,-28.03166667,145.62638889,1
11061,CMB,Bandaranaike International Colombo,"Colombo, Sri Lanka",Sri Lanka,,7.18111111,79.88388889,1
11062,CMD,Cootamundra Airport,"Cootamundra, Australia",Australia,,-34.62333333,148.03638889,1
11063,CME,Ciudad del Carmen International,"Ciudad del Carmen, Mexico",Mexico,,18.65194444,-91.79944444,1
11064,CMF,Chambery Aix Les Bains,"Chambery, France",France,,45.63805556,5.88027778,1
11065,CMG,Corumba International,"Corumba, Brazil",Brazil,,-19.01138889,-57.67055556,1
11066,CMH,John Glenn Columbus International,"Columbus, OH",United States,Ohio,39.99694444,-82.89222222,1
11067,CMI,University of Illinois/Willard,"Champaign/Urbana, IL",United States,Illinois,40.03833333,-88.27666667,1
11068,CMJ,Chi Mei Airport,"Chi Mei, Taiwan",Taiwan,,23.21222222,119.41638889,1
11069,CMM,Carmelita Airport,"Carmelita, Guatemala",Guatemala,,17.45833333,-90.05333333,1
11070,CMN,Mohammed V International,"Casablanca, Morocco",Morocco,,33.3675,-7.59,1
11071,CMR,Colmar Houssen,"Colmar, France",France,,48.10972222,7.35888889,1
11072,CMT,Cameta Airport,"Cameta, Brazil",Brazil,,-2.24694444,-49.56027778,1
11073,CMU,Chimbu,"Kundiawa, Papua New Guinea",Papua New Guinea,,-6.02388889,144.97083333,1
11074,CMV,Coromandel Airport,"Coromandel, New Zealand",New Zealand,,-36.78944444,175.50722222,1
11075,CMW,Ignacio Agramonte International,"Camaguey, Cuba",Cuba,,21.42027778,-77.8475,1
11076,CMX,Houghton County Memorial,"Hancock/Houghton, MI",United States,Michigan,47.16833333,-88.48916667,1
11077,CNA,Cananea Airport,"Cananea, Mexico",Mexico,,30.98305556,-110.27444444,1
11078,CNB,Coonamble Airport,"Coonamble, Australia",Australia,,-30.98222222,148.37583333,1
11079,CNC,Coconut Island Airport,"Coconut Island, Australia",Australia,,-10.05027778,143.07111111,1
11080,CND,Rum Kogalniceanu,"Constanta, Romania",Romania,,44.35,28.48333333,1
11081,CNE,Fremont County,"Canon City, CO",United States,Colorado,38.42861111,-105.10694444,1
11082,CNF,Tancredo Neves International,"Belo Horizonte, Brazil",Brazil,,-19.63583333,-43.96694444,1
11083,CNK,Blosser Municipal,"Concordia, KS",United States,Kansas,39.55,-97.65194444,1
11084,CNL,Sindal Airport,"Sindal, Denmark",Denmark,,57.50361111,10.22944444,1
11085,CNM,Cavern City Air Terminal,"Carlsbad, NM",United States,New Mexico,32.3375,-104.26333333,1
11086,CNO,Chino Airport,"Chino, CA",United States,California,33.97472222,-117.63638889,1
11087,CNQ,Corrientes Airport,"Corrientes, Argentina",Argentina,,-27.445,-58.75666667,1
11088,CNR,Chanaral Airport,"Chanaral, Chile",Chile,,-26.3325,-70.60722222,1
11089,CNS,Cairns International,"Cairns, Australia",Australia,,-16.87916667,145.74944444,1
11090,CNW,TSTC Waco,"Waco, TX",United States,Texas,31.63777778,-97.07416667,1
11091,CNX,Chiang Mai International,"Chiang Mai, Thailand",Thailand,,18.76833333,98.96277778,1
11092,CNY,Canyonlands Regional,"Moab, UT",United States,Utah,38.76388889,-109.74555556,1
11093,CO3,Marina Municipal,"Marina, CA",United States,California,36.68138889,-121.76166667,1
11094,CO4,Tolemaida AB,"Melgar, Colombia",Colombia,,4.24472222,-74.64972222,1
11095,COA,Columbia Airport,"Columbia, CA",United States,California,38.03055556,-120.41444444,1
11096,COC,Comodoro Pierrestegui,"Concordia, Argentina",Argentina,,-31.29777778,-57.99722222,1
11097,COD,Yellowstone Regional,"Cody, WY",United States,Wyoming,44.52027778,-109.02388889,1
11098,COE,Coeur d'Alene - Pappy Boyington Field,"Coeur d'Alene, ID",United States,Idaho,47.77444444,-116.81944444,1
11099,COF,Patrick Sfb,"Cocoa Beach, FL",United States,Florida,28.23944444,-80.6075,1
11100,COG,Mandinga,"Condoto, Colombia",Colombia,,5.07916667,-76.66333333,1
11101,COH,Cooch Behar Airport,"Cooch Behar, India",India,,26.33055556,89.46722222,1
11102,COJ,Coonabarabran Airport,"Coonabarabran, Australia",Australia,,-31.33083333,149.27944444,1
11103,COK,Cochin International,"Kochi, India",India,,10.15111111,76.40055556,1
11104,COL,Coll,"Coll Island, United Kingdom",United Kingdom,,56.60194444,-6.61777778,1
11105,COM,Coleman Municipal,"Coleman, TX",United States,Texas,31.84111111,-99.40361111,1
11106,CON,Concord Municipal,"Concord, NH",United States,New Hampshire,43.20777778,-71.5075,1
11107,COO,Card Bernardin Gadin de Cadjehoun International,"Cotonou, Benin",Benin,,6.35722222,2.38444444,1
11108,COR,Ambrosio L. V. Taravella,"Cordoba, Argentina",Argentina,,-31.31305556,-64.20388889,1
11109,COS,City of Colorado Springs Municipal,"Colorado Springs, CO",United States,Colorado,38.80583333,-104.70083333,1
11110,COT,Cotulla-La Salle County,"Cotulla, TX",United States,Texas,28.45583333,-99.21722222,1
11111,COU,Columbia Regional,"Columbia, MO",United States,Missouri,38.82138889,-92.21555556,1
11112,COY,Coolawanyah Airport,"Coolawanyah, Australia",Australia,,-21.8,117.76666667,1
11113,CPA,Cape Palmas Airport,"Cape Palmas, Liberia",Liberia,,4.37916667,-7.69638889,1
11114,CPB,Capurgana Airport,"Capurgana, Colombia",Colombia,,8.6325,-77.35027778,1
11115,CPC,Aviador C. Campos,"Chapelco, Argentina",Argentina,,-40.07527778,-71.13722222,1
11116,CPD,Coober Pedy Airport,"Coober Pedy, Australia",Australia,,-29.04,134.72083333,1
11117,CPE,Campeche International,"Campeche, Mexico",Mexico,,19.81666667,-90.50027778,1
11118,CPH,Kastrup,"Copenhagen, Denmark",Denmark,,55.61277778,12.64138889,1
11119,CPN,Cape Rodney Airport,"Cape Rodney, Papua New Guinea",Papua New Guinea,,-10.18166667,148.37916667,1
11120,CPO,Chamonate,"Copiapo, Chile",Chile,,-27.29694444,-70.41388889,1
11121,CPQ,Viracopos International,"Campinas, Brazil",Brazil,,-23.0075,-47.13444444,1
11122,CPR,Casper/Natrona County International,"Casper, WY",United States,Wyoming,42.90583333,-106.46361111,1
11123,CPS,Bi-State Parks,"St. Louis, MO",United States,Missouri,38.57138889,-90.15722222,1
11124,CPT,Cape Town International,"Cape Town, South Africa",South Africa,,-33.965,18.60166667,1
11125,CPV,Presidente Joao Suassuna,"Campina Grande, Brazil",Brazil,,-7.26972222,-35.89583333,1
11126,CPX,Benjamin Rivera Noriega,"Culebra, PR",United States,Puerto Rico,18.31305556,-65.30388889,1
11127,CQF,Calais Marck,"Calais, France",France,,50.96222222,1.95472222,1
11128,CQL,Glen-Aspen,"Carbondale, CO",United States,Colorado,39.38888889,-107.16,1
11130,HCW,Cheraw Municipal/Lynch Bellinger Field,"Cheraw, SC",United States,South Carolina,34.71277778,-79.95694444,1
11131,CRA,Craiova Airport,"Craiova, Romania",Romania,,44.31805556,23.88861111,1
11132,CRB,Collarenebri Airport,"Collarenebri, Australia",Australia,,-29.52194444,148.58222222,1
11133,CRC,Cartago Airport,"Cartago, Colombia",Colombia,,4.76666667,-75.93333333,1
11134,CRD,Comodoro Rivadavia Airport,"Comodoro Rivadavia, Argentina",Argentina,,-45.78527778,-67.46555556,1
11135,CRE,Grand Strand,"Myrtle Beach, SC",United States,South Carolina,33.81166667,-78.72388889,1
11136,CRG,Jacksonville Executive at Craig,"Jacksonville, FL",United States,Florida,30.33638889,-81.51444444,1
11137,CRI,Colonel Hill,"Crooked Island, The Bahamas",The Bahamas,,22.74555556,-74.1825,1
11138,CRK,Diosdado Macapagal International,"Luzon Island, Philippines",Philippines,,15.18777778,120.56305556,1
11139,CRL,Brussels South,"Charleroi, Belgium",Belgium,,50.46111111,4.45722222,1
11140,CRP,Corpus Christi International,"Corpus Christi, TX",United States,Texas,27.76111111,-97.49611111,1
11141,CRQ,Caravelas Airport,"Caravelas, Brazil",Brazil,,-17.65222222,-39.25305556,1
11142,CRR,Ceres Airport,"Ceres, Argentina",Argentina,,-29.87166667,-61.92694444,1
11143,CRS,C David Campbell Field-Corsicana Municipal,"Corsicana, TX",United States,Texas,32.02805556,-96.40055556,1
11144,CRU,Lauriston,"Carriacou, Grenada",Grenada,,12.47638889,-61.47277778,1
11145,CRV,Crotone Airport,"Crotone, Italy",Italy,,38.99722222,17.08027778,1
11146,CRW,West Virginia International Yeager,"Charleston/Dunbar, WV",United States,West Virginia,38.37611111,-81.59277778,1
11147,CRX,Roscoe Turner,"Corinth, MS",United States,Mississippi,34.915,-88.60361111,1
11148,CSD,Cresswell Downs Airport,"Cresswell Downs, Australia",Australia,,-17.96666667,135.91666667,1
11149,CSE,Crested Butte Airpark,"Crested Butte, CO",United States,Colorado,38.85194444,-106.93277778,1
11150,CSG,Columbus Airport,"Columbus, GA",United States,Georgia,32.51388889,-84.94111111,1
11151,CSI,Casino Airport,"Casino, Australia",Australia,,-28.88138889,153.06083333,1
11152,CSM,Clinton Sherman,"Clinton, OK",United States,Oklahoma,35.33888889,-99.19972222,1
11153,CSN,Carson City Airport,"Carson City, NV",United States,Nevada,39.19222222,-119.7325,1
11154,CSP,Cape Spencer C.G. Helipad,"Cape Spencer, AK",United States,Alaska,58.19916667,-136.64,1
11155,CSR,Casuarito Airport,"Casuarito, Colombia",Colombia,,5.68194444,-67.64083333,1
11156,CSS,Cassilandia Airport,"Cassilandia, Brazil",Brazil,,-19.14666667,-51.67722222,1
11157,CST,Castaway Airport,"Castaway, Fiji",Fiji,,-17.75,177.16666667,1
11158,CSU,Cape Sabine Airport,"Cape Sabine, AK",United States,Alaska,69.02694444,-163.85416667,1
11159,CSV,Crossville Memorial-Whitson Field,"Crossville, TN",United States,Tennessee,35.95138889,-85.085,1
11160,CSX,Huanghua,"Changsha, China",China,,28.19194444,113.22166667,1
11161,CTA,Catania-Fontanarossa,"Catania, Italy",Italy,,37.46666667,15.06638889,1
11162,CTB,Cut Bank International,"Cut Bank, MT",United States,Montana,48.60888889,-112.37833333,1
11163,CTC,Catamarca Aeroclub,"Catamarca, Argentina",Argentina,,-28.44833333,-65.77972222,1
11164,CTG,Rafael Nunez,"Cartagena, Colombia",Colombia,,10.44166667,-75.51305556,1
11165,CTH,Chester County G. O. Carlson,"Coatesville, PA",United States,Pennsylvania,39.97888889,-75.86555556,1
11166,CTL,Charleville Airport,"Charleville, Australia",Australia,,-26.41527778,146.2625,1
11167,CTM,Chetumal International,"Chetumal, Mexico",Mexico,,18.50527778,-88.32916667,1
11168,CTN,Cooktown Airport,"Cooktown, Australia",Australia,,-15.44333333,145.1825,1
11169,CTO,Calverton Executive Airpark,"Calverton, NY",United States,New York,40.91472222,-72.78027778,1
11170,CTS,New Chitose,"Sapporo, Japan",Japan,,42.77527778,141.69222222,1
11171,CTT,Le Castellet Airport,"Le Castellet, France",France,,43.2525,5.78555556,1
11172,CTU,Shuangliu International,"Chengdu, China",China,,30.55638889,103.94527778,1
11173,CTW,Cottonwood Airport,"Cottonwood, AZ",United States,Arizona,34.73,-112.035,1
11174,CTX,Cortland County Chase Field,"Cortland, NY",United States,New York,42.59277778,-76.215,1
11175,CTY,Cross City Airport,"Cross City, FL",United States,Florida,29.63555556,-83.10472222,1
11176,CUB,Jim Hamilton L. B. Owens,"Columbia, SC",United States,South Carolina,33.97055556,-80.99527778,1
11177,CUC,Camilo Daza,"Cucuta, Colombia",Colombia,,7.9275,-72.51166667,1
11178,CUE,Cuenca Airport,"Cuenca, Ecuador",Ecuador,,-2.86666667,-78.98333333,1
11179,CUF,Levaldigi,"Cuneo, Italy",Italy,,44.5475,7.62333333,1
11180,CUL,Culiacan International,"Culiacan, Mexico",Mexico,,24.765,-107.475,1
11181,CUM,Cumana Airport,"Cumana, Venezuela",Venezuela,,10.44777778,-64.19194444,1
11183,CUP,General Jose Francisco Bermudez,"Carupano, Venezuela",Venezuela,,10.66,-63.26166667,1
11184,CUQ,Coen Airport,"Coen, Australia",Australia,,-13.76194444,143.11666667,1
11185,CUR,Hato Curacao International,"Willemstad, Curacao",Curacao,,12.18888889,-68.95972222,1
11186,CUT,Cutral-Co Airport,"Cutral-Co, Argentina",Argentina,,-38.93972222,-69.26472222,1
11187,CUU,Chihuahua International,"Chihuahua, Mexico",Mexico,,28.70194444,-105.96555556,1
11188,CUW,Cube Cove Airport,"Cube Cove, AK",United States,Alaska,57.94166667,-134.75,1
11189,CUY,Cue Airport,"Cue, Australia",Australia,,-27.4575,117.91111111,1
11190,CUZ,Teniente Alejandro Velasco Astete International,"Cusco, Peru",Peru,,-13.53583333,-71.93888889,1
11191,CVA,Civic Arena H/P,"Pittsburgh, PA",United States,Pennsylvania,40.48333333,-80.21666667,1
11192,CVF,Courchevel Airport,"Courchevel, France",France,,45.3975,6.635,1
11193,CVG,Cincinnati/Northern Kentucky International,"Cincinnati, OH",United States,Kentucky,39.04888889,-84.66777778,1
11194,CVJ,Cuernavaca International,"Cuernavaca, Mexico",Mexico,,18.83444444,-99.26166667,1
11195,CVL,Cape Vogel Airport,"Cape Vogel, Papua New Guinea",Papua New Guinea,,-9.66972222,150.02055556,1
11196,CVM,Ciudad Victoria International,"Ciudad Victoria, Mexico",Mexico,,23.70333333,-98.95638889,1
11197,CVN,Clovis Regional,"Clovis, NM",United States,New Mexico,34.42666667,-103.07861111,1
11198,CVO,Corvallis Municipal,"Corvallis, OR",United States,Oregon,44.49694444,-123.28944444,1
11199,CVQ,Carnarvon Airport,"Carnarvon, Australia",Australia,,-24.88055556,113.67222222,1
11200,CVS,Cannon AFB,"Clovis, NM",United States,New Mexico,34.38055556,-103.32722222,1
11201,CVT,Coventry Airport,"Coventry, United Kingdom",United Kingdom,,52.37055556,-1.47861111,1
11202,CVX,Charlevoix Municipal,"Charlevoix, MI",United States,Michigan,45.30472222,-85.27527778,1
11203,CWA,Central Wisconsin,"Mosinee, WI",United States,Wisconsin,44.78,-89.67527778,1
11204,CWB,Afonso Pena International,"Curitiba, Brazil",Brazil,,-25.52833333,-49.17583333,1
11207,CWI,Clinton Municipal,"Clinton, IA",United States,Iowa,41.83083333,-90.32888889,1
11208,CWL,Cardiff Airport,"Cardiff, United Kingdom",United Kingdom,,51.39666667,-3.34333333,1
11209,CWS,Center Island Airport,"Center Island, WA",United States,Washington,48.49,-122.83222222,1
11210,CWT,Cowra Airport,"Cowra, Australia",Australia,,-33.84611111,148.64777778,1
11211,CXA,Caicara Venez.,"Caicara, Venezuela",Venezuela,,7.61666667,-66.16666667,1
11212,CXB,Cox's Bazar Airport,"Cox's Bazar, Bangladesh",Bangladesh,,21.45527778,91.96361111,1
11213,CXC,Chitina Airport,"Chitina, AK",United States,Alaska,61.58333333,-144.42972222,1
11214,CXF,Coldfoot Airport,"Coldfoot, AK",United States,Alaska,67.25222222,-150.20388889,1
11215,CXH,Coal Harbour Seaplane Base,"Vancouver, Canada",Canada,British Columbia,49.3,-123.13333333,1
11216,CXI,Christmas Island Airport,"Christmas Island, Kiribati",Kiribati,,1.98638889,-157.35,1
11217,CXJ,Hugo Cantergiani,"Caxias Do Sul, Brazil",Brazil,,-29.19722222,-51.18777778,1
11218,CXL,Calexico International,"Calexico, CA",United States,California,32.6675,-115.5175,1
11219,CXO,Conroe North Houston Regional,"Conroe, TX",United States,Texas,30.35333333,-95.415,1
11220,CXP,Tunggul Wulung,"Cilacap, Indonesia",Indonesia,,-7.645,109.03388889,1
11222,CXT,Charters Towers Airport,"Charters Towers, Australia",Australia,,-20.04638889,146.26888889,1
11223,CXY,Cat Cay Airport,"Cat Cay, The Bahamas",The Bahamas,,25.55444444,-79.27527778,1
11224,CYA,Cayes,"Les Cayes, Haiti",Haiti,,18.27,-73.79222222,1
11225,CYB,Charles Kirkconnell International,"Cayman Brac, Cayman Islands",Cayman Islands,,19.68694444,-79.88277778,1
11226,CYC,Caye Chapel Airport,"Caye Chapel, Belize",Belize,,17.68361111,-88.045,1
11227,CYF,Chefornak Airport,"Chefornak, AK",United States,Alaska,60.13694444,-164.27916667,1
11229,CYI,Chiayi Airport,"Chiayi, Taiwan",Taiwan,,23.46361111,120.39055556,1
11230,CYM,Chatham Airport,"Chatham, AK",United States,Alaska,57.51527778,-134.94444444,1
11231,CYP,Calbayog Airport,"Calbayog, Philippines",Philippines,,12.07,124.54583333,1
11232,CYR,Laguna de Los Patos International,"Colonia, Uruguay",Uruguay,,-34.45638889,-57.77055556,1
11233,CYS,Cheyenne Regional/Jerry Olson Field,"Cheyenne, WY",United States,Wyoming,41.15666667,-104.82027778,1
11234,CYT,Yakataga,"Cape Yakataga, AK",United States,Alaska,60.08083333,-142.49555556,1
11235,CYZ,Cauayan Airport,"Cauayan, Philippines",Philippines,,16.93055556,121.75194444,1
11236,CZA,Chichen Itza International,"Chichen Itza, Mexico",Mexico,,20.64138889,-88.44611111,1
11237,CZB,Cruz Alta Airport,"Cruz Alta, Brazil",Brazil,,-28.64166667,-53.55833333,1
11238,CZC,Copper Center 2,"Copper Center, AK",United States,Alaska,61.94111111,-145.29416667,1
11240,CZE,Jose Leonardo Chirino,"Coro, Venezuela",Venezuela,,11.41472222,-69.68166667,1
11241,CZF,Cape Romanzof LRRS,"Cape Romanzof, AK",United States,Alaska,61.78111111,-166.03944444,1
11242,CZH,Ranchito,"Corozal, Belize",Belize,,18.38222222,-88.41083333,1
11243,CZL,Constantine/Ain El Bey,"Constantine, Algeria",Algeria,,36.27694444,6.63,1
11244,CZM,Cozumel International,"Cozumel, Mexico",Mexico,,20.5225,-86.92555556,1
11245,CZN,Chisana Airport,"Chisana, AK",United States,Alaska,62.07166667,-142.04944444,1
11246,CZO,Chistochina Airport,"Chistochina, AK",United States,Alaska,62.56222222,-144.6725,1
11247,CZP,Cape Pole Airport,"Cape Pole, AK",United States,Alaska,55.965,-133.79333333,1
11248,CZS,Cruzeiro Do Sul Airport,"Cruzeiro Do Sul, Brazil",Brazil,,-7.6,-72.76944444,1
11249,CZU,Las Brujas,"Corozal, Colombia",Colombia,,9.3325,-75.28527778,1
11250,CZW,Czestochowy,"Czestochowa, Poland",Poland,,50.88472222,19.20305556,1
11251,CZX,Changzhou Benniu International,"Changzhou, China",China,,31.92055556,119.77527778,1
11252,DAB,Daytona Beach International,"Daytona Beach, FL",United States,Florida,29.18,-81.05805556,1
11253,DAC,Hazrat Shahjalal International,"Dhaka, Bangladesh",Bangladesh,,23.84333333,90.39777778,1
11254,DAD,Da Nang International,"Danang, Vietnam",Vietnam,,16.04416667,108.19944444,1
11255,DAE,Daet Airport,"Daet, Philippines",Philippines,,14.13055556,122.97916667,1
11256,DAF,Daup Airport,"Daup, Papua New Guinea",Papua New Guinea,,-4.73972222,145.9525,1
11257,DAG,Barstow/Daggett,"Daggett, CA",United States,California,34.85138889,-116.79361111,1
11258,DAK,Dakhla,"Dakhla Oasis, Egypt",Egypt,,25.41166667,29.00305556,1
11259,DAL,Dallas Love Field,"Dallas, TX",United States,Texas,32.84611111,-96.85083333,1
11260,DAM,Damascus International,"Damascus, Syria",Syria,,33.41055556,36.51444444,1
11261,DAN,Danville Regional,"Danville, VA",United States,Virginia,36.57722222,-79.33638889,1
11262,DAR,Julius Nyerere International,"Dar Es Salaam, Tanzania",Tanzania,,-6.87805556,39.2025,1
11263,DAT,Datong Airport,"Datong, China",China,,40.08333333,113.3,1
11264,DAU,Daru Airport,"Daru, Papua New Guinea",Papua New Guinea,,-9.08694444,143.20777778,1
11265,DAV,Enrique Malek International,"David, Panama",Panama,,8.38916667,-82.43638889,1
11266,DAX,Daxian Airport,"Daxian, China",China,,31.3,107.5,1
11267,DAY,James M Cox/Dayton International,"Dayton, OH",United States,Ohio,39.90194444,-84.21805556,1
11269,DBB,Al Alamain International,"Dabaa City, Egypt",Egypt,,30.92527778,28.45861111,1
11271,DBM,Debre Marcos,"Debra Marcos, Ethiopia",Ethiopia,,10.31944444,37.74305556,1
11272,DBN,W H Bud Barron,"Dublin, GA",United States,Georgia,32.56472222,-82.985,1
11273,DBO,Dubbo Airport,"Dubbo, Australia",Australia,,-32.21666667,148.57861111,1
11274,DBQ,Dubuque Regional,"Dubuque, IA",United States,Iowa,42.40194444,-90.70944444,1
11275,DBT,Debre Tabor,"Debra Tabor, Ethiopia",Ethiopia,,11.88583333,38.00916667,1
11276,DBV,Dubrovnik Airport,"Dubrovnik, Croatia",Croatia,,42.56277778,18.26472222,1
11277,DBY,Dalby Airport,"Dalby, Australia",Australia,,-27.15527778,151.26722222,1
11278,DCA,Ronald Reagan Washington National,"Washington, DC",United States,Virginia,38.85138889,-77.03777778,1
11279,DCF,Canefield,"Roseau, Dominica",Dominica,,15.33694444,-61.39194444,1
11280,DCK,Dahl Creek Airport,"Dahl Creek, AK",United States,Alaska,66.9425,-156.89138889,1
11281,DCS,RAF Finningley,"Finningley, United Kingdom",United Kingdom,,53.47444444,-1.00305556,1
11282,DCU,Pryor Field Regional,"Decatur, AL",United States,Alabama,34.65416667,-86.94527778,1
11283,DDC,Dodge City Regional,"Dodge City, KS",United States,Kansas,37.76305556,-99.96555556,1
11284,DDP,Dorado Airport,"Dorado, PR",United States,Puerto Rico,18.46388889,-66.29333333,1
11285,DE1,Zweibruecken,"Zweibrucken, Germany",Germany,,49.20944444,7.40055556,1
11286,DEA,Farooq Ahmad Khan Leghari International,"Dera Ghazi Khan, Pakistan",Pakistan,,29.96111111,70.48555556,1
11287,DEB,Debrecen Airport,"Debrecen, Hungary",Hungary,,47.48888889,21.61527778,1
11288,DEC,Decatur Airport,"Decatur, IL",United States,Illinois,39.83444444,-88.86555556,1
11289,DEH,Decorah Municipal,"Decorah, IA",United States,Iowa,43.27555556,-91.73944444,1
11290,DEL,Indira Gandhi International,"Delhi, India",India,,28.55944444,77.09944444,1
11291,DEM,Dembi Dollo Airport,"Dembi Dollo, Ethiopia",Ethiopia,,8.55416667,34.8575,1
11292,DEN,Denver International,"Denver, CO",United States,Colorado,39.86111111,-104.67194444,1
11294,DES,Desroches Airport,"Desroches, Seychelles",Seychelles,,-5.69666667,53.65583333,1
11295,DET,Coleman A. Young Municipal,"Detroit, MI",United States,Michigan,42.40944444,-83.01027778,1
11296,DEZ,Al Jafrah/Deir Ezzor,"Deir Ezzor, Syria",Syria,,35.28555556,40.17583333,1
11297,DFI,Defiance Memorial,"Defiance, OH",United States,Ohio,41.3375,-84.42888889,1
11298,DFW,Dallas/Fort Worth International,"Dallas/Fort Worth, TX",United States,Texas,32.89722222,-97.03777778,1
11299,DGB,Danger Bay Airport,"Danger Bay, AK",United States,Alaska,58.13333333,-152.55,1
11301,DGO,Durango International,"Durango, Mexico",Mexico,,24.125,-104.52833333,1
11302,DGT,Dumaguete Airport,"Dumaguete, Philippines",Philippines,,9.33416667,123.30194444,1
11303,DGW,Converse County,"Douglas, WY",United States,Wyoming,42.79722222,-105.38583333,1
11304,DHA,King Abdulaziz AB,"Dhahran, Saudi Arabia",Saudi Arabia,,26.26444444,50.1525,1
11306,DHI,Dhangadhi Airport,"Dhangadhi, Nepal",Nepal,,28.75527778,80.58333333,1
11307,DHL,Dhala Airport,"Dhala, Yemen",Yemen,,13.7375,44.72916667,1
11308,DHN,Dothan Regional,"Dothan, AL",United States,Alabama,31.32111111,-85.44944444,1
11309,DHT,Dalhart Municipal,"Dalhart, TX",United States,Texas,36.0225,-102.5475,1
11311,DIB,Dibrugarh Airport,"Dibrugarh, India",India,,27.48361111,95.0175,1
11312,DIE,Arrachart,"Antsiranana, Madagascar",Madagascar,,-12.34944444,49.29166667,1
11313,DIG,Zhongdian,"Shangri-La, China",China,,27.79222222,99.67805556,1
11314,DIJ,Dijon Longvic,"Dijon, France",France,,47.26861111,5.09,1
11315,DIK,Dickinson - Theodore Roosevelt Regional,"Dickinson, ND",United States,North Dakota,46.80055556,-102.80444444,1
11316,DIL,Presidente Nicolau Lobato International,"Dili, Timor-Leste",Timor-Leste,,-8.54638889,125.52472222,1
11317,DIO,Diomede Heliport,"Diomede Island, AK",United States,Alaska,65.75861111,-168.95305556,1
11318,DIR,Aba Tenna Dejazmatch Yilma,"Dire Dawa, Ethiopia",Ethiopia,,9.62222222,41.85083333,1
11319,DIS,Dolisie Airport,"Dolisie, Congo (Brazaville)",Congo (Brazaville),,-4.20611111,12.65972222,1
11320,DIU,Diu Airport,"Diu, India",India,,20.71444444,70.92222222,1
11321,DIV,Divo Airport,"Divo, Cote d'Ivoire",Cote d'Ivoire,,5.83333333,-5.36666667,1
11322,DIY,Diyarbakir Airport,"Diyarbakir, Turkey",Turkey,,37.89361111,40.2,1
11323,DJB,Paalmerah,"Jambi, Indonesia",Indonesia,,-1.63472222,103.64166667,1
11324,DJE,Djerba Airport,"Djerba, Tunisia",Tunisia,,33.87555556,10.77722222,1
11325,DJG,Tiska,"Djanet, Algeria",Algeria,,24.29305556,9.45194444,1
11326,DJJ,Sentani,"Jayapura, Indonesia",Indonesia,,-2.57916667,140.51944444,1
11327,DJN,Delta Junction Airport,"Delta Junction, AK",United States,Alaska,64.05,-145.7225,1
11328,DJO,Daloa Airport,"Daloa, Cote d'Ivoire",Cote d'Ivoire,,6.7925,-6.47333333,1
11329,DK1,Kolding Vamdrup Airport,"Kolding Vamdrup, Denmark",Denmark,,55.43527778,9.33027778,1
11330,DKI,Kyboola,"Dunk Island, Australia",Australia,,-17.94166667,146.13666667,1
11331,DKK,Chautauqua County/Dunkirk,"Dunkirk, NY",United States,New York,42.49388889,-79.27111111,1
11332,DKR,Leopold Sedar Senghor International,"Dakar, Senegal",Senegal,,14.74194444,-17.47916667,1
11333,DLA,Douala Airport,"Douala, Cameroon",Cameroon,,4.00611111,9.71944444,1
11334,DLC,Zhoushuizi,"Dalian, China",China,,38.96555556,121.53861111,1
11335,DLF,Laughlin AFB,"Del Rio, TX",United States,Texas,29.35944444,-100.77805556,1
11336,DLG,Dillingham Airport,"Dillingham, AK",United States,Alaska,59.04472222,-158.50555556,1
11337,DLH,Duluth International,"Duluth, MN",United States,Minnesota,46.84138889,-92.18305556,1
11338,DLI,Lienkhang,"Dalat, Vietnam",Vietnam,,11.74972222,108.37777778,1
11339,DLL,Dillon County,"Dillon, SC",United States,South Carolina,34.44916667,-79.36861111,1
11340,DLM,Dalaman Airport,"Dalaman, Turkey",Turkey,,36.71333333,28.7925,1
11341,DLO,Dolomi Airport,"Dolomi, AK",United States,Alaska,55.12222222,-132.05,1
11342,DLS,Columbia Gorge Regional/The Dalles Municipal,"The Dalles, OR",United States,Oregon,45.61944444,-121.16833333,1
11343,DLU,Xiaguan,"Dali City, China",China,,25.65,100.31888889,1
11344,DMA,Davis Monthan AFB,"Tucson, AZ",United States,Arizona,32.16638889,-110.88305556,1
11345,DME,Domodedovo,"Moscow, Russia",Russia,,55.40861111,37.90638889,1
11348,DMN,Deming Municipal,"Deming, NM",United States,New Mexico,32.2625,-107.71888889,1
11349,DMO,Sedalia Regional,"Sedalia, MO",United States,Missouri,38.7075,-93.17583333,1
11350,DMU,Manipur Road,"Dimapur, India",India,,25.88388889,93.77361111,1
11351,DNA,Kadena AB,"Okinawa, Japan",Japan,,26.35555556,127.7675,1
11352,DNB,Dunbar Airport,"Dunbar, Australia",Australia,,-16.01083333,142.39055556,1
11353,DNC,Duncan Canal Airport,"Duncan Canal, AK",United States,Alaska,56.75694444,-133.22166667,1
11354,DND,Dundee Airport,"Dundee, United Kingdom",United Kingdom,,56.4525,-3.02583333,1
11355,DNE,Dallas North,"Dallas/Fort Worth, TX",United States,Texas,33.07888889,-96.73833333,1
11357,DNK,Dnipro International,"Dnipropetrovsk, Ukraine",Ukraine,,48.35722222,35.10055556,1
11358,DNL,Daniel Field,"Augusta, GA",United States,Georgia,33.46666667,-82.03944444,1
11359,DNN,Dalton Municipal,"Dalton, GA",United States,Georgia,34.72305556,-84.87027778,1
11360,DNO,Dianopolis Airport,"Dianopolis, Brazil",Brazil,,-11.59527778,-46.84777778,1
11361,DNQ,Deniliquin Airport,"Deniliquin, Australia",Australia,,-35.55888889,144.94638889,1
11362,DNR,Dinard Pleurtuit Saint Malo,"Dinard, France",France,,48.58777778,-2.08,1
11363,DNV,Vermilion Regional,"Danville, IL",United States,Illinois,40.19972222,-87.59527778,1
11365,DNZ,Cardak,"Denizli, Turkey",Turkey,,37.78555556,29.70138889,1
11366,DOD,Dodoma Airport,"Dodoma, Tanzania",Tanzania,,-6.17055556,35.75611111,1
11367,DOF,Dora Bay Airport,"Dora Bay, AK",United States,Alaska,55.23333333,-132.21666667,1
11368,DOG,Dongola Airport,"Dongola, Sudan",Sudan,,19.15388889,30.43,1
11369,DOH, Hamad International,"Doha, Qatar",Qatar,,25.26111111,51.565,1
11370,DOK,Donetsk International,"Donetsk, Ukraine",Ukraine,,48.075,37.72555556,1
11371,DOL,Deauville Normandie,"Deauville, France",France,,49.36527778,0.15444444,1
11372,DOM,Douglas Charles,"Marigot, Dominica",Dominica,,15.54638889,-61.30222222,1
11373,DON,Dos Lagunas Airport,"Dos Lagunas, Guatemala",Guatemala,,17.69388889,-89.53111111,1
11374,DOU,Dourados Airport,"Dourados, Brazil",Brazil,,-22.20305556,-54.92777778,1
11375,DOV,Dover AFB,"Dover, DE",United States,Delaware,39.12944444,-75.46583333,1
11376,DPA,Du Page County,"Chicago, IL",United States,Illinois,41.91555556,-88.24666667,1
11377,DPG,Michael AAF,"Dugway, UT",United States,Utah,40.1975,-112.935,1
11378,DPL,Dipolog Airport,"Dipolog, Philippines",Philippines,,8.60138889,123.34166667,1
11379,DPO,Devonport Airport,"Devonport, Australia",Australia,,-41.16777778,146.42972222,1
11380,DPS,I Gusti Ngurah Rai,"Denpasar, Indonesia",Indonesia,,-8.74833333,115.1675,1
11381,AA8,Badami,"Deadhorse, AK",United States,Alaska,70.1375,-147.03055556,1
11382,DQB,Montijo Airport,"Montijo, Portugal",Portugal,,38.705,-9.0375,1
11383,DQC,Sebastian Municipal,"Sebastian, FL",United States,Florida,27.81333333,-80.49555556,1
11384,DQD,Allen H Tigert,"Soda Springs, ID",United States,Idaho,42.64861111,-111.58194444,1
11385,DQE,Holtville Airport,"Holtville, CA",United States,California,32.845,-115.26861111,1
11387,M91,Springfield Robertson County,"Springfield, TN",United States,Tennessee,36.53666667,-86.92111111,1
11388,DQH,Alpine Airstrip,"Alpine, AK",United States,Alaska,70.34416667,-150.94472222,1
11389,DQI,Colusa County,"Colusa, CA",United States,California,39.17888889,-121.99333333,1
11390,DQJ,Dunn County Weydahl Field,"Killdeer, ND",United States,North Dakota,47.39138889,-102.77194444,1
11391,DQK,Wheeler-Sack AAF,"Fort Drum, NY",United States,New York,44.05555556,-75.71972222,1
11392,DQL,Lake Hood,"Anchorage, AK",United States,Alaska,61.18666667,-149.96527778,1
11394,DQN,New Smyrna Beach Municipal Jack Bolt Field,"New Smyrna Beach, FL",United States,Florida,29.05555556,-80.94888889,1
11395,DQO,Delhi Municipal,"Delhi, LA",United States,Louisiana,32.41083333,-91.49861111,1
11396,DQP,Marshall Field,"Georgetown, KY",United States,Kentucky,38.23638889,-89.35861111,1
11397,DQQ,Cozad Municipal,"Cozad, NE",United States,Nebraska,40.86972222,-100.00416667,1
11398,DQR,Grand Canyon West,"Peach Springs, AZ",United States,Arizona,35.98611111,-113.81694444,1
11399,DQS,Grand Canyon Bar Ten Airstrip,"Whitmore, AZ",United States,Arizona,36.25638889,-113.23083333,1
11400,DQT,Boscombe Down,"Boscombe, United Kingdom",United Kingdom,,51.15333333,-1.75111111,1
11401,DQU,Neets Bay,"Ketchikan, AK",United States,Alaska,55.77888889,-131.60138889,1
11402,DQV,Glacier Point,"Haines, AK",United States,Alaska,59.1025,-135.38222222,1
11403,DQW,Hualapai,"Peach Springs, AZ",United States,Arizona,35.57222222,-113.2925,1
11404,DQX,Tsui River Airport,"Tsui River, AK",United States,Alaska,60.07472222,-143.08666667,1
11405,DQY,Cape Canaveral Sfs Skid Strip,"Cape Canaveral, FL",United States,Florida,28.4675,-80.56666667,1
11406,DQZ,Platinum Mine,"Platinum, AK",United States,Alaska,58.91166667,-161.71388889,1
11407,DRA,Desert Rock,"Mercury, NV",United States,Nevada,36.62,-116.03222222,1
11408,DRB,Derby Airport,"Derby, Australia",Australia,,-17.37194444,123.66222222,1
11409,DRE,Drummond Island Airport,"Drummond Island, MI",United States,Michigan,46.01,-83.74,1
11410,DRF,Drift River Airport,"Drift River, AK",United States,Alaska,60.58888889,-152.16194444,1
11411,DRG,Deering Airport,"Deering, AK",United States,Alaska,66.06916667,-162.76694444,1
11412,DRN,Dirranbandi Airport,"Dirranbandi, Australia",Australia,,-28.59166667,148.21666667,1
11413,DRO,Durango La Plata County,"Durango, CO",United States,Colorado,37.15166667,-107.75388889,1
11414,DRS,Dresden Airport,"Dresden, Germany",Germany,,51.13444444,13.76805556,1
11415,DRT,Del Rio International,"Del Rio, TX",United States,Texas,29.37416667,-100.92722222,1
11416,DRU,Drummond Airport,"Drummond, MT",United States,Montana,46.62083333,-113.205,1
11417,DRW,Darwin International,"Darwin, Australia",Australia,,-12.41111111,130.87055556,1
11418,DSA,Doncaster Sheffield,"Finningley, United Kingdom",United Kingdom,,53.47527778,-1.00416667,1
11419,DSD,La Desirade Airport,"La Desirade, Guadeloupe",Guadeloupe,,16.33333333,-61.01666667,1
11420,DSE,Kombolcha,"Dessie, Ethiopia",Ethiopia,,11.07777778,39.725,1
11421,DSI,Destin Executive,"Destin, FL",United States,Florida,30.4,-86.47138889,1
11422,DSK,D. I. Khan,"Dera Ismail Khan, Pakistan",Pakistan,,31.90944444,70.89666667,1
11423,DSM,Des Moines International,"Des Moines, IA",United States,Iowa,41.53388889,-93.66305556,1
11424,DTA,Delta Municipal,"Delta, UT",United States,Utah,39.38277778,-112.50222222,1
11425,DTH,Furnace Creek,"Death Valley, CA",United States,California,36.46055556,-116.87972222,1
11427,DTL,Detroit Lakes-Wething Field,"Detroit Lakes, MN",United States,Minnesota,46.82305556,-95.88277778,1
11428,DTM,Dortmund Airport,"Dortmund, Germany",Germany,,51.51916667,7.61444444,1
11429,DTN,Shreveport Downtown,"Shreveport, LA",United States,Louisiana,32.54083333,-93.74388889,1
11430,DTO,Denton Enterprise,"Denton, TX",United States,Texas,33.20194444,-97.19916667,1
11431,DTR,Decatur,"Decatur Island, WA",United States,Washington,48.51,-122.80305556,1
11432,DTT,Detroit Metropolitan Area,"Detroit, MI",United States,Michigan,42.31277778,-83.17861111,1
11433,DTW,Detroit Metro Wayne County,"Detroit, MI",United States,Michigan,42.2125,-83.35333333,1
11434,DUA,Eaker Field,"Durant, OK",United States,Oklahoma,33.93333333,-96.4,1
11435,DUB,Dublin Airport,"Dublin, Ireland",Ireland,,53.42861111,-6.2625,1
11436,DUC,Halliburton Field,"Duncan, OK",United States,Oklahoma,34.47083333,-97.95972222,1
11437,DUD,Dunedin Airport,"Dunedin, New Zealand",New Zealand,,-45.92916667,170.1975,1
11438,DUE,Kamakenzo,"Dundo, Angola",Angola,,-7.40277778,20.81694444,1
11439,DUF,Pine Island,"Duck, NC",United States,North Carolina,36.25361111,-75.78861111,1
11440,DUG,Bisbee Douglas International,"Douglas, AZ",United States,Arizona,31.46888889,-109.60388889,1
11441,DUJ,DuBois Regional,"DuBois, PA",United States,Pennsylvania,41.17833333,-78.89861111,1
11442,DUQ,Duncan,"Duncan/Quamichan Lake, Canada",Canada,British Columbia,48.75472222,-123.70972222,1
11443,DUR,Louis Botha,"Durban, South Africa",South Africa,,-29.97,30.95,1
11444,DUS,Duesseldorf,"Dusseldorf, Germany",Germany,,51.28944444,6.76666667,1
11445,DUT,Unalaska Airport,"Unalaska, AK",United States,Alaska,53.89888889,-166.545,1
11446,DVK,Diavik Airport,"Diavik, Canada",Canada,Northwest Territories,64.51138889,-110.28972222,1
11447,DVL,Devils Lake Regional,"Devils Lake, ND",United States,North Dakota,48.11666667,-98.91,1
11448,DVN,Davenport Municipal,"Davenport, IA",United States,Iowa,41.61027778,-90.58833333,1
11449,DVO,Francisco Bangoy International,"Davao, Philippines",Philippines,,7.12555556,125.64583333,1
11450,DVT,Phoenix - Deer Valley,"Phoenix, AZ",United States,Arizona,33.68833333,-112.0825,1
11452,DWA,Yolo County,"Davis/Woodland/Winters, CA",United States,California,38.57944444,-121.85694444,1
11453,DWH,David Wayne Hooks Memorial,"Houston, TX",United States,Texas,30.06083333,-95.5525,1
11454,DWS,Walt Disney World,"Orlando, FL",United States,Florida,28.38361111,-81.55,1
11455,DXB,Dubai International,"Dubai, United Arab Emirates",United Arab Emirates,,25.25111111,55.37111111,1
11456,DXR,Danbury Municipal,"Danbury, CT",United States,Connecticut,41.37166667,-73.48222222,1
11457,DYG,Hehua,"Dayong, China",China,,29.10305556,110.44361111,1
11458,DYR,Ugolny,"Anadyr, Russia",Russia,,64.735,177.74111111,1
11459,DYS,Dyess AFB,"Abilene, TX",United States,Texas,32.42055556,-99.85472222,1
11460,DYU,Dushanbe Airport,"Dushanbe, Tajikistan",Tajikistan,,38.54361111,68.82444444,1
11461,DZA,Dzaoudzi-Pamandzi,"Dzaoudzi, Mayotte",Mayotte,,-12.80916667,45.28194444,1
11462,DZO,Durazno Airport,"Durazno, Uruguay",Uruguay,,-33.36666667,-56.51666667,1
11463,EAA,Eagle Airport,"Eagle, AK",United States,Alaska,64.77805556,-141.14972222,1
11464,EAG,Eagle Creek Strip,"Noatak, AK",United States,Alaska,67.56222222,-162.97527778,1
11466,EAM,Nejran Airport,"Nejran, Saudi Arabia",Saudi Arabia,,17.61138889,44.41916667,1
11467,EAN,Phifer Airfield,"Wheatland, WY",United States,Wyoming,42.05555556,-104.92833333,1
11468,EAR,Kearney Regional,"Kearney, NE",United States,Nebraska,40.73166667,-99.00805556,1
11469,EAS,San Sebastian Airport,"San Sebastian, Spain",Spain,,43.35638889,-1.79055556,1
11470,EAT,Pangborn Memorial,"Wenatchee, WA",United States,Washington,47.39888889,-120.20694444,1
11471,EAU,Chippewa Valley Regional,"Eau Claire, WI",United States,Wisconsin,44.86583333,-91.48416667,1
11472,EBA,Marina Di Campo,"Elba Island, Italy",Italy,,42.76083333,10.23972222,1
11473,EBB,Entebbe International,"Entebbe/Kampala, Uganda",Uganda,,0.03916667,32.43861111,1
11474,EBD,El Obeid Airport,"El Obeid, Sudan",Sudan,,13.15222222,30.2325,1
11475,EBJ,Esbjerg Airport,"Esbjerg, Denmark",Denmark,,55.52583333,8.55361111,1
11476,EBL,Erbil International,"Erbil, Iraq",Iraq,,36.23805556,43.94666667,1
11477,EBU,Saint Etienne Loire,"St. Etienne, France",France,,45.54083333,4.29638889,1
11478,ECA,Iosco County,"East Tawas, MI",United States,Michigan,44.31277778,-83.42222222,1
11479,ECG,Elizabeth City CGAS/Regional,"Elizabeth City, NC",United States,North Carolina,36.26083333,-76.17194444,1
11480,ECN,Ercan Airport,"Ercan, Cyprus",Cyprus,,35.15222222,33.50722222,1
11481,ECP,Northwest Florida Beaches International,"Panama City, FL",United States,Florida,30.35833333,-85.79555556,1
11482,ECS,Mondell Field,"Newcastle, WY",United States,Wyoming,43.88416667,-104.31444444,1
11483,ECU,Edwards County,"Rocksprings, TX",United States,Texas,29.94694444,-100.17388889,1
11484,EDA,Edna Bay Airport,"Edna Bay, AK",United States,Alaska,55.93638889,-133.65555556,1
11486,EDE,Northeastern Regional,"Edenton, NC",United States,North Carolina,36.02861111,-76.56972222,1
11487,EDF,Elmendorf AFB,"Anchorage, AK",United States,Alaska,61.25138889,-149.80638889,1
11488,EDI,Edinburgh Airport,"Edinburgh, United Kingdom",United Kingdom,,55.95,-3.3725,1
11489,EDL,Eldoret Airport,"Eldoret, Kenya",Kenya,,0.53694444,35.28083333,1
11490,EDW,Edwards AFB,"Edwards, CA",United States,California,34.90805556,-117.88555556,1
11491,EED,Needles Airport,"Needles, CA",United States,California,34.76638889,-114.62333333,1
11492,EEK,Eek Airport,"Eek, AK",United States,Alaska,60.21361111,-162.04388889,1
11493,EEN,Dillant Hopkins,"Keene, NH",United States,New Hampshire,42.89833333,-72.27083333,1
11494,EFB,Eight Fathom Bight Airport,"Eight Fathom Bight, AK",United States,Alaska,58.0,-135.73333333,1
11495,EFD,Ellington,"Houston, TX",United States,Texas,29.60805556,-95.15805556,1
11496,EFK,Northeast Kingdom International,"Newport, VT",United States,Vermont,44.88805556,-72.22861111,1
11497,EFL,Argostolion,"Kefallinia Island, Greece",Greece,,38.11861111,20.49972222,1
11498,EG1,Sphinx International,"Cairo, Egypt",Egypt,,30.11416667,30.91055556,1
11499,EG2,Jiyanklis AB,"Jiyanklis, Egypt",Egypt,,30.81944444,30.19166667,1
11500,EG3,Beni Suef Airport,"Beni Suef, Egypt",Egypt,,29.205,31.01638889,1
11501,EGA,Chenega Airport,"Chenega, AK",United States,Alaska,60.28333333,-148.08333333,1
11502,EGC,Bergerac Dordogne Perigord,"Bergerac, France",France,,44.82444444,0.51888889,1
11503,EGE,Eagle County Regional,"Eagle, CO",United States,Colorado,39.64277778,-106.91583333,1
11504,EGI,Duke Field,"Crestview, FL",United States,Florida,30.64861111,-86.52194444,1
11505,EGN,Geneina Airport,"Geneina, Sudan",Sudan,,13.48361111,22.4725,1
11506,EGP,Eagle Pass Municipal,"Eagle Pass, TX",United States,Texas,28.70222222,-100.48055556,1
11507,EGS,Egilsstadir Airport,"Egilsstadir, Iceland",Iceland,,65.28333333,-14.40138889,1
11508,EGT,Wellington Municipal,"Wellington, KS",United States,Kansas,37.325,-97.38833333,1
11510,EGV,Eagle River Union,"Eagle River, WI",United States,Wisconsin,45.93222222,-89.26833333,1
11511,EGX,Egegik Airport,"Egegik, AK",United States,Alaska,58.18444444,-157.37472222,1
11512,EHM,Cape Newenham LRRS,"Cape Newenham, AK",United States,Alaska,58.64805556,-162.06305556,1
11513,EHR,Eagle Harbor Airport,"Eagle Harbor, AK",United States,Alaska,57.41666667,-152.71666667,1
11514,EHT,Rentschler Heliport,"East Hartford, CT",United States,Connecticut,41.75333333,-72.62833333,1
11515,EIA,Eia Airport,"Eia, Papua New Guinea",Papua New Guinea,,-8.10833333,147.625,1
11516,EIB,Eisenach Kindel,"Eisenach, Germany",Germany,,50.99222222,10.47611111,1
11517,EIL,Eielson AFB,"Fairbanks, AK",United States,Alaska,64.66555556,-147.10138889,1
11518,EIN,Eindhoven Airport,"Eindhoven, Netherlands",Netherlands,,51.45,5.37444444,1
11519,EIS,Terrance B Lettsome,"Road Town, British Virgin Islands",British Virgin Islands,,18.44555556,-64.54138889,1
11520,EJA,Yariguies,"Barrancabermeja, Colombia",Colombia,,7.02444444,-73.80694444,1
11521,EJH,Wedjh Airport,"Wedjh, Saudi Arabia",Saudi Arabia,,26.19861111,36.47611111,1
11522,EKA,Murray Field,"Eureka, CA",United States,California,40.80333333,-124.11277778,1
11523,EKI,Elkhart Municipal,"Elkhart, IN",United States,Indiana,41.71916667,-86.00305556,1
11524,EKN,Elkins Randolph County,"Elkins, WV",United States,West Virginia,38.88944444,-79.85722222,1
11525,EKO,Elko Regional,"Elko, NV",United States,Nevada,40.825,-115.79138889,1
11526,EKX,Addington Field,"Elizabethtown, KY",United States,Kentucky,37.68611111,-85.925,1
11527,EKY,Bessemer Ntl,"Bessemer, AL",United States,Alabama,33.3125,-86.92638889,1
11528,ELA,Eagle Lake Airport,"Eagle Lake, TX",United States,Texas,29.6,-96.32194444,1
11529,ELB,El Banco Airport,"El Banco, Colombia",Colombia,,9.04555556,-73.975,1
11530,ELC,Elcho Island Airport,"Elcho Island, Australia",Australia,,-12.01916667,135.57472222,1
11531,ELD,South Arkansas Regional at Goodwin Field,"El Dorado, AR",United States,Arkansas,33.22111111,-92.81166667,1
11532,ELF,El Fasher Airport,"El Fasher, Sudan",Sudan,,13.615,25.32472222,1
11533,ELG,El Golea Airport,"El Golea, Algeria",Algeria,,30.56944444,2.86166667,1
11534,ELH,North Eleuthera Airport,"North Eleuthera, The Bahamas",The Bahamas,,25.47555556,-76.68138889,1
11535,ELI,Elim Airport,"Elim, AK",United States,Alaska,64.615,-162.27055556,1
11536,ELJ,El Recreo Airport,"El Recreo, Colombia",Colombia,,2.0,-74.13333333,1
11537,ELM,Elmira/Corning Regional,"Elmira/Corning, NY",United States,New York,42.15777778,-76.89638889,1
11538,ELN,Bowers Field,"Ellensburg, WA",United States,Washington,47.03472222,-120.52888889,1
11540,ELP,El Paso International,"El Paso, TX",United States,Texas,31.80666667,-106.37333333,1
11541,ELQ,Prince Naif Bin Abdulaziz,"Gassim, Saudi Arabia",Saudi Arabia,,26.30277778,43.77416667,1
11543,ELS,King Phalo,"East London, South Africa",South Africa,,-33.03555556,27.82583333,1
11544,ELT,El Tor Airport,"El Tor, Egypt",Egypt,,28.20888889,33.64555556,1
11545,ELV,Elfin Cove Seaplane Base,"Elfin Cove, AK",United States,Alaska,58.2,-136.31666667,1
11546,ELW,Ellamar Seaplane Base,"Ellamar, AK",United States,Alaska,60.89333333,-146.70833333,1
11547,ELY,Ely Airport/Yelland Field,"Ely, NV",United States,Nevada,39.29972222,-114.84194444,1
11548,EMA,East Midlands,"Derby, United Kingdom",United Kingdom,,52.83111111,-1.32805556,1
11549,EMD,Emerald Airport,"Emerald, Australia",Australia,,-23.57,148.17777778,1
11550,EMK,Emmonak Airport,"Emmonak, AK",United States,Alaska,62.78611111,-164.49083333,1
11551,EMM,Kemmerer Municipal,"Kemmerer, WY",United States,Wyoming,41.82416667,-110.55694444,1
11552,EMN,Nema Airport,"Nema, Mauritania",Mauritania,,16.62166667,-7.31944444,1
11553,EMP,Emporia Municipal,"Emporia, KS",United States,Kansas,38.33055556,-96.19,1
11554,EMT,San Gabriel Valley,"El Monte, CA",United States,California,34.08611111,-118.03472222,1
11555,ENA,Kenai Municipal,"Kenai, AK",United States,Alaska,60.57222222,-151.24722222,1
11556,ENC,Nancy Essey,"Nancy, France",France,,48.69277778,6.23194444,1
11557,END,Vance AFB,"Enid, OK",United States,Oklahoma,36.33972222,-97.91722222,1
11558,ENL,Centralia Municipal,"Centralia, IL",United States,Illinois,38.515,-89.09111111,1
11559,ENN,Nenana Municipal,"Nenana, AK",United States,Alaska,64.54722222,-149.07388889,1
11560,ENQ,Palmerola International,"Comayagua, Honduras",Honduras,,14.3825,-87.62111111,1
11561,ENS,Twente,"Enschede, Netherlands",Netherlands,,52.27583333,6.8725,1
11562,ENU,Akanu Ibiam International,"Enugu, Nigeria",Nigeria,,6.47361111,7.55888889,1
11563,ENV,Wendover Airport,"Wendover, UT",United States,Utah,40.71861111,-114.02861111,1
11564,ENW,Kenosha Regional,"Kenosha, WI",United States,Wisconsin,42.59555556,-87.92638889,1
11565,EOH,Olaya Herrera,"Medellin, Colombia",Colombia,,6.22,-75.59055556,1
11566,EOK,Keokuk Municipal,"Keokuk, IA",United States,Iowa,40.46,-91.42861111,1
11567,EPH,Ephrata Municipal,"Ephrata/Moses Lake, WA",United States,Washington,47.30805556,-119.51694444,1
11569,EPL,Epinal Mirecourt,"Epinal, France",France,,48.32527778,6.07,1
11570,EPN,Epena Airport,"Epena, Congo (Brazaville)",Congo (Brazaville),,1.37305556,17.47361111,1
11571,EPR,Esperance Airport,"Esperance, Australia",Australia,,-33.68222222,121.82194444,1
11572,EQS,Esquel Airport,"Esquel, Argentina",Argentina,,-42.90388889,-71.13555556,1
11573,ERA,Erigavo Airport,"Erigavo, Somalia",Somalia,,10.64222222,47.38805556,1
11574,ERC,Erzincan Airport,"Erzincan, Turkey",Turkey,,39.71111111,39.52694444,1
11575,ERD,Berdyansk Airport,"Berdyansk, Ukraine",Ukraine,,46.73333333,36.78333333,1
11576,ERF,Erfurt Weimar,"Erfurt, Germany",Germany,,50.97972222,10.95805556,1
11577,ERI,Erie International/Tom Ridge Field,"Erie, PA",United States,Pennsylvania,42.07916667,-80.18,1
11578,ERM,Erechim Airport,"Erechim, Brazil",Brazil,,-27.66333333,-52.27166667,1
11579,ERN,Eirunepe Airport,"Eirunepe, Brazil",Brazil,,-6.63944444,-69.87972222,1
11580,ERS,Eros,"Windhoek, Namibia",Namibia,,-22.61222222,17.08027778,1
11581,ERT,Erdenet Airport,"Erdenet, Mongolia",Mongolia,,48.98361111,104.15027778,1
11582,ERV,Kerrville Municipal/Louis Schreiner Field,"Kerrville, TX",United States,Texas,29.97666667,-99.08555556,1
11583,ERZ,Erzurum Airport,"Erzurum, Turkey",Turkey,,39.95666667,41.17027778,1
11584,ES1,Getafe,"Madrid, Spain",Spain,,40.29416667,-3.72361111,1
11585,ESA,Esa'ala Airport,"Esa'ala, Papua New Guinea",Papua New Guinea,,-9.87388889,150.95416667,1
11586,ESB,Esenboga,"Ankara, Turkey",Turkey,,40.12805556,32.995,1
11587,ESC,Delta County,"Escanaba, MI",United States,Michigan,45.72277778,-87.09361111,1
11588,ESD,Orcas Island,"Eastsound, WA",United States,Washington,48.70833333,-122.91055556,1
11589,ESE,Ensenada Airport,"Ensenada, Mexico",Mexico,,31.79527778,-116.60277778,1
11590,ESF,Esler Regional,"Alexandria, LA",United States,Louisiana,31.395,-92.29583333,1
11591,ESM,Coronel Carlos Concha Torres,"Esmeraldas, Ecuador",Ecuador,,0.97777778,-79.62666667,1
11592,ESN,Easton/Newnam Field,"Easton, MD",United States,Maryland,38.80416667,-76.06888889,1
11593,ESP,Stroudsburg Pocono,"Stroudsburg, PA",United States,Pennsylvania,41.03583333,-75.16055556,1
11594,ESR,Ricardo Garcia Posada,"El Salvador, Chile",Chile,,-26.31111111,-69.76527778,1
11595,ESS,Essen Muelheim,"Essen, Germany",Germany,,51.40305556,6.93916667,1
11596,ETH,Eilat Airport,"Eilat, Israel",Israel,,29.56,34.95972222,1
11597,ETN,Eastland Municipal,"Eastland, TX",United States,Texas,32.415,-98.80972222,1
11598,ETS,Enterprise Municipal,"Enterprise, AL",United States,Alabama,31.29972222,-85.89972222,1
11599,ETZ,Metz Nancy Lorraine,"Metz/Nancy, France",France,,48.98027778,6.24888889,1
11600,EUA,Eua Airport,"Eua, Tonga",Tonga,,-21.3775,-174.95777778,1
11601,EUE,Eureka Airport,"Eureka, NV",United States,Nevada,39.60361111,-116.00361111,1
11602,EUF,Weedon Field,"Eufaula, AL",United States,Alabama,31.95138889,-85.12888889,1
11603,EUG,Mahlon Sweet Field,"Eugene, OR",United States,Oregon,44.12472222,-123.21083333,1
11604,EUN,Hassan I International,"Laayoune, Morocco",Morocco,,27.14361111,-13.22527778,1
11605,EUX,F.D. Roosevelt,"St. Eustatius, Bonaire, Sint Eustatius, and Saba","Bonaire, Sint Eustatius, and Saba",,17.49305556,-62.97777778,1
11606,EVC,Eva Creek Airport,"Eva Creek, AK",United States,Alaska,64.04222222,-148.86277778,1
11607,EVE,Harstad Narvik,"Evenes, Norway",Norway,,68.49138889,16.67805556,1
11608,EVG,Sveg Airport,"Sveg, Sweden",Sweden,,62.04777778,14.42305556,1
11609,EVM,Eveleth Virginia Municipal,"Eveleth, MN",United States,Minnesota,47.42416667,-92.49666667,1
11610,EVN,Zvartnots,"Yerevan, Armenia",Armenia,,40.14722222,44.39583333,1
11612,EVV,Evansville Regional,"Evansville, IN",United States,Indiana,38.04,-87.52972222,1
11613,EVW,Evanston-Uinta County Burns Field,"Evanston, WY",United States,Wyoming,41.27472222,-111.03472222,1
11614,EVX,Evreux Fauville,"Evreux, France",France,,49.02861111,1.22,1
11615,EWB,New Bedford Regional,"New Bedford/Fall River, MA",United States,Massachusetts,41.67666667,-70.95777778,1
11616,EWK,Newton City County,"Newton, KS",United States,Kansas,38.06083333,-97.27638889,1
11617,EWN,Coastal Carolina Regional,"New Bern/Morehead/Beaufort, NC",United States,North Carolina,35.07361111,-77.0425,1
11618,EWR,Newark Liberty International,"Newark, NJ",United States,New Jersey,40.69361111,-74.16861111,1
11619,EXI,Excursion Inlet Seaplane Base,"Excursion Inlet, AK",United States,Alaska,58.42083333,-135.44722222,1
11620,EXT,Exeter Airport,"Exeter, United Kingdom",United Kingdom,,50.73416667,-3.41388889,1
11621,EXU,George Town Airport,"George Town, The Bahamas",The Bahamas,,23.46638889,-75.78194444,1
11622,EYL,Yelimane Airport,"Yelimane, Mali",Mali,,15.12305556,-10.56833333,1
11623,EYP,El Alcaravan,"El Yopal, Colombia",Colombia,,5.31888889,-72.38416667,1
11624,EYW,Key West International,"Key West, FL",United States,Florida,24.55611111,-81.76,1
11625,EZE,Ministro Pistarini,"Ezeiza, Argentina",Argentina,,-34.82361111,-58.52861111,1
11626,EZS,Elazig Airport,"Elazig, Turkey",Turkey,,38.59861111,39.28111111,1
11627,RBK,French Valley,"Murrieta/Temecula, CA",United States,California,33.57416666,-117.12833333,1
11628,FAB,Farnborough Airport,"Farnborough, United Kingdom",United Kingdom,,51.27527778,-0.77777778,1
11629,FAE,Vagar,"Sorvagur, Denmark",Denmark,,62.06333333,-7.27583333,1
11630,FAI,Fairbanks International,"Fairbanks, AK",United States,Alaska,64.81527778,-147.85361111,1
11631,FAJ,Diego Jimenez Torres,"Fajardo, PR",United States,Puerto Rico,18.30888889,-65.66166667,1
11632,FAK,False Island Airport,"False Island, AK",United States,Alaska,57.51666667,-135.21666667,1
11633,FAL,Falcon State Park,"Roma, TX",United States,Texas,26.58333333,-99.13333333,1
11634,FAM,Farmington Regional,"Farmington, MO",United States,Missouri,37.76083333,-90.42861111,1
11635,FAN,Lista,"Farsund, Norway",Norway,,58.09972222,6.62611111,1
11636,FAO,Faro Airport,"Faro, Portugal",Portugal,,37.01527778,-7.97222222,1
11637,FAR,Hector International,"Fargo, ND",United States,North Dakota,46.91916667,-96.81583333,1
11638,FAT,Fresno Yosemite International,"Fresno, CA",United States,California,36.77666667,-119.71888889,1
11639,FAU,Fairmount Island Airport,"Fairmount Island, AK",United States,Alaska,60.89611111,-147.44666667,1
11640,FAV,Fakarava Airport,"Fakarava, French Polynesia",French Polynesia,,-16.05472222,-145.65805556,1
11641,FAY,Fayetteville Regional/Grannis Field,"Fayetteville, NC",United States,North Carolina,34.98777778,-78.88444444,1
11642,FBG,Simmons AAF,"Fort Bragg, NC",United States,North Carolina,35.13194444,-78.93611111,1
11643,FBK,Ladd AAF,"Fairbanks, AK",United States,Alaska,64.83666667,-147.61638889,1
11644,FBM,Lubumbashi International,"Lubumbashi, Congo (Kinshasa)",Congo (Kinshasa),,-11.59138889,27.53083333,1
11645,FBR,Fort Bridger Airport,"Fort Bridger, WY",United States,Wyoming,41.39333333,-110.40583333,1
11646,FBS,Friday Harbor Seaplane Base,"Friday Harbor, WA",United States,Washington,48.5375,-123.00833333,1
11647,FBU,Fornebu,"Oslo, Norway",Norway,,59.89472222,10.61888889,1
11648,FCA,Glacier Park International,"Kalispell, MT",United States,Montana,48.31388889,-114.25222222,1
11649,FCH,Fresno Chandler Executive,"Fresno, CA",United States,California,36.73222222,-119.82027778,1
11650,FCM,Flying Cloud,"Minneapolis, MN",United States,Minnesota,44.82722222,-93.45805556,1
11651,FCO,Fiumicino,"Rome, Italy",Italy,,41.80444444,12.25083333,1
11652,FCS,Butts AHP,"Colorado Springs, CO",United States,Colorado,38.695,-104.75638889,1
11653,FDE,Forde Airport,"Forde, Norway",Norway,,61.45916667,5.8475,1
11654,FDF,Martinique Aime Cesaire,"Fort de France, Martinique",Martinique,,14.59083333,-61.00444444,1
11655,FDH,Friedrichshafen Airport,"Friedrichshafen, Germany",Germany,,47.67138889,9.51138889,1
11656,FDK,Frederick Municipal,"Frederick, MD",United States,Maryland,39.41694444,-77.37472222,1
11657,FDR,Frederick Regional,"Frederick, OK",United States,Oklahoma,34.35222222,-98.98388889,1
11658,FDU,Bandundu Airport,"Bandundu, Congo (Kinshasa)",Congo (Kinshasa),,-3.31138889,17.38166667,1
11659,FDY,Findlay Airport,"Findlay, OH",United States,Ohio,41.01194444,-83.66861111,1
11660,FEG,Fergana Airport,"Fergana, Uzbekistan",Uzbekistan,,40.35833333,71.74472222,1
11661,FEN,Fernando de Noronha Airport,"Fernando de Noronha, Brazil",Brazil,,-3.85444444,-32.42305556,1
11662,FEP,Albertus,"Freeport, IL",United States,Illinois,42.24611111,-89.58194444,1
11663,FET,Fremont Municipal,"Fremont, NE",United States,Nebraska,41.45,-96.52111111,1
11664,FEW,Francis E. Warren AFB Heliport,"Cheyenne, WY",United States,Wyoming,41.14166667,-104.87138889,1
11665,FEZ,Saiss International,"Fez, Morocco",Morocco,,33.92722222,-4.97777778,1
11666,FFD,RAF Fairford,"Fairford, United Kingdom",United Kingdom,,51.68361111,-1.79,1
11667,FFM,Fergus Falls Municipal-Einar Mickelson Field,"Fergus Falls, MN",United States,Minnesota,46.28444444,-96.1575,1
11668,FFO,Wright-Patterson AFB,"Dayton, OH",United States,Ohio,39.82611111,-84.04833333,1
11669,FFT,Capital City,"Frankfort, KY",United States,Kentucky,38.18166667,-84.90666667,1
11670,FGD,Fderik Airport,"Fderik, Mauritania",Mauritania,,22.67194444,-12.72805556,1
11671,FGI,Fagali I,"Apia, Samoa",Samoa,,-13.84916667,-171.73944444,1
11673,FHU,Sierra Vista Municipal-Libby AAF,"Fort Huachuca, AZ",United States,Arizona,31.58833333,-110.34444444,1
11674,FIC,Fire Cove Airport,"Fire Cove, AK",United States,Alaska,55.77777778,-131.5375,1
11675,FID,Elizabeth Field,"Fishers Island, NY",United States,New York,41.25222222,-72.03166667,1
11676,FIH,N'Djili International,"Kinshasa, Congo (Kinshasa)",Congo (Kinshasa),,-4.38722222,15.44222222,1
11677,FIL,Fillmore Municipal,"Fillmore, UT",United States,Utah,38.95805556,-112.36305556,1
11678,FIN,Finschhafen Airport,"Finschhafen, Papua New Guinea",Papua New Guinea,,-6.62138889,147.85388889,1
11679,FIZ,Fitzroy Crossing Airport,"Fitzroy Crossing, Australia",Australia,,-18.18361111,125.55972222,1
11680,FJR,Fujairah International,"Al-Fujairah, United Arab Emirates",United Arab Emirates,,25.11055556,56.32527778,1
11681,FKB,Karlsruhe/Baden-Baden Airport,"Karlsruhe/Baden-Baden, Germany",Germany,,48.77944444,8.08055556,1
11682,FKI,Bangoka International,"Kisangani, Congo (Kinshasa)",Congo (Kinshasa),,0.48166667,25.33805556,1
11683,FKJ,Fukui Airport,"Fukui, Japan",Japan,,36.14277778,136.22388889,1
11684,FKL,Venango Regional,"Franklin/Oil City, PA",United States,Pennsylvania,41.3775,-79.86055556,1
11685,FKS,Fukushima Airport,"Fukushima, Japan",Japan,,37.2275,140.42805556,1
11686,FL1,Zephyrhills Municipal,"Zephyrhills, FL",United States,Florida,28.22666667,-82.15555556,1
11687,FL2,Valkaria Airport,"Valkaria, FL",United States,Florida,27.96083333,-80.55833333,1
11688,FL3,Vosikas,"Chipley, FL",United States,Florida,30.78,-85.59805556,1
11689,FL4,Flagler Executive,"Bunnell, FL",United States,Florida,29.46527778,-81.20777778,1
11690,FL5,Williston Regional,"Williston, FL",United States,Florida,29.35472222,-82.47055556,1
11691,FLA,Gustavo Artunduaga Paredes,"Florencia, Colombia",Colombia,,1.58916667,-75.56416667,1
11692,FLB,Floriano Airport,"Floriano, Brazil",Brazil,,-6.8,-43.03333333,1
11693,FLD,Fond Du Lac County,"Fond Du Lac, WI",United States,Wisconsin,43.77111111,-88.48833333,1
11694,FLF,Flensburg Schaeferhaus,"Flensburg, Germany",Germany,,54.77194444,9.37833333,1
11695,FLG,Flagstaff Pulliam,"Flagstaff, AZ",United States,Arizona,35.14027778,-111.66916667,1
11696,FLJ,Falls Bay Airport,"Falls Bay, AK",United States,Alaska,60.51666667,-148.0,1
11697,FLL,Fort Lauderdale-Hollywood International,"Fort Lauderdale, FL",United States,Florida,26.07138889,-80.14944444,1
11698,FLN,Hercilio Luz International,"Florianopolis, Brazil",Brazil,,-27.67027778,-48.54694444,1
11699,FLO,Florence Regional,"Florence, SC",United States,South Carolina,34.18611111,-79.72444444,1
11700,FLR,Firenze,"Florence, Italy",Italy,,43.81,11.20527778,1
11701,FLS,Flinders Island Airport,"Flinders Island, Australia",Australia,,-40.09416667,147.99361111,1
11702,FLT,Flat Airport,"Flat, AK",United States,Alaska,62.45277778,-157.98666667,1
11703,FLU,Flushing,"New York, NY",United States,New York,40.77916667,-73.83277778,1
11704,FLV,Sherman AAF,"Leavenworth, KS",United States,Kansas,39.36833333,-94.91472222,1
11705,FLW,Flores,"Santa Cruz das Flores, Portugal",Portugal,,39.45555556,-31.13138889,1
11706,FLX,Fallon Municipal,"Fallon, NV",United States,Nevada,39.49916667,-118.74888889,1
11707,FMA,Formosa Airport,"Formosa, Argentina",Argentina,,-26.21277778,-58.22805556,1
11708,FMC,Five Mile Camp Airport,"Five Mile Camp, AK",United States,Alaska,65.92694444,-149.84,1
11709,FMH,Cape Cod CGAS,"Falmouth, MA",United States,Massachusetts,41.65916667,-70.52277778,1
11710,FMI,Kalemie Airport,"Kalemie, Congo (Kinshasa)",Congo (Kinshasa),,-5.87361111,29.25222222,1
11711,FMN,Four Corners Regional,"Farmington, NM",United States,New Mexico,36.74138889,-108.23111111,1
11712,FMO,Muenster Osnabrueck,"Greven, Germany",Germany,,52.13472222,7.685,1
11713,FMS,Fort Madison Municipal,"Fort Madison, IA",United States,Iowa,40.65916667,-91.32777778,1
11714,FMY,Page Field,"Fort Myers, FL",United States,Florida,26.58666667,-81.86333333,1
11715,FNA,Freetown Lungi International,"Freetown, Sierra Leone",Sierra Leone,,8.61638889,-13.19555556,1
11716,FNC,Madeira,"Funchal, Portugal",Portugal,,32.69777778,-16.77444444,1
11717,FNI,Nimes Garons,"Nimes, France",France,,43.7575,4.41611111,1
11718,FNJ,Pyongyang International,"Pyongyang, North Korea",North Korea,,39.22527778,125.67305556,1
11719,FNL,Northern Colorado Regional,"Fort Collins/Loveland, CO",United States,Colorado,40.45194444,-105.01138889,1
11720,FNR,Funter Bay,"Funter Bay Alaska, AK",United States,Alaska,58.25,-134.9,1
11721,FNT,Bishop International,"Flint, MI",United States,Michigan,42.96555556,-83.74472222,1
11723,FOB,Fort Bragg Airport,"Fort Bragg, CA",United States,California,39.47444444,-123.79555556,1
11724,FOC,Changle,"Fuzhou, China",China,,25.93472222,119.66361111,1
11725,FOD,Fort Dodge Regional,"Fort Dodge, IA",United States,Iowa,42.5525,-94.19138889,1
11726,FOE,Topeka Regional,"Topeka, KS",United States,Kansas,38.95083333,-95.66361111,1
11727,FOG,Foggia Airport,"Foggia, Italy",Italy,,41.42666667,15.53944444,1
11728,FOK,Francis S. Gabreski,"Westhampton, NY",United States,New York,40.84361111,-72.63194444,1
11730,FOR,Pinto Martins International,"Fortaleza, Brazil",Brazil,,-3.77611111,-38.53305556,1
11731,FPO,Grand Bahama International,"Freeport, The Bahamas",The Bahamas,,26.55861111,-78.69555556,1
11732,FPR,Treasure Coast International,"Fort Pierce, FL",United States,Florida,27.49777778,-80.37361111,1
11733,FPY,Perry-Foley,"Perry, FL",United States,Florida,30.07083333,-83.58166667,1
11734,FQA,Patching Lake Airport,"Patching Lake, AK",United States,Alaska,55.60611111,-131.48333333,1
11735,FQB,San Nicolas Island NOLF,"Ventura, CA",United States,California,33.23972222,-119.45833333,1
11736,FQC,Lilly Lake,"Kodiak, AK",United States,Alaska,57.80555556,-152.38055556,1
11737,FQD,Trident Volcano,"Katmai National Park, AK",United States,Alaska,58.235,-155.10361111,1
11738,FQE,Annex Creek Airport,"Annex Creek, AK",United States,Alaska,58.31333333,-134.10416667,1
11739,FQF,Davidson Creek Airport,"Davidson Creek, AK",United States,Alaska,58.35277778,-133.99138889,1
11740,FQG,Snettisham Airport,"Snettisham, AK",United States,Alaska,58.13444444,-133.72944444,1
11741,FQH,Fire Island Airport,"Fire Island, AK",United States,Alaska,61.16833333,-150.16055556,1
11742,FQI,Georgetown Scott County Regional,"Scott, KY",United States,Kentucky,38.23444444,-84.43472222,1
11743,FQJ,Greens Creek Airport,"Greens Creek, AK",United States,Alaska,58.09861111,-134.76,1
11744,FQK,Gull Cove Airport,"Gull Cove, AK",United States,Alaska,58.21472222,-136.15638889,1
11745,FQL,Flora Municipal,"Flora, IL",United States,Illinois,38.665,-88.45305556,1
11747,FQN,Karta Lake Airport,"Karta Lake, AK",United States,Alaska,55.56222222,-132.63055556,1
11748,FQO,Manzanita Lake Airport,"Manzanita Lake, AK",United States,Alaska,55.56666667,-131.05638889,1
11749,FQP,Shrimp Bay Airport,"Shrimp Bay, AK",United States,Alaska,55.83444444,-131.48472222,1
11750,FQQ,Dry Bay Airport,"Dry Bay, AK",United States,Alaska,59.14666667,-138.56361111,1
11751,FQR,Josephine Lake Airport,"Josephine Lake, AK",United States,Alaska,55.24361111,-132.57333333,1
11754,FQU,Libby Airport,"Libby, MT",United States,Montana,48.28388889,-115.49027778,1
11755,FQV,Volcano Bay Airport,"Volcano Bay, AK",United States,Alaska,53.81444444,-167.11944444,1
11756,FQW,Fort Glenn Airport,"Fort Glenn, AK",United States,Alaska,53.36666667,-167.88333333,1
11757,FQX,Babe Islands Airport,"Babe Islands, AK",United States,Alaska,55.21027778,-132.13194444,1
11758,FQY,Kahli Cove Airport,"Kahli Cove, AK",United States,Alaska,55.92638889,-133.25277778,1
11760,FRA,Frankfurt Main,"Frankfurt, Germany",Germany,,50.0325,8.54055556,1
11761,FRC,Tenente Lund Pressoto,"Franca, Brazil",Brazil,,-20.59222222,-47.38333333,1
11762,FRD,Friday Harbor Airport,"Friday Harbor, WA",United States,Washington,48.52194444,-123.02444444,1
11763,FRF,Rhein Main AFB,"Frankfurt, Germany",Germany,,50.03027778,8.58805556,1
11764,FRG,Republic,"East Farmingdale, NY",United States,New York,40.72972222,-73.41444444,1
11765,FRL,Forli Airport,"Forli, Italy",Italy,,44.19472222,12.07,1
11766,FRM,Fairmont Municipal,"Fairmont, MN",United States,Minnesota,43.64388889,-94.41555556,1
11767,FRO,Floro Airport,"Floro, Norway",Norway,,61.58277778,5.01861111,1
11768,FRP,Fresh Water Bay Airport,"Fresh Water Bay, AK",United States,Alaska,57.85,-134.98333333,1
11769,FRR,Front Royal-Warren County,"Front Royal, VA",United States,Virginia,38.9175,-78.25333333,1
11770,FRS,Flores Airport,"Flores, Guatemala",Guatemala,,16.91666667,-89.88333333,1
11771,FRU,Manas,"Bishkek, Kyrgyzstan",Kyrgyzstan,,43.06138889,74.4775,1
11772,FRW,P G Matante International,"Francistown, Botswana",Botswana,,-21.15916667,27.46833333,1
11773,FRY,Eastern Slopes Regional,"Fryeburg, ME",United States,Maine,43.99111111,-70.94777778,1
11774,FSC,Figari Sud Corse,"Figari, France",France,,41.50222222,9.09694444,1
11775,FSD,Joe Foss Field,"Sioux Falls, SD",United States,South Dakota,43.58083333,-96.74166667,1
11776,FSI,Henry Post AAF,"Fort Sill, OK",United States,Oklahoma,34.64972222,-98.40222222,1
11777,FSK,Fort Scott Municipal,"Fort Scott, KS",United States,Kansas,37.79833333,-94.76944444,1
11778,FSM,Fort Smith Regional,"Fort Smith, AR",United States,Arkansas,35.33527778,-94.36777778,1
11779,FSP,Saint Pierre,"St. Pierre, Saint Pierre and Miquelon",Saint Pierre and Miquelon,,46.7625,-56.17555556,1
11780,FST,Fort Stockton Pecos County,"Ft. Stockton, TX",United States,Texas,30.91527778,-102.91277778,1
11781,FSZ,Shizuoka Airport,"Shizuoka, Japan",Japan,,34.79611111,138.18944444,1
11782,FTC,Fort Collins Airpark,"Fort Collins, CO",United States,Colorado,40.58722222,-105.04027778,1
11783,FTE,El Calafate Airport,"El Calafate, Argentina",Argentina,,-50.28027778,-72.05333333,1
11784,FTG,Colorado Air and Space Port,"Denver, CO",United States,Colorado,39.78416667,-104.5375,1
11785,FTK,Godman AAF,"Fort Knox, KY",United States,Kentucky,37.90722222,-85.97166667,1
11786,FTL,Fortuna Ledge Airport,"Fortuna Ledge, AK",United States,Alaska,61.86833333,-162.06805556,1
11787,FTU,Marillac,"Fort Dauphin, Madagascar",Madagascar,,-25.03805556,46.95555556,1
11788,MVZ,Masvingo International,"Masvingo, Zimbabwe",Zimbabwe,,-20.06222222,30.86138889,1
11789,FTW,Fort Worth Meacham International,"Dallas/Fort Worth, TX",United States,Texas,32.81972222,-97.36305556,1
11790,FTY,Fulton County Exec Charlie Brown Field,"Atlanta, GA",United States,Georgia,33.77916667,-84.5275,1
11791,FUE,Fuerteventura Airport,"Fuerteventura, Spain",Spain,,28.44833333,-13.86388889,1
11792,FUJ,Fukue Airport,"Fukue, Japan",Japan,,32.66638889,128.83277778,1
11793,FUK,Fukuoka Airport,"Fukuoka, Japan",Japan,,33.58583333,130.45055556,1
11794,FUL,Fullerton Municipal,"Fullerton, CA",United States,California,33.87194444,-117.97972222,1
11795,FUN,Funafuti International,"Funafuti, Tuvalu",Tuvalu,,-8.52388889,179.19666667,1
11796,FUT,Futuna Pointe Vele,"Futuna Island, Wallis and Futuna",Wallis and Futuna,,-14.31166667,-178.06638889,1
11797,FVA,Osprey Lodge Airport,"Osprey Lodge, AK",United States,Alaska,61.11638889,-155.31138889,1
11798,FVB,Baledogle Airport,"Baledogle, Somalia",Somalia,,2.66638889,44.78916667,1
11799,FVC,Baikonour Airport,"Baikonour, Kazakhstan",Kazakhstan,,45.92027778,63.34222222,1
11800,FVD,Sonora Municipal,"Sonora, TX",United States,Texas,30.58555556,-100.64861111,1
11801,FVE,Fallbrook Community Airpark,"Fallbrook, CA",United States,California,33.35472222,-117.25027778,1
11802,FVF,Hagadera,"Dadaab, Kenya",Kenya,,0.05972222,40.31583333,1
11803,FVG,Wickenburg Municipal,"Wickenburg, AZ",United States,Arizona,33.97055556,-112.795,1
11804,FVH,Othello Municipal,"Othello, WA",United States,Washington,46.79416667,-119.08,1
11805,FVI,Byerley,"Lake Providence, LA",United States,Louisiana,32.82583333,-91.18777778,1
11806,FVJ,Amberley Airport,"Amberley, Australia",Australia,,-27.64083333,152.71361111,1
11810,FVN,Big Sky Field,"Culbertson, MT",United States,Montana,48.15361111,-104.50416667,1
11811,FVO,Aurora State,"Aurora, OR",United States,Oregon,45.24722222,-122.77,1
11812,FVP,Gansner Field,"Quincy, CA",United States,California,39.94388889,-120.94527778,1
11813,FVQ,Donlin Creek Mine Airport,"Donlin Creek Mine, AK",United States,Alaska,62.07194444,-158.20416667,1
11814,FVR,Three Forks Airport,"Three Forks, MT",United States,Montana,45.87861111,-111.56916667,1
11815,FVS,Rexburg-Madison County,"Rexburg, ID",United States,Idaho,43.83388889,-111.805,1
11816,FVT,Latacunga Airport,"Latacunga, Ecuador",Ecuador,,-0.54388889,-78.37,1
11817,FVU,Las Palmas AB,"Las Palmas, Peru",Peru,,-12.16083333,-76.99888889,1
11818,FVV,Kern Valley,"Kernville, CA",United States,California,35.72833333,-118.41972222,1
11819,FVW,Golden Creek Mine Airport,"Golden Creek Mine, AK",United States,Alaska,65.28333333,-153.0,1
11820,FVX,Grace Harbor Airport,"Grace Harbor, AK",United States,Alaska,54.91666667,-132.91666667,1
11821,FVY,Unuk River Airport,"Unuk River, AK",United States,Alaska,56.08333333,-131.96666667,1
11822,FVZ,Inigok,"Deadhorse, AK",United States,Alaska,70.00388889,-153.0775,1
11823,FWA,Fort Wayne International,"Fort Wayne, IN",United States,Indiana,40.97833333,-85.19527778,1
11824,FWH,Fort Worth NAS JRB/Carswell Field,"Fort Worth, TX",United States,Texas,32.76916667,-97.44166667,1
11825,FWL,Farewell Airport,"Farewell, AK",United States,Alaska,62.50916667,-153.89055556,1
11826,FWS,Fort Worth Spinks,"Fort Worth, TX",United States,Texas,32.565,-97.30833333,1
11827,FXE,Fort Lauderdale Executive,"Fort Lauderdale, FL",United States,Florida,26.19833333,-80.17305556,1
11828,A35,Bullen Point AFS,"Kaktovik, AK",United States,Alaska,70.17111111,-146.84416667,1
11829,FXO,Nova Freixo Airport,"Nova Freixo, Mozambique",Mozambique,,-14.80527778,36.52694444,1
11830,FXR,Frankfort Clinton County Regional,"Clinton, IN",United States,Indiana,40.27333333,-86.56222222,1
11831,FXY,Forest City Municipal Trimble Field,"Forest City, IA",United States,Iowa,43.23472222,-93.62416667,1
11832,FYT,Faya-Largeau Airport,"Faya-Largeau, Chad",Chad,,17.9175,19.11138889,1
11833,FYU,Fort Yukon Airport,"Fort Yukon, AK",United States,Alaska,66.5725,-145.24638889,1
11834,FYV,Drake Field,"Fayetteville, AR",United States,Arkansas,36.005,-94.17,1
11835,FZO,Bristol Filton,"Filton, United Kingdom",United Kingdom,,51.51944444,-2.59083333,1
11836,GA1,Barwick Lafayette,"Lafayette, GA",United States,Georgia,34.68805556,-85.29055556,1
11837,GA2,West Georgia Regional - O V Gray Field,"Carrollton, GA",United States,Georgia,33.63166667,-85.15222222,1
11838,GA3,Newnan Coweta County,"Atlanta, GA",United States,Georgia,33.31166667,-84.76972222,1
11839,GAC,Gracias Airport,"Gracias, Honduras",Honduras,,14.59666667,-88.59388889,1
11840,GAD,Northeast Alabama Regional,"Gadsden, AL",United States,Alabama,33.97027778,-86.09138889,1
11841,GAE,Matmata Northeast,"Gabes, Tunisia",Tunisia,,33.87694444,10.10333333,1
11842,GAI,Montgomery County Airpark,"Gaithersburg, MD",United States,Maryland,39.16833333,-77.16611111,1
11843,GAJ,Yamagata Airport,"Yamagata, Japan",Japan,,38.41194444,140.37138889,1
11844,GAL,Edward G. Pitka Sr.,"Galena, AK",United States,Alaska,64.73611111,-156.93444444,1
11845,GAM,Gambell Airport,"Gambell, AK",United States,Alaska,63.76666667,-171.73277778,1
11846,GAN,Gan Island Airport,"Gan Island, Maldives",Maldives,,-0.69277778,73.15194444,1
11847,GAO,Los Canos,"Guantanamo, Cuba",Cuba,,20.08111111,-75.15805556,1
11848,GAQ,Gao Airport,"Gao, Mali",Mali,,16.24861111,-0.00527778,1
11849,GAR,Garaina Airport,"Garaina, Papua New Guinea",Papua New Guinea,,-7.87666667,147.14361111,1
11850,GAT,Gap Tallard,"Gap, France",France,,44.45361111,6.03666667,1
11851,GAU,Lokpriya Gopinath Bordoloi International,"Guwahati, India",India,,26.10777778,91.58583333,1
11852,GAW,Gangaw Airport,"Gangaw, Burma",Burma,,22.175,94.13416667,1
11853,GAY,Gaya Airport,"Gaya, India",India,,24.74416667,84.95055556,1
11854,GB1,Wattisham,"Suffolk, United Kingdom",United Kingdom,,52.12694444,0.95527778,1
11855,GBA,Goose Bay AAF,"Goose Bay, AK",United States,Alaska,61.395,-149.84166667,1
11856,GBD,Great Bend Municipal,"Great Bend, KS",United States,Kansas,38.34416667,-98.85916667,1
11857,GBE,Sir Seretse Khama International,"Gaborone, Botswana",Botswana,,-24.55305556,25.92277778,1
11858,GBG,Harrel W Timmons Galesburg Regional,"Galesburg, IL",United States,Illinois,40.93805556,-90.43111111,1
11859,GBH,Galbraith Lake Airport,"Galbraith Lake, AK",United States,Alaska,68.47972222,-149.49,1
11860,GBJ,Marie Galante Airport,"Marie Galante, Guadeloupe",Guadeloupe,,15.86888889,-61.27,1
11861,GBK,Gbangbatok Airport,"Gbangbatok, Sierra Leone",Sierra Leone,,7.8125,-12.37805556,1
11862,GBR,Walter J. Koladza,"Great Barrington, MA",United States,Massachusetts,42.18416667,-73.40333333,1
11863,GBU,Khashm El Girba Airport,"Khashm El Girba, Sudan",Sudan,,14.92416667,35.87694444,1
11864,GCA,Guacamayas Airport,"Guacamayas, Colombia",Colombia,,2.28333333,-74.95,1
11865,GCC,Northeast Wyoming Regional,"Gillette, WY",United States,Wyoming,44.34722222,-105.54138889,1
11866,GCI,Guernsey Airport,"Guernsey, United Kingdom",United Kingdom,,49.435,-2.60277778,1
11867,GCK,Garden City Regional,"Garden City, KS",United States,Kansas,37.9225,-100.72305556,1
11868,GCM,Owen Roberts International,"Grand Cayman, Cayman Islands",Cayman Islands,,19.2925,-81.35888889,1
11869,GCN,Grand Canyon National Park,"Grand Canyon, AZ",United States,Arizona,35.95222222,-112.14694444,1
11870,GCY,Municipal,"Greeneville, TN",United States,Tennessee,36.19138889,-82.81666667,1
11871,GDC,Donaldson Field,"Greenville, SC",United States,South Carolina,34.75833333,-82.37638889,1
11872,GDE,Gode Airport,"Gode, Ethiopia",Ethiopia,,5.93472222,43.57805556,1
11873,GDH,Golden Horn Lodge Seaplane Base,"Golden Horn Lodge, AK",United States,Alaska,59.74694444,-158.87472222,1
11874,GDL,Guadalajara International,"Guadalajara, Mexico",Mexico,,20.52305556,-103.31055556,1
11875,GDM,Gardner Municipal,"Gardner, MA",United States,Massachusetts,42.55,-72.01611111,1
11876,GDN,Gdansk Lech Walesa,"Gdansk, Poland",Poland,,54.37611111,18.47194444,1
11877,GDQ,Gonder Atse Tewodros,"Gondar, Ethiopia",Ethiopia,,12.52,37.43416667,1
11878,GDT,JAGS McCartney International,"Grand Turk, Turks and Caicos Islands",Turks and Caicos Islands,,21.44444444,-71.14222222,1
11879,GDV,Dawson Community,"Glendive, MT",United States,Montana,47.13861111,-104.80722222,1
11880,GDW,Gladwin Zettel Memorial,"Gladwin, MI",United States,Michigan,43.97055556,-84.475,1
11881,GDX,Sokol,"Magadan, Russia",Russia,,59.91083333,150.72027778,1
11882,GEA,Noumea Magenta,"Noumea, New Caledonia",New Caledonia,,-22.25777778,166.47277778,1
11883,GED,Delaware Coastal,"Georgetown, DE",United States,Delaware,38.6875,-75.35944444,1
11884,GEG,Spokane International,"Spokane, WA",United States,Washington,47.61916667,-117.53527778,1
11885,GEK,Ganes Creek Airport,"Ganes Creek, AK",United States,Alaska,62.97555556,-156.51333333,1
11886,GEL,Santo Angelo Airport,"Santo Angelo, Brazil",Brazil,,-28.2825,-54.16972222,1
11887,GEN,Gardermoen,"Oslo, Norway",Norway,,60.20305556,11.08527778,1
11888,GEO,Cheddi Jagan International,"Georgetown, Guyana",Guyana,,6.49861111,-58.25416667,1
11889,GER,Rafael Cabrera,"Nueva Gerona, Cuba",Cuba,,21.83472222,-82.78388889,1
11890,GES,General Santos Airport,"General Santos, Philippines",Philippines,,6.10555556,125.235,1
11891,GET,Geraldton Airport,"Geraldton, Australia",Australia,,-28.79194444,114.70444444,1
11892,GEV,Gallivare Airport,"Gallivare, Sweden",Sweden,,67.1325,20.81472222,1
11893,GEY,South Big Horn County,"Greybull, WY",United States,Wyoming,44.51805556,-108.08305556,1
11894,GEZ,Shelbyville Municipal,"Shelbyville, IN",United States,Indiana,39.58305556,-85.80472222,1
11895,GFA,Malmstrom AFB Heliport,"Great Falls, MT",United States,Montana,47.50583333,-111.18472222,1
11896,GFB,Togiak Fish Airport,"Togiak Fish, AK",United States,Alaska,59.05,-160.28333333,1
11897,GFF,Griffith Airport,"Griffith, Australia",Australia,,-34.25416667,146.06027778,1
11898,GFK,Grand Forks International,"Grand Forks, ND",United States,North Dakota,47.94638889,-97.17305556,1
11899,GFL,Floyd Bennett Memorial,"Glens Falls, NY",United States,New York,43.34111111,-73.61027778,1
11900,GFN,Grafton Airport,"Grafton, Australia",Australia,,-29.75472222,153.03111111,1
11901,GFO,Bartica Airport,"Bartica, Guyana",Guyana,,6.36027778,-58.65416667,1
11902,GFR,Granville Mont Saint Michel,"Granville, France",France,,48.88222222,-1.56555556,1
11903,GFY,Grootfontein Airport,"Grootfontein, Namibia",Namibia,,-19.60222222,18.1225,1
11904,GGE,Georgetown County,"Georgetown, SC",United States,South Carolina,33.31138889,-79.32027778,1
11905,GGG,East Texas Regional,"Longview, TX",United States,Texas,32.38972222,-94.71666667,1
11906,GGN,Gagnoa Airport,"Gagnoa, Cote d'Ivoire",Cote d'Ivoire,,6.10361111,-5.98694444,1
11907,GGT,Exuma International,"Moss Town, The Bahamas",The Bahamas,,23.5625,-75.8775,1
11908,GGW,Wokal Field Glasgow Valley County,"Glasgow, MT",United States,Montana,48.21277778,-106.61638889,1
11909,GHA,Noumerat Moufdi Zakaria,"Ghardaia, Algeria",Algeria,,32.38444444,3.79472222,1
11910,GHB,Governors Harbour Airport,"Governors Harbour, The Bahamas",The Bahamas,,25.28472222,-76.33111111,1
11911,GHC,Great Harbour Cay Airport,"Great Harbour Cay, The Bahamas",The Bahamas,,25.73833333,-77.84027778,1
11912,GHT,Ghat Airport,"Ghat, Libya",Libya,,25.14555556,10.1425,1
11913,GHU,Gualeguaychu Airport,"Gualeguaychu, Argentina",Argentina,,-33.00555556,-58.61277778,1
11914,GIB,Gibraltar Airport,"Gibraltar, Gibraltar",Gibraltar,,36.15111111,-5.34972222,1
11915,GIG,Galeao Antonio Carlos Jobim International,"Rio de Janeiro, Brazil",Brazil,,-22.80888889,-43.24361111,1
11916,GIL,Gilgit Airport,"Gilgit, Pakistan",Pakistan,,35.91888889,74.33361111,1
11917,GIS,Gisborne Airport,"Gisborne, New Zealand",New Zealand,,-38.66388889,177.97694444,1
11918,GIZ,Gizan Saudia Arabia,"Gizan, Saudi Arabia",Saudi Arabia,,16.86666667,42.58333333,1
11919,GJA,Guanaja,"Guanaja Island, Honduras",Honduras,,16.44555556,-85.90666667,1
11920,GJM,Guajara Mirim,"Guajara-Mirim, Brazil",Brazil,,-10.78638889,-65.285,1
11921,GJT,Grand Junction Regional,"Grand Junction, CO",United States,Colorado,39.11861111,-108.51444444,1
11922,GKA,Goroka Airport,"Goroka, Papua New Guinea",Papua New Guinea,,-6.0825,145.39194444,1
11923,GKL,Bonnie Doon,"Great Keppel Island, Australia",Australia,,-23.18333333,150.94166667,1
11924,GKN,Gulkana Airport,"Gulkana, AK",United States,Alaska,62.155,-145.45444444,1
11926,GL1,Station Nord Airport,"Station Nord, Greenland",Greenland,,81.60055556,-16.66722222,1
11927,GL2,Hyde Fjord Ice Strip,"Hyde Fjord, Greenland",Greenland,,83.06666667,-31.25,1
11928,GLA,Glasgow Airport,"Glasgow, United Kingdom",United Kingdom,,55.87166667,-4.43361111,1
11929,GLD,Renner Field Goodland Municipal,"Goodland, KS",United States,Kansas,39.37083333,-101.69861111,1
11930,GLF,Golfito Airport,"Golfito, Costa Rica",Costa Rica,,8.65388889,-83.18194444,1
11931,GLH,Greenville Mid Delta,"Greenville, MS",United States,Mississippi,33.48527778,-90.98472222,1
11932,GLI,Glen Innes Airport,"Glen Innes, Australia",Australia,,-29.675,151.68944444,1
11933,GLK,Galkaio,"Galcaio, Somalia",Somalia,,6.78138889,47.45555556,1
11934,GLM,Glenormiston Airport,"Glenormiston, Australia",Australia,,-22.88888889,138.82416667,1
11935,GLN,Goulimime Airport,"Goulimime, Morocco",Morocco,,29.02638889,-10.05055556,1
11936,GLO,Gloucestershire,"Gloucester/Cheltenham, United Kingdom",United Kingdom,,51.89305556,-2.16555556,1
11937,GLQ,Glennallen Airport,"Glennallen, AK",United States,Alaska,62.11861111,-145.55,1
11938,GLR,Gaylord Regional,"Gaylord, MI",United States,Michigan,45.01444444,-84.70222222,1
11939,GLS,Scholes International at Galveston,"Galveston, TX",United States,Texas,29.26277778,-94.85916667,1
11940,GLT,Gladstone Airport,"Gladstone, Australia",Australia,,-23.86972222,151.225,1
11941,GLV,Golovin Airport,"Golovin, AK",United States,Alaska,64.55055556,-163.00722222,1
11942,GLW,Glasgow Municipal,"Glasgow, KY",United States,Kentucky,37.03166667,-85.95388889,1
11943,GMA,Gemena Airport,"Gemena, Congo (Kinshasa)",Congo (Kinshasa),,3.23527778,19.77111111,1
11944,GMC,Guerima Airport,"Guerima, Colombia",Colombia,,3.63333333,-71.16666667,1
11945,GMP,Gimpo International,"Seoul, South Korea",South Korea,,37.55861111,126.79055556,1
11946,GMT,Granite Mountain AS,"Granite Mountain, AK",United States,Alaska,65.40222222,-161.28138889,1
11947,GMU,Greenville Downtown,"Greenville, SC",United States,South Carolina,34.84777778,-82.34833333,1
11948,GNA,Hrodna Airport,"Hrodna, Belarus",Belarus,,53.60194444,24.05388889,1
11949,GNB,Grenoble Alpes Isere,"Grenoble, France",France,,45.36305556,5.32944444,1
11950,GND,Maurice Bishop International,"Grenada, Grenada",Grenada,,12.00416667,-61.78611111,1
11951,GNR,General Roca Airport,"General Roca, Argentina",Argentina,,-39.0,-67.62055556,1
11952,GNU,Goodnews,"Goodnews Bay, AK",United States,Alaska,59.11777778,-161.57361111,1
11953,GNV,Gainesville Regional,"Gainesville, FL",United States,Florida,29.69083333,-82.27277778,1
11954,GOA,Genova/Sestri,"Genoa, Italy",Italy,,44.41194444,8.84194444,1
11955,GOB,Goba Airport,"Goba, Ethiopia",Ethiopia,,7.01388889,39.98055556,1
11956,GOH,Nuuk Airport,"Nuuk, Greenland",Greenland,,64.19083333,-51.67944444,1
11957,GOI,Goa Airport,"Goa, India",India,,15.38083333,73.83277778,1
11958,GOJ,Strigino,"Nizhniy Novgorod, Russia",Russia,,56.22888889,43.78361111,1
11959,GOL,Gold Beach Municipal,"Gold Beach, OR",United States,Oregon,42.41527778,-124.425,1
11960,GOM,Goma Airport,"Goma, Congo (Kinshasa)",Congo (Kinshasa),,-1.66611111,29.23805556,1
11961,GON,Groton-New London,"New London/Groton, CT",United States,Connecticut,41.3275,-72.04583333,1
11962,GOO,Goondiwindi Airport,"Goondiwindi, Australia",Australia,,-28.5225,150.32027778,1
11963,GOP,Gorakhpur Airport,"Gorakhpur, India",India,,26.74083333,83.45,1
11964,GOR,Gore Airport,"Gore, Ethiopia",Ethiopia,,8.16111111,35.55277778,1
11965,GOS,Gosford Airport,"Gosford, Australia",Australia,,-33.43333333,151.35,1
11966,GOT,Landvetter,"Gothenburg, Sweden",Sweden,,57.66277778,12.27972222,1
11967,GOU,Garoua Airport,"Garoua, Cameroon",Cameroon,,9.33611111,13.37,1
11968,GOV,Gove Airport,"Gove, Australia",Australia,,-12.26916667,136.8175,1
11969,GOZ,Gorna Oryahovitsa Airport,"Gorna Oryahovitsa, Bulgaria",Bulgaria,,43.15138889,25.71277778,1
11970,GPI,Guapi Airport,"Guapi, Colombia",Colombia,,2.58333333,-77.9,1
11971,GPM,Grand Prairie Municipal,"Grand Prairie, TX",United States,Texas,32.69888889,-97.04694444,1
11972,GPS,Baltra,"Galapagos Islands, Ecuador",Ecuador,,-0.43472222,-90.28277778,1
11973,GPT,Gulfport-Biloxi International,"Gulfport/Biloxi, MS",United States,Mississippi,30.40111111,-89.06611111,1
11974,GPZ,Grand Rapids/Itasca County-Gordon Newstrom Field,"Grand Rapids, MN",United States,Minnesota,47.20916667,-93.51,1
11975,GQQ,Horning,"Galion, OH",United States,Ohio,40.73611111,-82.75277778,1
11976,GRA,Germania,"Gamarra, Colombia",Colombia,,8.33083333,-73.69472222,1
11977,GRB,Green Bay Austin Straubel International,"Green Bay, WI",United States,Wisconsin,44.48472222,-88.12972222,1
11978,GRD,Greenwood County,"Greenwood, SC",United States,South Carolina,34.25027778,-82.15777778,1
11979,GRF,Gray AAF,"Tacoma, WA",United States,Washington,47.07916667,-122.58083333,1
11980,GRI,Central Nebraska Regional,"Grand Island, NE",United States,Nebraska,40.98055556,-98.31472222,1
11981,GRJ,George Airport,"George, South Africa",South Africa,,-34.00555556,22.37777778,1
11982,GRK,Robert Gray AAF,"Killeen, TX",United States,Texas,31.06722222,-97.82888889,1
11983,GRO,Gerona Costa Brava,"Gerona, Spain",Spain,,41.90916667,2.76333333,1
11984,GRP,Gurupi Airport,"Gurupi, Brazil",Brazil,,-11.73944444,-49.13388889,1
11985,GRQ,Eelde,"Groningen, Netherlands",Netherlands,,53.11805556,6.57555556,1
11986,GRR,Gerald R. Ford International,"Grand Rapids, MI",United States,Michigan,42.88194444,-85.52388889,1
11987,GRS,Grosseto Airport,"Grosseto, Italy",Italy,,42.75972222,11.07138889,1
11988,GRU,Guarulhos Gov Andre Franco Montoro,"Sao Paulo, Brazil",Brazil,,-23.43222222,-46.46944444,1
11989,GRW,Graciosa Island Airport,"Graciosa Island, Portugal",Portugal,,39.06666667,-28.0,1
11990,GRX,Granada Airport,"Granada, Spain",Spain,,37.18861111,-3.77722222,1
11991,GRZ,Graz Airport,"Graz, Austria",Austria,,46.99111111,15.43972222,1
11992,GSB,Seymour Johnson AFB,"Goldsboro, NC",United States,North Carolina,35.33944444,-77.96055556,1
11993,GSE,Gothenburg City,"Gothenburg, Sweden",Sweden,,57.77583333,11.87305556,1
11994,GSH,Goshen Municipal,"Goshen, IN",United States,Indiana,41.52611111,-85.79416667,1
11995,GSO,Piedmont Triad International,"Greensboro/High Point, NC",United States,North Carolina,36.10138889,-79.94111111,1
11996,GSP,Greenville-Spartanburg International,"Greer, SC",United States,South Carolina,34.89555556,-82.21888889,1
11997,GST,Gustavus Airport,"Gustavus, AK",United States,Alaska,58.42527778,-135.7075,1
11999,GSW,Greater Southwest International,"Dallas/Fort Worth, TX",United States,Texas,32.8275,-97.04527778,1
12000,GT1,San Jose Airport,"San Jose, Guatemala",Guatemala,,13.93611111,-90.83583333,1
12001,GTB,Genting Airport,"Genting, Malaysia",Malaysia,,3.41666667,101.8,1
12002,GTE,Groote Eylandt,"Groote Island, Australia",Australia,,-13.9725,136.45861111,1
12003,GTF,Great Falls International,"Great Falls, MT",United States,Montana,47.47666667,-111.37305556,1
12004,GTK,Sungei Tekai Airport,"Sungei Tekai, Malaysia",Malaysia,,2.6,102.91666667,1
12005,GTN,Glentanner,"Mount Cook, New Zealand",New Zealand,,-43.91083333,170.12861111,1
12006,GTO,Djalaluddin,"Gorontalo, Indonesia",Indonesia,,0.63722222,122.84916667,1
12007,GTR,Golden Triangle Regional,"Columbus, MS",United States,Mississippi,33.44833333,-88.59138889,1
12008,GTU,Georgetown Exec,"Georgetown, TX",United States,Texas,30.67888889,-97.67944444,1
12009,GTW,Holesov,"Zlin, Czech Republic",Czech Republic,,49.31361111,17.57722222,1
12010,GUA,La Aurora International,"Guatemala City, Guatemala",Guatemala,,14.58333333,-90.5275,1
12011,GUB,Guerrero Negro Airport,"Guerrero Negro, Mexico",Mexico,,28.02638889,-114.02444444,1
12012,GUC,Gunnison-Crested Butte Regional,"Gunnison, CO",United States,Colorado,38.53611111,-106.92944444,1
12013,GUD,Goundam Airport,"Goundam, Mali",Mali,,16.35833333,-3.60444444,1
12014,GUH,Gunnedah Airport,"Gunnedah, Australia",Australia,,-30.9575,150.2475,1
12015,GUI,Almirante Cristobal Colon,"Guiria, Venezuela",Venezuela,,10.57416667,-62.31277778,1
12016,GUM,Guam International,"Guam, TT",United States,U.S. Pacific Trust Territories and Possessions,13.48388889,144.79722222,1
12017,GUO,Jicalapa,"Gualaco, Honduras",Honduras,,15.0075,-86.05055556,1
12018,GUP,Gallup Municipal,"Gallup, NM",United States,New Mexico,35.51111111,-108.78944444,1
12019,GUQ,Guanare Airport,"Guanare, Venezuela",Venezuela,,9.02694444,-69.75527778,1
12020,GUR,Gurney,"Alotau, Papua New Guinea",Papua New Guinea,,-10.31055556,150.33527778,1
12021,GUS,Grissom ARB,"Peru, IN",United States,Indiana,40.64805556,-86.15222222,1
12022,GUT,Gutersloh Airport,"Gutersloh, Germany",Germany,,51.9225,8.30305556,1
12023,GUW,Atyrau Airport,"Atyrau, Kazakhstan",Kazakhstan,,47.12194444,51.82,1
12024,GUY,Guymon Municipal,"Guymon, OK",United States,Oklahoma,36.68416667,-101.50694444,1
12025,GUZ,Guiratinga Airport,"Guiratinga, Brazil",Brazil,,-16.29333333,-53.76944444,1
12026,GVA,Geneva Airport,"Geneva, Switzerland",Switzerland,,46.23805556,6.10888889,1
12027,GVE,Gordonsville Municipal,"Gordonville, VA",United States,Virginia,38.15611111,-78.16583333,1
12028,GVL,Lee Gilmer Memorial,"Gainesville, GA",United States,Georgia,34.2725,-83.83027778,1
12029,GVQ,Genesee County,"Batavia, NY",United States,New York,43.03166667,-78.16972222,1
12030,GVR,Coronel Altino Machado,"Governador Valadares, Brazil",Brazil,,-18.89611111,-41.98333333,1
12031,GVT,Majors,"Greenville, TX",United States,Texas,33.06777778,-96.06527778,1
12032,GVW,Richards/Gebaur AFB,"Grandview, MO",United States,Missouri,38.85083333,-94.55833333,1
12033,GVX,Gavle Airport,"Gavle, Sweden",Sweden,,60.59305556,16.95111111,1
12034,GWD,Gwadar International,"Gwadar, Pakistan",Pakistan,,25.23222222,62.3275,1
12035,GWE,Gweru Thornhill,"Gweru, Zimbabwe",Zimbabwe,,-19.43694444,29.86138889,1
12038,GWL,Gwalior Airport,"Gwalior, India",India,,26.295,78.22777778,1
12039,GWO,Greenwood/Leflore,"Greenwood, MS",United States,Mississippi,33.49333333,-90.08666667,1
12040,GWR,Gwinner-Roger Melroe Field,"Gwinner, ND",United States,North Dakota,46.21833333,-97.64333333,1
12041,GWS,Kgws Sumers Airpark,"Glenwood Springs, CO",United States,Colorado,39.50611111,-107.30916667,1
12042,GWT,Sylt,"Westerland-Sylt, Germany",Germany,,54.91333333,8.34055556,1
12044,GWY,Carnmore,"Galway, Ireland",Ireland,,53.29444444,-8.95,1
12045,GXF,Sayun International,"Sayun, Yemen",Yemen,,15.96611111,48.78833333,1
12046,GXH,Mildenhall NAF,"Mildenhall, United Kingdom",United Kingdom,,52.35,0.5,1
12047,GXQ,Teniente Vidal,"Coyhaique, Chile",Chile,,-45.59416667,-72.10638889,1
12048,GXX,Yagoua Ville,"Yagoua, Cameroon",Cameroon,,10.35638889,15.23777778,1
12049,GYA,Guayaramerin Airport,"Guayaramerin, Bolivia",Bolivia,,-10.82194444,-65.34583333,1
12050,BAK,Baku Metropolitan Area,"Baku, Azerbaijan",Azerbaijan,,40.4675,50.04666667,1
12051,GYE,Jose Joaquin de Olmedo International,"Guayaquil, Ecuador",Ecuador,,-2.1575,-79.88361111,1
12052,GYM,Guaymas International,"Guaymas, Mexico",Mexico,,27.96944444,-110.92361111,1
12053,GYN,Santa Genoveva International,"Goiania, Brazil",Brazil,,-16.6325,-49.22027778,1
12054,GYR,Phoenix Goodyear,"Goodyear, AZ",United States,Arizona,33.42333333,-112.37527778,1
12055,GYY,Gary/Chicago International,"Gary, IN",United States,Indiana,41.61805556,-87.41527778,1
12056,GZO,Gizo Airport,"Gizo, Solomon Islands",Solomon Islands,,-8.09833333,156.86416667,1
12057,GZT,Gaziantep Airport,"Gaziantep, Turkey",Turkey,,36.94805556,37.47833333,1
12058,HAB,Marion County,"Hamilton, AL",United States,Alabama,34.12916667,-87.99444444,1
12059,HAC,Hachijo Jima Island Airport,"Hachijo Jima Island, Japan",Japan,,33.115,139.78583333,1
12060,HAD,Halmstad Airport,"Halmstad, Sweden",Sweden,,56.69111111,12.82027778,1
12061,HAE,Havasupai Airport,"Havasupai, AZ",United States,Arizona,36.21666667,-112.66666667,1
12062,HAF,Half Moon Bay Airport,"Half Moon Bay, CA",United States,California,37.51333333,-122.50111111,1
12063,HAH,Prince Said Ibrahim,"Moroni, Comoros",Comoros,,-11.53361111,43.27194444,1
12064,HAJ,Hannover Airport,"Hannover, Germany",Germany,,52.46111111,9.685,1
12065,HAK,Meilan,"Haikou, China",China,,19.94416667,110.46222222,1
12066,HAM,Hamburg Airport,"Hamburg, Germany",Germany,,53.63305556,9.99361111,1
12067,HAN,Noibai International,"Hanoi, Vietnam",Vietnam,,21.22027778,105.80555556,1
12068,HAO,Butler County Regional Hogan Field,"Hamilton, OH",United States,Ohio,39.36388889,-84.52194444,1
12069,HAP,Long Island Airport,"Long Island, Australia",Australia,,-20.33333333,148.85,1
12070,HAR,Capital City,"Harrisburg, PA",United States,Pennsylvania,40.21722222,-76.85138889,1
12071,HAS,Hail Airport,"Hail, Saudi Arabia",Saudi Arabia,,27.43805556,41.68611111,1
12072,HAU,Karmoy,"Haugesund, Norway",Norway,,59.34388889,5.21083333,1
12073,HAV,Jose Marti International,"Havana, Cuba",Cuba,,22.98916667,-82.40916667,1
12074,HAY,Haycock Airport,"Haycock, AK",United States,Alaska,65.20277778,-161.15277778,1
12075,HBA,Hobart Airport,"Hobart, Australia",Australia,,-42.83694444,147.51277778,1
12076,HBC,Hanus Bay Airport,"Hanus Bay, AK",United States,Alaska,57.41666667,-135.03333333,1
12077,HBE,Borg El Arab,"Alexandria, Egypt",Egypt,,30.9175,29.695,1
12078,HBG,Hattiesburg Bobby L. Chain Municipal,"Hattiesburg, MS",United States,Mississippi,31.265,-89.25277778,1
12079,HBH,Hobart Bay Airport,"Hobart Bay, AK",United States,Alaska,57.4,-133.46666667,1
12080,HBI,Harbour Island Airport,"Harbour Island, The Bahamas",The Bahamas,,25.48833333,-76.635,1
12081,HBL,Babelegi Heliport,"Babelegi, South Africa",South Africa,,-25.38333333,28.28333333,1
12082,HBT,Al Batin,"Hafr Al Batin, Saudi Arabia",Saudi Arabia,,27.95555556,45.55611111,1
12083,HBV,Jim Hogg County,"Hebbronville, TX",United States,Texas,27.34944444,-98.73694444,1
12084,HBY,Hood Bay Airport,"Hood Bay, AK",United States,Alaska,57.38194444,-134.39527778,1
12085,HCA,Howard County,"Big Spring, TX",United States,Texas,32.30361111,-101.43388889,1
12086,HCB,Shoal Cove Airport,"Shoal Cove, AK",United States,Alaska,55.45,-131.28333333,1
12087,HCR,Holy Cross Airport,"Holy Cross, AK",United States,Alaska,62.18833333,-159.775,1
12088,HDA,Hidden Falls Airport,"Hidden Falls, AK",United States,Alaska,57.21666667,-134.88333333,1
12089,HDB,Heidelberg AHP,"Heidelberg, Germany",Germany,,49.39194444,8.65444444,1
12090,HDD,Hyderabad Airport,"Hyderabad, Pakistan",Pakistan,,25.31805556,68.36638889,1
12091,HDF,Heringsdorf Airport,"Heringsdorf, Germany",Germany,,53.87888889,14.15138889,1
12092,HDH,Dillingham,"Mokuleia, HI",United States,Hawaii,21.57944444,-158.19722222,1
12093,HDM,Hamadan Airport,"Hamadan, Iran",Iran,,34.86666667,48.55944444,1
12094,HDN,Yampa Valley,"Hayden, CO",United States,Colorado,40.48111111,-107.21777778,1
12095,HDS,Hoedspruit Airport,"Hoedspruit, South Africa",South Africa,,-24.3475,30.94611111,1
12096,HDY,Hat Yai International,"Hat Yai, Thailand",Thailand,,6.93277778,100.39416667,1
12097,HEA,Khwaja Abdullah Ansari International,"Herat, Afghanistan",Afghanistan,,34.20777778,62.22805556,1
12098,HED,Herendeen Bay,"Herendeen, AK",United States,Alaska,55.80138889,-160.89916667,1
12099,HEH,Heho Airport,"Heho, Burma",Burma,,20.74694444,96.79194444,1
12100,HEI,Heide Buesum,"Heide/Busum, Germany",Germany,,54.15333333,8.90166667,1
12101,HEL,Helsinki Vantaa,"Helsinki, Finland",Finland,,60.31861111,24.95,1
12102,HER,Nikos Kazantzakis,"Heraklion, Greece",Greece,,35.33972222,25.18027778,1
12103,HES,Hermiston Municipal,"Hermiston, OR",United States,Oregon,45.82833333,-119.25916667,1
12104,HET,Baita,"Hohhot, China",China,,40.84972222,111.82444444,1
12105,HEX,Herrera International,"Santo Domingo, Dominican Republic",Dominican Republic,,18.46861111,-69.97027778,1
12106,HEZ,Hardy-Anders Field Natchez-Adams County,"Natchez, MS",United States,Mississippi,31.61361111,-91.29722222,1
12107,HFA,Haifa Airport,"Haifa, Israel",Israel,,32.81027778,35.04361111,1
12108,HFD,Hartford Brainard,"Hartford, CT",United States,Connecticut,41.73666667,-72.64944444,1
12109,HFE,Luogang,"Hefei, China",China,,31.78,117.29861111,1
12110,HFF,Mackall AAF,"Hoffman, NC",United States,North Carolina,35.03666667,-79.4975,1
12111,HFN,Hornafjordur,"Hofn, Iceland",Iceland,,64.29555556,-15.22722222,1
12112,HFT,Hammerfest Airport,"Hammerfest, Norway",Norway,,70.67944444,23.66805556,1
12113,HGA,Egal International,"Hargeisa, Somalia",Somalia,,9.515,44.085,1
12114,HGD,Hughenden Airport,"Hughenden, Australia",Australia,,-20.81277778,144.225,1
12115,HGH,Xiaoshan,"Hangzhou, China",China,,30.23722222,120.42916667,1
12116,HGL,Helgoland Duene,"Dune, Germany",Germany,,54.18583333,7.91527778,1
12117,HGN,Mae Hong Son Airport,"Mae Hong Son, Thailand",Thailand,,19.30138889,97.97583333,1
12118,HGO,Korhogo Airport,"Korhogo, Cote d'Ivoire",Cote d'Ivoire,,9.38722222,-5.55666667,1
12119,HGR,Hagerstown Regional-Richard A. Henson Field,"Hagerstown, MD",United States,Maryland,39.70861111,-77.72638889,1
12120,HGS,Hastings,"Freetown, Sierra Leone",Sierra Leone,,8.39444444,-13.12833333,1
12121,HGU,Mount Hagen Airport,"Mount Hagen, Papua New Guinea",Papua New Guinea,,-5.82611111,144.29583333,1
12122,HGZ,Hogatza Airport,"Hogatza, AK",United States,Alaska,66.19166667,-155.66888889,1
12123,HHE,Hachinohe Airport,"Hachinohe, Japan",Japan,,40.55194444,141.46722222,1
12124,HHH,Hilton Head Airport,"Hilton Head, SC",United States,South Carolina,32.22444444,-80.6975,1
12125,HHN,Frankfurt Hahn,"Hahn, Germany",Germany,,49.94861111,7.26388889,1
12126,HHP,Kai Tak Heliport,"Hong Kong, Hong Kong",Hong Kong,,22.31527778,114.20888889,1
12127,HHR,Jack Northrop Field/Hawthorne Municipal,"Hawthorne, CA",United States,California,33.92277778,-118.335,1
12128,KS3,Hiawatha Municipal,"Hiawatha, KS",United States,Kansas,39.87916667,-95.52527778,1
12129,HIB,Range Regional,"Hibbing, MN",United States,Minnesota,47.38666667,-92.83888889,1
12130,HIE,Mount Washington Regional,"Whitefield, NH",United States,New Hampshire,44.3675,-71.54583333,1
12131,HIF,Hill AFB,"Ogden, UT",United States,Utah,41.12388889,-111.97305556,1
12132,HII,Lake Havasu City Airport,"Lake Havasu City, AZ",United States,Arizona,34.57111111,-114.35833333,1
12133,HIJ,Hiroshima Airport,"Hiroshima, Japan",Japan,,34.43611111,132.91944444,1
12134,HIK,Daniel K Inouye International,"Honolulu, HI",United States,Hawaii,21.31777778,-157.92027778,1
12135,HIN,Sacheon AB,"Jinju, South Korea",South Korea,,35.08861111,128.07083333,1
12136,HIO,Portland Hillsboro,"Hillsboro, OR",United States,Oregon,45.54222222,-122.95055556,1
12137,HIR,Honiara International,"Honiara, Solomon Islands",Solomon Islands,,-9.42833333,160.05444444,1
12138,HIS,Hayman Island Airport,"Hayman Island, Australia",Australia,,-20.06666667,148.86666667,1
12139,HJR,Khajuraho Airport,"Khajuraho, India",India,,24.81777778,79.91888889,1
12140,HKA,Blytheville Municipal,"Blytheville, AR",United States,Arkansas,35.94055556,-89.83083333,1
12141,HKB,Healy River,"Healy, AK",United States,Alaska,63.8675,-148.96888889,1
12142,HKD,Hakodate Airport,"Hakodate, Japan",Japan,,41.77027778,140.82194444,1
12143,HKG,Hong Kong International,"Hong Kong, Hong Kong",Hong Kong,,22.31472222,113.90916667,1
12144,HKK,Hokitika Airport,"Hokitika, New Zealand",New Zealand,,-42.71138889,170.98472222,1
12145,HKN,Hoskins Airport,"Hoskins, Papua New Guinea",Papua New Guinea,,-5.46361111,150.40722222,1
12146,HKP,Kaanapali Airport,"Kaanapali, HI",United States,Hawaii,20.94583333,-156.69305556,1
12147,HKS,Hawkins Field,"Jackson, MS",United States,Mississippi,32.33472222,-90.2225,1
12148,HKT,Phuket International,"Phuket, Thailand",Thailand,,8.11333333,98.31722222,1
12149,HKY,Hickory Regional,"Hickory, NC",United States,North Carolina,35.74,-81.38833333,1
12150,HLA,Lanseria International,"Lanseria, South Africa",South Africa,,-25.93916667,27.92638889,1
12151,HLD,Hailar Airport,"Hailar, China",China,,49.20611111,119.82805556,1
12152,HLF,Hultsfred Vimmerby,"Hultsfred, Sweden",Sweden,,57.52583333,15.82333333,1
12153,HLG,Wheeling Ohio County,"Wheeling, WV",United States,West Virginia,40.17666667,-80.64611111,1
12154,HLI,Hollister Municipal,"Hollister, CA",United States,California,36.89333333,-121.41027778,1
12155,HLM,Park Township,"Holland, MI",United States,Michigan,42.79583333,-86.16194444,1
12156,HLN,Helena Regional,"Helena, MT",United States,Montana,46.60666667,-111.98333333,1
12157,HLO,Holbrook Municipal,"Holbrook, AZ",United States,Arizona,34.93861111,-110.14027778,1
12158,HLP,Halim Perdanakusuma International,"Jakarta, Indonesia",Indonesia,,-6.26694444,106.89027778,1
12159,HLT,Hamilton Airport,"Hamilton, Australia",Australia,,-37.64694444,142.06194444,1
12160,HLZ,Hamilton Airport,"Hamilton, New Zealand",New Zealand,,-37.86527778,175.33277778,1
12162,HME,Krim Belkacem,"Hassi Messaoud, Algeria",Algeria,,31.67277778,6.14027778,1
12163,HMN,Holloman AFB,"Alamogordo, NM",United States,New Mexico,32.86,-106.105,1
12164,HMO,Hermosillo International,"Hermosillo, Mexico",Mexico,,29.09333333,-111.0525,1
12165,HMS,Homeshore Airport,"Homeshore, AK",United States,Alaska,58.29444444,-135.34722222,1
12166,HMT,Hemet-Ryan,"Hemet, CA",United States,California,33.73416667,-117.02222222,1
12167,HNA,Hanamaki Airport,"Hanamaki, Japan",Japan,,39.42861111,141.13527778,1
12168,HNC,Billy Mitchell,"Hatteras, NC",United States,North Carolina,35.23277778,-75.61777778,1
12169,HND,Tokyo International,"Tokyo, Japan",Japan,,35.54777778,139.78888889,1
12170,HNG,Hienghene/Henri Martinet,"Hienghene, New Caledonia",New Caledonia,,-20.69611111,164.98694444,1
12171,HNH,Hoonah Airport,"Hoonah, AK",United States,Alaska,58.09611111,-135.40888889,1
12173,HNL,Daniel K Inouye International,"Honolulu, HI",United States,Hawaii,21.31777778,-157.92027778,1
12174,HNM,Hana Airport,"Hana, HI",United States,Hawaii,20.79555556,-156.01444444,1
12175,HNS,Haines Airport,"Haines, AK",United States,Alaska,59.24388889,-135.52361111,1
12177,HOB,Lea County Regional,"Hobbs, NM",United States,New Mexico,32.68777778,-103.21777778,1
12178,HOD,Hodeidah International,"Hodeidah, Yemen",Yemen,,14.75305556,42.97638889,1
12179,HOF,Al Ahsa,"Hofuf, Saudi Arabia",Saudi Arabia,,25.28555556,49.48527778,1
12180,HOG,Frank Pais International,"Holguin, Cuba",Cuba,,20.78555556,-76.315,1
12181,HOI,Hao,"Hao Island, French Polynesia",French Polynesia,,-18.075,-140.94555556,1
12182,HOK,Hooker Creek Airport,"Hooker Creek, Australia",Australia,,-18.32888889,130.64694444,1
12183,HOL,Holikachuk Airport,"Holikachuk, AK",United States,Alaska,62.91055556,-159.52777778,1
12184,HOM,Homer Airport,"Homer, AK",United States,Alaska,59.64555556,-151.47666667,1
12185,HON,Huron Regional,"Huron, SD",United States,South Dakota,44.38527778,-98.22861111,1
12187,HOP,Campbell AAF,"Hopkinsville, KY",United States,Kentucky,36.67333333,-87.49194444,1
12188,HOQ,Hof Plauen,"Hof, Germany",Germany,,50.28861111,11.85416667,1
12189,HOR,Horta Airport,"Horta, Portugal",Portugal,,38.52,-28.71583333,1
12190,HOT,Memorial Field,"Hot Springs, AR",United States,Arkansas,34.47805556,-93.09611111,1
12191,HOU,William P Hobby,"Houston, TX",United States,Texas,29.64611111,-95.27722222,1
12192,HOV,Orsta Volda,"Orsta/Volda, Norway",Norway,,62.17916667,6.07111111,1
12193,HOW,Panama Pacifico International,"Balboa, Panama",Panama,,8.91472222,-79.59972222,1
12194,HPA,Salote Pilolevu,"Lifuka, Tonga",Tonga,,-19.77694444,-174.34138889,1
12195,HPB,Hooper Bay Airport,"Hooper Bay, AK",United States,Alaska,61.52388889,-166.14666667,1
12196,HPH,Catbi International,"Hai Phong, Vietnam",Vietnam,,20.81694444,106.72305556,1
12197,HPN,Westchester County,"White Plains, NY",United States,New York,41.06694444,-73.7075,1
12198,HPT,Hampton Municipal,"Hampton, IA",United States,Iowa,42.72361111,-93.22638889,1
12199,HPV,Princeville,"Hanalei, HI",United States,Hawaii,22.20916667,-159.44555556,1
12200,HQM,Bowerman Field,"Hoquiam, WA",United States,Washington,46.97111111,-123.93666667,1
12201,HRB,Taiping,"Harbin, China",China,,45.60666667,126.23694444,1
12203,HRE,Robert Gabriel Mugabe International,"Harare, Zimbabwe",Zimbabwe,,-17.93166667,31.09277778,1
12204,HRG,Hurghada International,"Hurghada, Egypt",Egypt,,27.1775,33.79638889,1
12205,HRK,Kharkov Airport,"Kharkov, Ukraine",Ukraine,,49.93333333,36.28333333,1
12206,HRL,Valley International,"Harlingen/San Benito, TX",United States,Texas,26.22638889,-97.65444444,1
12207,HRO,Boone County,"Harrison, AR",United States,Arkansas,36.26138889,-93.15472222,1
12209,HRT,Linton-On-Ouse,"Harrogate, United Kingdom",United Kingdom,,54.04888889,-1.25361111,1
12210,HSC,Shaoguan Airport,"Shaoguan, China",China,,24.83333333,113.61666667,1
12211,HSH,Henderson Executive,"Las Vegas, NV",United States,Nevada,35.97277778,-115.13444444,1
12212,HSI,Hastings Municipal,"Hastings, NE",United States,Nebraska,40.60527778,-98.42777778,1
12213,HSK,Huesca Airport,"Huesca, Spain",Spain,,42.07833333,-0.32,1
12214,HSL,Huslia Airport,"Huslia, AK",United States,Alaska,65.69777778,-156.35138889,1
12215,HSP,Ingalls Field,"Hot Springs, VA",United States,Virginia,37.95138889,-79.83388889,1
12216,HST,Homestead ARB,"Homestead, FL",United States,Florida,25.48861111,-80.38361111,1
12217,HSV,Huntsville International-Carl T Jones Field,"Huntsville, AL",United States,Alabama,34.63722222,-86.775,1
12218,HTA,Kadala,"Chita, Russia",Russia,,52.02611111,113.305,1
12219,HTF,Hatfield Airport,"Hatfield, United Kingdom",United Kingdom,,51.76583333,-0.24833333,1
12220,HTH,Hawthorne Industrial,"Hawthorne, NV",United States,Nevada,38.545,-118.6325,1
12221,HTI,Hamilton Island Airport,"Hamilton Island, Australia",Australia,,-20.3575,148.95166667,1
12222,HTO,East Hampton Town,"East Hampton, NY",United States,New York,40.95944444,-72.25166667,1
12223,HTS,Tri-State/Milton J. Ferguson Field,"Ashland, WV",United States,West Virginia,38.36861111,-82.56027778,1
12224,HTZ,Hato Corozal Airport,"Hato Corozal, Colombia",Colombia,,6.15361111,-71.76166667,1
12225,HUA,Redstone AAF,"Huntsville, AL",United States,Alabama,34.67861111,-86.68472222,1
12226,HUC,Dr Hermenegildo Ortiz Quinones,"Humacao, PR",United States,Puerto Rico,18.13805556,-65.80083333,1
12227,HUE,Humera Airport,"Humera, Ethiopia",Ethiopia,,14.25,36.58333333,1
12228,HUF,Terre Haute Regional,"Terre Haute, IN",United States,Indiana,39.45055556,-87.30694444,1
12229,HUG,Huehuetenango Airport,"Huehuetenango, Guatemala",Guatemala,,15.31638889,-91.505,1
12230,HUH,Huahine Fare,"Huahine, French Polynesia",French Polynesia,,-16.68694444,-151.02166667,1
12231,HUI,Phubai International,"Hue, Vietnam",Vietnam,,16.40055556,107.70361111,1
12232,HUL,Houlton International,"Houlton, ME",United States,Maine,46.12472222,-67.79222222,1
12233,HUM,Houma Terrebonne,"Houma, LA",United States,Louisiana,29.56638889,-90.66055556,1
12234,HUN,Hualien Airport,"Hualien, Taiwan",Taiwan,,24.02361111,121.61694444,1
12235,HUS,Hughes Airport,"Hughes, AK",United States,Alaska,66.03916667,-154.26472222,1
12236,HUT,Hutchinson Regional,"Hutchinson, KS",United States,Kansas,38.06305556,-97.86111111,1
12237,HUU,Alferez FAP David Figueroa Fernandini,"Huanuco, Peru",Peru,,-9.87861111,-76.20444444,1
12238,HUV,Hudiksvall Airport,"Hudiksvall, Sweden",Sweden,,61.76805556,17.08055556,1
12239,HUX,Bahias de Huatulco International,"Santa Cruz/Huatulco, Mexico",Mexico,,15.77555556,-96.26111111,1
12240,HUY,Humberside Airport,"Humberside, United Kingdom",United Kingdom,,53.57611111,-0.34944444,1
12241,HVA,Analalava Airport,"Analalava, Madagascar",Madagascar,,-14.62638889,47.76666667,1
12242,HVB,Hervey Bay Airport,"Hervey Bay, Australia",Australia,,-25.32,152.88027778,1
12243,HVC,Hopkinsville-Christian County,"Hopkinsville, KY",United States,Kentucky,36.85694444,-87.455,1
12244,HVN,Tweed New Haven,"New Haven, CT",United States,Connecticut,41.26361111,-72.88777778,1
12245,HVR,Havre City-County,"Havre, MT",United States,Montana,48.54416667,-109.75916667,1
12246,HVS,Hartsville Regional,"Hartsville, SC",United States,South Carolina,34.40305556,-80.11916667,1
12247,HWD,Hayward Executive,"Hayward, CA",United States,California,37.65888889,-122.12166667,1
12248,HWI,Hawk Inlet Airport,"Hawk Inlet, AK",United States,Alaska,58.13333333,-134.75,1
12250,HYA,Cape Cod Gateway,"Hyannis, MA",United States,Massachusetts,41.66944444,-70.28027778,1
12251,HYD,Hyderabad Airport,"Hyderabad, India",India,,17.45305556,78.46888889,1
12252,HYG,Hydaburg Seaplane Base,"Hydaburg, AK",United States,Alaska,55.20666667,-132.82666667,1
12253,HYL,Hollis Seaplane Base,"Hollis, AK",United States,Alaska,55.48194444,-132.64444444,1
12254,HYR,Sawyer County,"Hayward, WI",United States,Wisconsin,46.02527778,-91.44416667,1
12255,HYS,Hays Regional,"Hays, KS",United States,Kansas,38.84222222,-99.27305556,1
12257,HZH,Liping,"Liping City, China",China,,26.32222222,109.15,1
12258,HZK,Husavik Airport,"Husavik, Iceland",Iceland,,65.9525,-17.42583333,1
12259,HZL,Hazleton Regional,"Hazleton, PA",United States,Pennsylvania,40.98666667,-75.99472222,1
12260,IA1,Shenandoah Municipal,"Shenandoah, IA",United States,Iowa,40.75166667,-95.41361111,1
12261,IA2,Webster City Municipal,"Webster City, IA",United States,Iowa,42.43638889,-93.86888889,1
12262,IA3,Red Oak Municipal,"Red Oak, IA",United States,Iowa,41.01083333,-95.25888889,1
12263,IAB,McConnell AFB,"Wichita, KS",United States,Kansas,37.62305556,-97.2675,1
12264,IAD,Washington Dulles International,"Washington, DC",United States,Virginia,38.95611111,-77.46166667,1
12265,IAG,Niagara Falls International,"Niagara Falls, NY",United States,New York,43.10944444,-78.93305556,1
12266,IAH,George Bush Intercontinental/Houston,"Houston, TX",United States,Texas,29.98555556,-95.34111111,1
12267,IAM,In Amenas Airport,"In Amenas, Algeria",Algeria,,28.05138889,9.64277778,1
12268,IAN,Bob Baker Memorial,"Kiana, AK",United States,Alaska,66.97611111,-160.43861111,1
12269,IAR,Yaroslavl Airport,"Yaroslavl, Russia",Russia,,57.61888889,39.84138889,1
12270,IAS,Iasi International,"Iasi, Romania",Romania,,47.18027778,27.62083333,1
12271,IBA,Ibadan Airport,"Ibadan, Nigeria",Nigeria,,7.3625,3.97833333,1
12272,IBE,Perales,"Ibague, Colombia",Colombia,,4.42166667,-75.13361111,1
12273,ITI,Itambacuri Airport,"Itambacuri, Brazil",Brazil,,-18.08611111,-41.68638889,1
12274,IBZ,Ibiza Airport,"Ibiza, Spain",Spain,,38.87277778,1.37305556,1
12275,ICI,Cicia Airport,"Cicia, Fiji",Fiji,,-17.74333333,-179.34194444,1
12276,ICK,Nieuw,"Nieuw Nickerie, Suriname",Suriname,,5.95416667,-57.03805556,1
12277,ICN,Incheon International,"Seoul, South Korea",South Korea,,37.4625,126.43916667,1
12278,ICT,Wichita Dwight D Eisenhower National,"Wichita, KS",United States,Kansas,37.65027778,-97.43222222,1
12279,ICY,Icy Bay Airport,"Icy Bay, AK",United States,Alaska,59.96888889,-141.66166667,1
12280,IDA,Idaho Falls Regional,"Idaho Falls, ID",United States,Idaho,43.525,-112.05861111,1
12281,IDI,Indiana County Jimmy Stewart Field,"Indiana, PA",United States,Pennsylvania,40.63111111,-79.10138889,1
12282,IDO,Santa Isabel Do Morro Airport,"Santa Isabel Do Morro, Brazil",Brazil,,-11.57222222,-50.66611111,1
12283,IDP,Independence Municipal,"Independence, KS",United States,Kansas,37.15805556,-95.77888889,1
12284,IDR,Devi Ahilyabai Holkar,"Indore, India",India,,22.72083333,75.79916667,1
12285,IE1,Casement,"Baldonnel, Ireland",Ireland,,53.30083333,-6.45111111,1
12286,IEG,Babimost,"Zielona Gora, Poland",Poland,,52.13861111,15.79861111,1
12287,IEV,Zhuliany,"Kiev, Ukraine",Ukraine,,50.40166667,30.45111111,1
12288,IFJ,Isafjordur Airport,"Isafjordur, Iceland",Iceland,,66.05805556,-23.13527778,1
12289,IFL,Innisfail Airport,"Innisfail, Australia",Australia,,-17.55888889,146.01111111,1
12290,IFN,Shahid Beheshti International,"Isfahan, Iran",Iran,,32.75083333,51.86138889,1
12291,IFO,Ivano Frankivsk,"Ivano-Frankovska, Ukraine",Ukraine,,48.88388889,24.68444444,1
12293,IGA,Inagua Airport,"Inagua, The Bahamas",The Bahamas,,20.98333333,-73.66666667,1
12294,IGG,Igiugig Airport,"Igiugig, AK",United States,Alaska,59.32416667,-155.90166667,1
12295,IGH,Ingham Airport,"Ingham, Australia",Australia,,-18.66444444,146.14527778,1
12296,IGL,Cigli,"Izmir, Turkey",Turkey,,38.51305556,27.01,1
12297,IGM,Kingman Airport,"Kingman, AZ",United States,Arizona,35.25944444,-113.93805556,1
12298,IGN,Maria Cristina,"Iligan, Philippines",Philippines,,8.13111111,124.21416667,1
12299,IGO,Jaime Ortiz Betancur,"Chigorodo, Colombia",Colombia,,7.6775,-76.68305556,1
12300,IGR,Cataratas,"Iguazu, Argentina",Argentina,,-25.74166667,-54.46583333,1
12302,IGU,Cataratas International,"Iguacu Falls, Brazil",Brazil,,-25.59555556,-54.48777778,1
12303,IGX,Horace Williams,"Chapel Hill, NC",United States,North Carolina,35.935,-79.06583333,1
12304,IHU,Ihu Airport,"Ihu, Papua New Guinea",Papua New Guinea,,-7.89777778,145.39666667,1
12305,II1,Rantoul National Aviation Center,"Rantoul, IL",United States,Illinois,40.29361111,-88.1425,1
12306,LOT,Lewis University,"Chicago/Romeoville, IL",United States,Illinois,41.60805556,-88.09638889,1
12307,II3,De Kalb Taylor Municipal,"De Kalb, IL",United States,Illinois,41.93388889,-88.70555556,1
12308,II4,Logan County,"Lincoln, IL",United States,Illinois,40.15861111,-89.335,1
12309,IJU,Ijui Airport,"Ijui, Brazil",Brazil,,-28.36861111,-53.84666667,1
12310,IJX,Jacksonville Municipal,"Jacksonville, IL",United States,Illinois,39.77444444,-90.23861111,1
12311,IKA,Imam Khomaini International,"Tehran, Iran",Iran,,35.41861111,51.14333333,1
12312,IKB,Wilkes County,"Wilkesboro, NC",United States,North Carolina,36.22361111,-81.09861111,1
12313,IKI,Iki Airport,"Iki, Japan",Japan,,33.74916667,129.78555556,1
12314,IKK,Greater Kankakee,"Kankakee, IL",United States,Illinois,41.07138889,-87.84638889,1
12315,IKO,Nikolski AS,"Nikolski, AK",United States,Alaska,52.94166667,-168.84916667,1
12316,IKT,Irkutsk Airport,"Irkutsk, Russia",Russia,,52.26722222,104.39472222,1
12317,IKV,Ankeny Regional,"Ankeny, IA",United States,Iowa,41.69138889,-93.56638889,1
12318,IL1,Nevatim AB,"Nevatim, Israel",Israel,,31.20055556,35.01472222,1
12319,ILE,Skylark Field,"Killeen, TX",United States,Texas,31.08583333,-97.68638889,1
12320,ILG,New Castle,"Wilmington, DE",United States,Delaware,39.67833333,-75.60694444,1
12321,ILI,Iliamna Airport,"Iliamna, AK",United States,Alaska,59.75555556,-154.91777778,1
12322,ILL,Willmar Municipal,"Willmar, MN",United States,Minnesota,45.11694444,-95.12944444,1
12323,ILM,Wilmington International,"Wilmington, NC",United States,North Carolina,34.2675,-77.90277778,1
12324,ILN,Wilmington Air Park,"Wilmington, OH",United States,Ohio,39.43111111,-83.79777778,1
12325,ILO,Iloilo Airport,"Iloilo, Philippines",Philippines,,10.83305556,122.49333333,1
12326,ILP,Ile Des Pins Moue,"Ile Des Pins, New Caledonia",New Caledonia,,-22.58861111,167.45527778,1
12327,ILQ,Gen Jorge Fernandez Maldonado Solari,"Ilo, Peru",Peru,,-17.695,-71.34388889,1
12328,ILR,Ilorin Airport,"Ilorin, Nigeria",Nigeria,,8.44,4.49388889,1
12329,ILY,Islay Airport,"Islay, United Kingdom",United Kingdom,,55.68333333,-6.25972222,1
12330,ILZ,Zilina International,"Zilina, Slovakia",Slovakia,,49.23333333,18.61361111,1
12331,IMF,Imphal Airport,"Imphal, India",India,,24.75972222,93.89722222,1
12332,IML,Imperial Municipal,"Imperial, NE",United States,Nebraska,40.51027778,-101.62027778,1
12333,IMM,Immokalee Regional,"Immokalee, FL",United States,Florida,26.43361111,-81.40055556,1
12334,IMP,Imperatriz Airport,"Imperatriz, Brazil",Brazil,,-5.53194444,-47.48055556,1
12335,IMT,Ford,"Iron Mountain/Kingsfd, MI",United States,Michigan,45.81833333,-88.11444444,1
12336,IN1,De Kalb County,"Auburn, IN",United States,Indiana,41.30722222,-85.06055556,1
12337,IN2,Indianapolis Executive,"Indianapolis, IN",United States,Indiana,40.02861111,-86.25138889,1
12338,INC,Hedong,"Yinchuan, China",China,,38.32111111,106.39222222,1
12339,IND,Indianapolis International,"Indianapolis, IN",United States,Indiana,39.71722222,-86.29472222,1
12340,INF,In Guezzam Airport,"In Guezzam, Algeria",Algeria,,19.56055556,5.74944444,1
12341,ING,Lago Argentino Airport,"Lago Argentino, Argentina",Argentina,,-50.33472222,-72.24888889,1
12342,INH,Inhambane Airport,"Inhambane, Mozambique",Mozambique,,-23.87666667,35.40861111,1
12343,INL,Falls International Einarson Field,"International Falls, MN",United States,Minnesota,48.56555556,-93.40222222,1
12344,INN,Innsbruck Airport,"Innsbruck, Austria",Austria,,47.26027778,11.34388889,1
12345,INO,Inongo Airport,"Inongo, Congo (Kinshasa)",Congo (Kinshasa),,-1.94666667,18.28527778,1
12347,INS,Creech AFB,"Indian Springs, NV",United States,Nevada,36.58638889,-115.6775,1
12348,INT,Smith Reynolds,"Winston-Salem, NC",United States,North Carolina,36.13361111,-80.22194444,1
12349,INU,Nauru Island,"Nauru, Nauru",Nauru,,-0.53333333,166.91666667,1
12350,INV,Inverness Airport,"Inverness, United Kingdom",United Kingdom,,57.5425,-4.0475,1
12351,INW,Winslow-Lindbergh Regional,"Winslow, AZ",United States,Arizona,35.02194444,-110.7225,1
12352,IOA,Ioannina Airport,"Ioannina, Greece",Greece,,39.69722222,20.82194444,1
12353,IOM,Isle of Man Airport,"Isle of Man, United Kingdom",United Kingdom,,54.08277778,-4.62694444,1
12354,ION,Impfondo Airport,"Impfondo, Congo (Brazaville)",Congo (Brazaville),,1.58944444,18.04694444,1
12355,IOR,Inishmore Airport,"Inishmore, Ireland",Ireland,,53.10666667,-9.65333333,1
12356,IOS,Jorge Amado,"Ilheus, Brazil",Brazil,,-14.81583333,-39.03333333,1
12357,IOU,Ile Ouen Airport,"Ile Ouen, New Caledonia",New Caledonia,,-22.46055556,166.78277778,1
12358,IOW,Iowa City Municipal,"Iowa City, IA",United States,Iowa,41.63972222,-91.54777778,1
12359,IPC,Mataveri International,"Easter Island, Chile",Chile,,-27.16472222,-109.42166667,1
12360,IPE,Ipil Airport,"Ipil, Philippines",Philippines,,7.78555556,122.60138889,1
12361,IPH,Ipoh Sultan Azlan Shah,"Ipoh, Malaysia",Malaysia,,4.56777778,101.09194444,1
12362,IPI,San Luis,"Ipiales, Colombia",Colombia,,0.86138889,-77.6675,1
12363,IPL,Imperial County,"El Centro, CA",United States,California,32.83416667,-115.57888889,1
12364,IPN,Usiminas,"Ipatinga, Brazil",Brazil,,-19.47083333,-42.4875,1
12365,IPT,Williamsport Regional,"Williamsport, PA",United States,Pennsylvania,41.24166667,-76.92194444,1
12366,IQ1,Al Taqaddum AB,"Al Taqaddum, Iraq",Iraq,,33.33805556,43.59722222,1
12367,IQ2,Al Asad AB,"Al Asad, Iraq",Iraq,,33.78555556,42.44111111,1
12368,IQQ,Diego Aracena International,"Iquique, Chile",Chile,,-20.53527778,-70.18138889,1
12369,IQT,Coronel Francisco Secada Vignetta International,"Iquitos, Peru",Peru,,-3.78472222,-73.30888889,1
12370,IRC,Circle City,"Circle, AK",United States,Alaska,65.82805556,-144.07611111,1
12371,IRD,Ishurdi Airport,"Ishurdi, Bangladesh",Bangladesh,,24.1525,89.04944444,1
12372,IRG,Iron Range Airport,"Iron Range, Australia",Australia,,-12.78888889,143.3125,1
12373,IRI,Iringa Airport,"Iringa, Tanzania",Tanzania,,-7.66361111,35.75333333,1
12374,IRJ,Capitan Vicente A Almonacid,"La Rioja, Argentina",Argentina,,-29.38333333,-66.78333333,1
12375,IRK,Kirksville Regional,"Kirksville, MO",United States,Missouri,40.095,-92.54583333,1
12376,IRO,Birao Airport,"Birao, Central African Republic",Central African Republic,,10.23694444,22.71611111,1
12377,IRP,Isiro Airport,"Isiro, Congo (Kinshasa)",Congo (Kinshasa),,2.78194444,27.63083333,1
12378,IRS,Sturgis Airport,"Sturgis, MI",United States,Michigan,41.8,-85.41666667,1
12379,IRV,Roy E. Ray,"Bayou La Batre, AL",United States,Alabama,30.45527778,-88.21111111,1
12380,ISA,Mount Isa Airport,"Mount Isa, Australia",Australia,,-20.66638889,139.48861111,1
12381,ISB,Islamabad Airport,"Islamabad, Pakistan",Pakistan,,33.61666667,73.09861111,1
12382,ISC,Scilly Isles Airport,"Scilly Isles, United Kingdom",United Kingdom,,49.91333333,-6.29194444,1
12383,ISG,Ishigaki Airport,"Ishigaki, Japan",Japan,,24.34444444,124.18694444,1
12384,ISH,Ischia Airport,"Ischia, Italy",Italy,,40.75,13.9,1
12385,ISI,Isisford Airport,"Isisford, Australia",Australia,,-24.25916667,144.42416667,1
12386,ISJ,Isla Mujeres Airport,"Isla Mujeres, Mexico",Mexico,,21.245,-86.74,1
12387,ISL,Isabel Pass Airport,"Isabel Pass, AK",United States,Alaska,63.5,-145.03333333,1
12388,ISM,Kissimmee Gateway,"Orlando, FL",United States,Florida,28.28972222,-81.43694444,1
12389,ISN,Sloulin Field International,"Williston, ND",United States,North Dakota,48.17805556,-103.64222222,1
12390,ISO,Kinston Regional Jetport at Stallings Field,"Kinston, NC",United States,North Carolina,35.33138889,-77.60888889,1
12391,ISP,Long Island MacArthur,"Islip, NY",United States,New York,40.79611111,-73.10055556,1
12392,ISQ,Schoolcraft County,"Manistique, MI",United States,Michigan,45.97472222,-86.17194444,1
12393,ISR,Istres Le Tube,"Istres, France",France,,43.52277778,4.92388889,1
12394,ISS,Wiscasset Airport,"Wiscasset, ME",United States,Maine,43.96138889,-69.7125,1
12395,IST,Istanbul Airport,"Istanbul, Turkey",Turkey,,41.28,28.725,1
12396,ISW,Alexander Field South Wood County,"Wisconsin Rapids, WI",United States,Wisconsin,44.36027778,-89.83916667,1
12397,ITH,Ithaca Tompkins International,"Ithaca/Cortland, NY",United States,New York,42.49138889,-76.45861111,1
12400,ITM,Osaka International,"Osaka, Japan",Japan,,34.78555556,135.43805556,1
12401,ITN,Tertuliano Guedes de Pinho,"Itabuna, Brazil",Brazil,,-14.81111111,-39.29138889,1
12402,ITO,Hilo International,"Hilo, HI",United States,Hawaii,19.72138889,-155.05444444,1
12403,ITQ,Itaqui Airport,"Itaqui, Brazil",Brazil,,-29.17194444,-56.53833333,1
12404,IUE,Niue International,"Niue Island, Niue",Niue,,-19.07888889,-169.92583333,1
12405,IUS,Inus Airport,"Inus, Papua New Guinea",Papua New Guinea,,-5.78333333,155.15,1
12406,IVA,Ambanja/Ambalavelona,"Ambanja, Madagascar",Madagascar,,-13.64222222,48.45777778,1
12407,IVC,Invercargill Airport,"Invercargill, New Zealand",New Zealand,,-46.41472222,168.31361111,1
12408,IVG,Berane Airport,"Berane, Montenegro",Montenegro,,42.83916667,19.86222222,1
12409,IVL,Ivalo Airport,"Ivalo, Finland",Finland,,68.60722222,27.40527778,1
12410,IVR,Inverell Airport,"Inverell, Australia",Australia,,-29.88805556,151.14527778,1
12411,IWA,Ivanovo Airport,"Ivanovo, Russia",Russia,,57.0,41.0,1
12412,IWD,Gogebic-Iron County,"Ironwood, MI",United States,Michigan,46.5275,-90.13138889,1
12413,IWJ,Iwami Airport,"Iwami, Japan",Japan,,34.67638889,131.79027778,1
12414,IWO,Iwoto Airport,"Iwoto, Japan",Japan,,24.78416667,141.32277778,1
12415,IWS,West Houston,"Houston, TX",United States,Texas,29.81805556,-95.6725,1
12416,IXA,Agartala Airport,"Agartala, India",India,,23.88722222,91.24083333,1
12417,IXB,Bagdogra Airport,"Bagdogra, India",India,,26.68138889,88.32805556,1
12418,IXC,Chandigarh Airport,"Chandigarh, India",India,,30.67361111,76.78861111,1
12419,IXD,Prayagraj,"Allahabad, India",India,,25.44,81.73388889,1
12420,IXE,Mangaluru International,"Mangalore, India",India,,12.95472222,74.88666667,1
12421,IXG,Belagavi,"Belgaum, India",India,,15.85888889,74.61611111,1
12422,IXH,Kailashahar Airport,"Kailashahar, India",India,,24.30833333,92.0075,1
12423,IXI,North Lakhimpur/Lilabari,"Lilabari, India",India,,27.29027778,94.08888889,1
12424,IXJ,Jammu Airport,"Jammu, India",India,,32.69083333,74.83805556,1
12425,IXK,Keshod Airport,"Keshod, India",India,,21.31694444,70.27027778,1
12426,IXL,Leh Airport,"Leh, India",India,,34.13611111,77.54694444,1
12427,IXM,Madurai Airport,"Madurai, India",India,,9.83444444,78.09111111,1
12429,IXQ,Kamalpur Airport,"Kamalpur, India",India,,24.13527778,91.81083333,1
12430,IXR,Birsa Munda,"Ranchi, India",India,,23.31472222,85.32166667,1
12431,IXS,Silchar Airport,"Silchar, India",India,,24.91333333,92.97944444,1
12432,IXU,Aurangabad Airport,"Aurangabad, India",India,,19.86305556,75.39555556,1
12433,IXW,Jamshedpur Airport,"Jamshedpur, India",India,,22.81361111,86.16833333,1
12434,IXY,Kandla Airport,"Kandla, India",India,,23.1125,70.10027778,1
12435,IXZ,Sri Vijaya Puram,"Port Blair, India",India,,11.64111111,92.72972222,1
12436,IYK,Inyokern Airport,"Inyokern, CA",United States,California,35.65944444,-117.82944444,1
12437,IZM,Izmir Metropolitan Area,"Izmir, Turkey",Turkey,,38.28611111,27.15916667,1
12438,IZO,Izumo Airport,"Izumo, Japan",Japan,,35.41361111,132.89,1
12439,IZT,Ixtepec Airport,"Ixtepec, Mexico",Mexico,,16.44916667,-95.09361111,1
12440,JAB,Jabiru Airport,"Jabiru, Australia",Australia,,-12.65805556,132.89472222,1
12441,JAC,Jackson Hole,"Jackson, WY",United States,Wyoming,43.60722222,-110.73777778,1
12442,JAF,Kankesanturai,"Jaffna, Sri Lanka",Sri Lanka,,9.795,80.07277778,1
12443,JAG,Shahbaz AB,"Jacobabad, Pakistan",Pakistan,,28.28416667,68.45055556,1
12444,JAI,Jaipur International,"Jaipur, India",India,,26.82472222,75.81638889,1
12445,JAJ,Perimeter Mall Helipad,"Atlanta, GA",United States,Georgia,33.765,-84.41777778,1
12446,JAK,Jacmel Airport,"Jacmel, Haiti",Haiti,,18.23972222,-72.51888889,1
12447,JAL,El Lencero,"Jalapa, Mexico",Mexico,,19.47222222,-96.78194444,1
12448,JAN,Jackson Medgar Wiley Evers International,"Jackson/Vicksburg, MS",United States,Mississippi,32.31111111,-90.07583333,1
12449,JAO,Beaver Ruin,"Atlanta, GA",United States,Georgia,33.93333333,-84.15,1
12450,JAV,Ilulissat,"Jakobshavn, Greenland",Greenland,,69.24333333,-51.05722222,1
12451,JAX,Jacksonville International,"Jacksonville, FL",United States,Florida,30.49472222,-81.70444444,1
12452,JBC,Boston City Heliport,"Boston, MA",United States,Massachusetts,42.33333333,-71.25,1
12453,JBK,Berkeley Municipal Heliport,"Oakland, CA",United States,California,37.86666667,-122.3,1
12454,JBP,Commerce Business Park Heliport,"Commerce, CA",United States,California,33.98666667,-118.16055556,1
12455,JBR,Jonesboro Municipal,"Jonesboro, AR",United States,Arkansas,35.82833333,-90.65194444,1
12456,JCA,Croisette Heliport,"Cannes, France",France,,43.55,7.01666667,1
12457,JCC,China Basin Heliport,"San Francisco, CA",United States,California,37.8,-122.46666667,1
12458,JCE,Oakland Convention Center Heliport,"Oakland, CA",United States,California,37.80555556,-122.275,1
12459,JCH,Christianshab Airport,"Christianshab, Greenland",Greenland,,68.83333333,-51.0,1
12460,JCI,New Century Aircenter,"Olathe, KS",United States,Kansas,38.83083333,-94.89027778,1
12461,JCK,Julia Creek Airport,"Julia Creek, Australia",Australia,,-20.66833333,141.71833333,1
12462,JDA,Grant County Regional/Ogilvie Field,"John Day, OR",United States,Oregon,44.40305556,-118.96777778,1
12463,JDB,Downtown Heliport,"Dallas/Fort Worth, TX",United States,Texas,32.76666667,-97.31666667,1
12464,JDF,Juiz,"Juiz de Fora, Brazil",Brazil,,-21.75,-43.33333333,1
12465,JDG,Edgewater Inn Helipad Sea Wash,"Seattle, WA",United States,Washington,47.60083333,-122.33472222,1
12466,JDH,Jodhpur Airport,"Jodhpur, India",India,,26.25111111,73.04805556,1
12467,JDM,Miami Downtown Heliport,"Miami, FL",United States,Florida,25.76666667,-80.18333333,1
12468,JDO,Regional de Cariri,"Juazeiro Do Norte, Brazil",Brazil,,-7.2,-39.31666667,1
12469,JDT,Minneapolis Heliport,"Minneapolis, MN",United States,Minnesota,44.98277778,-93.26833333,1
12470,JDX,Houston Central Business District Heliport,"Houston, TX",United States,Texas,29.76666667,-95.33333333,1
12472,JED,King Abdulaziz International,"Jeddah, Saudi Arabia",Saudi Arabia,,21.68277778,39.155,1
12473,JEE,Jeremie Airport,"Jeremie, Haiti",Haiti,,18.66333333,-74.17055556,1
12474,JEF,Jefferson City Memorial,"Jefferson City, MO",United States,Missouri,38.59083333,-92.15416667,1
12476,JER,Jersey Airport,"Jersey, United Kingdom",United Kingdom,,49.20805556,-2.19527778,1
12477,JFB,Seattle 1st National.Bank Helipad,"Seattle, WA",United States,Washington,47.60694444,-122.3325,1
12478,JFK,John F. Kennedy International,"New York, NY",United States,New York,40.64,-73.77861111,1
12479,JFN,Northeast Ohio Regional,"Jefferson, OH",United States,Ohio,41.77777778,-80.69666667,1
12481,JFR,Frederikshaab,"Frederikshab, Greenland",Greenland,,62.00027778,-49.70027778,1
12482,JGA,Jamnagar Airport,"Jamnagar, India",India,,22.46638889,70.01138889,1
12483,JGC,Grand Canyon Heliport,"Grand Canyon, AZ",United States,Arizona,35.96666667,-112.13333333,1
12484,JGG,Waltrip Williamsburg Exec,"Williamsburg, VA",United States,Virginia,37.23916667,-76.71611111,1
12485,JGL,Galleria,"Atlanta, GA",United States,Georgia,33.58333333,-84.46666667,1
12486,JGP,Greenway Plaza Heliport,"Houston, TX",United States,Texas,29.73416667,-95.43416667,1
12487,JGQ,Transco Tower Galleria Heliport,"Houston, TX",United States,Texas,29.73666667,-95.45916667,1
12489,JHB,Senai International,"Johor Bahru, Malaysia",Malaysia,,1.63972222,103.66972222,1
12490,JHC,Island Heliport,"Garden City, NY",United States,New York,40.74444444,-73.60833333,1
12491,JHE,Helsingborg Heliport,"Helsingborg, Sweden",Sweden,,56.05,12.7,1
12492,JHM,Kapalua Airport,"Kapalua, HI",United States,Hawaii,20.96305556,-156.67305556,1
12493,JHS,Sisimiut Airport,"Sisimiut, Greenland",Greenland,,66.95138889,-53.72944444,1
12494,JHW,Chautauqua County/Jamestown,"Jamestown, NY",United States,New York,42.15333333,-79.25805556,1
12495,JHY,Cambridge Airport,"Cambridge, MA",United States,Massachusetts,42.28333333,-71.13333333,1
12496,JIB,Ambouli International,"Djibouti, Djibouti",Djibouti,,11.54722222,43.15944444,1
12497,JID,Civic Financial Center Heliport,"City of Industry, CA",United States,California,34.02444444,-117.95916667,1
12498,JIK,Ikaria,"Ikaria Island, Greece",Greece,,37.68277778,26.34694444,1
12499,JIL,Jilin Airport,"Jilin, China",China,,43.86666667,126.65,1
12500,JIM,Aba Segud Negus Wolde Giorg,"Jimma, Ethiopia",Ethiopia,,7.65444444,36.82111111,1
12501,JIN,Jinja Airport,"Jinja, Uganda",Uganda,,0.45277778,33.19361111,1
12502,JJI,Juanjui Airport,"Juanjui, Peru",Peru,,-7.16916667,-76.72861111,1
12503,JKG,Jonkoping Airport,"Jonkoping, Sweden",Sweden,,57.7575,14.06861111,1
12504,JKH,Chios Airport,"Chios, Greece",Greece,,38.34333333,26.14055556,1
12505,JKL,Kalymnos Airport,"Kalymnos, Greece",Greece,,36.96361111,26.94055556,1
12506,JKR,Janakpur Airport,"Janakpur, Nepal",Nepal,,26.70888889,85.92194444,1
12507,JKT,Jakarta Metropolitan Area,"Jakarta, Indonesia",Indonesia,,-6.15305556,106.84888889,1
12508,JKV,Cherokee County,"Jacksonville, TX",United States,Texas,31.86944444,-95.2175,1
12509,JLA,Quartz Creek,"Cooper Lodge, AK",United States,Alaska,60.48416667,-149.72277778,1
12511,JLN,Joplin Regional,"Joplin, MO",United States,Missouri,37.14972222,-94.49805556,1
12512,JLR,Jabalpur Airport,"Jabalpur, India",India,,23.17944444,80.05527778,1
12513,JMA,Astrodome,"Houston, TX",United States,Texas,29.68333333,-95.4,1
12514,JMB,Jamba Airport,"Jamba, Angola",Angola,,-14.69833333,16.06694444,1
12515,JMC,Marin County Heliport,"San Francisco, CA",United States,California,37.87861111,-122.50972222,1
12516,JMK,Mikonos,"Mikonos Island, Greece",Greece,,37.43527778,25.34833333,1
12517,JMM,Harbour Heliport,"Malmo, Sweden",Sweden,,55.61666667,13.0,1
12518,JMN,Downtown Heliport,"Mankato, MN",United States,Minnesota,44.16388889,-94.00416667,1
12519,JMS,Jamestown Regional,"Jamestown, ND",United States,North Dakota,46.92972222,-98.67805556,1
12520,JNB,Oliver Reginald Tambo International,"Johannesburg, South Africa",South Africa,,-26.13944444,28.24611111,1
12521,JNN,Nanortalik Airport,"Nanortalik, Greenland",Greenland,,60.15,-45.21666667,1
12522,JNP,Newport Beach Airport,"Newport Beach, CA",United States,California,33.61388889,-117.88972222,1
12523,JNU,Juneau International,"Juneau, AK",United States,Alaska,58.35472222,-134.57833333,1
12524,JO1,Prince Hassan Air Base,"Safawi, Jordan",Jordan,,32.16083333,37.14944444,1
12525,JO2,Al Shaheed Mwaffaq Salti Air Base,"Azraq, Jordan",Jordan,,31.82555556,36.78194444,1
12526,JO3,Azraq Highway Strip,"Azraq, Jordan",Jordan,,32.0325,36.40027778,1
12527,JOC,Centerport Heliport,"Santa Ana, CA",United States,California,33.66666667,-117.86666667,1
12528,JOE,Joensuu Airport,"Joensuu, Finland",Finland,,62.66055556,29.62055556,1
12529,JOG,Adisutjipto,"Yogyakarta, Indonesia",Indonesia,,-7.78805556,110.43194444,1
12530,JOH,Port St Johns Airport,"Port St Johns, South Africa",South Africa,,-31.60611111,29.52166667,1
12531,JOI,Joinville Airport,"Joinville, Brazil",Brazil,,-26.2,-48.8,1
12533,JOL,Jolo Airport,"Jolo, Philippines",Philippines,,6.05388889,121.01305556,1
12534,JOM,Njombe Airport,"Njombe, Tanzania",Tanzania,,-9.35694444,34.77416667,1
12535,JON,Johnston Atoll,"Johnston Island, TT",United States,U.S. Pacific Trust Territories and Possessions,16.73055556,-169.53527778,1
12536,JOR,Orange County Heliport,"Orange, CA",United States,California,33.84805556,-117.85,1
12537,JOS,Yakubu Gowon,"Jos, Nigeria",Nigeria,,9.63972222,8.86916667,1
12539,JP2,Futenma MCAS,"Okinawa, Japan",Japan,,26.27416667,127.75638889,1
12540,JPA,Presidente Castro Pinto International,"Joao Pessoa, Brazil",Brazil,,-7.14861111,-34.95083333,1
12541,JPB,Pan Am Building Heliport,"New York, NY",United States,New York,40.75333333,-73.975,1
12542,JPR,Ji Parana Airport,"Ji Parana, Brazil",Brazil,,-10.87083333,-61.84666667,1
12543,JPT,Park Ten Helipad,"Houston, TX",United States,Texas,29.50861111,-95.05027778,1
12544,USA,Concord Padgett Regional,"Concord, NC",United States,North Carolina,35.38777778,-80.70916667,1
12545,JRA,West 30th Street Heliport,"New York, NY",United States,New York,40.75444444,-74.0075,1
12546,JRB,Downtown Manhattan/Wall Street Heliport,"New York, NY",United States,New York,40.70111111,-74.00916667,1
12547,JRC,Appache Heliport,"Rochester, MN",United States,Minnesota,44.00138889,-92.48055556,1
12548,JRE,East 60th Street Heliport,"New York, NY",United States,New York,40.8,-73.96666667,1
12549,JRF,Kalaeloa,"Kapolei, HI",United States,Hawaii,21.30722222,-158.07055556,1
12550,JRH,Jorhat Airport,"Jorhat, India",India,,26.72944444,94.17416667,1
12551,JRO,Kilimanjaro International,"Kilimanjaro, Tanzania",Tanzania,,-3.42944444,37.07444444,1
12552,JRS,Jerusalem Airport,"Jerusalem, Israel",Israel,,31.86666667,35.21722222,1
12553,JRV,Jose Aponte de la Torre,"Ceiba, PR",United States,Puerto Rico,18.245,-65.64333333,1
12554,JSE,Juneau Seaplane Base,"Juneau, AK",United States,Alaska,58.30166667,-134.42444444,1
12555,JSI,Alexandros Papadiamandis,"Skiathos, Greece",Greece,,39.1775,23.50361111,1
12556,JSK,Crossroads Heliport,"St. Cloud, MN",United States,Minnesota,45.55,-94.2,1
12557,JSO,Sodertalje Heliport,"Sodertalje, Sweden",Sweden,,59.2,17.61666667,1
12558,JSR,Jashore,"Jessore, Bangladesh",Bangladesh,,23.18388889,89.16083333,1
12559,JST,John Murtha Johnstown-Cambria County,"Johnstown, PA",United States,Pennsylvania,40.31527778,-78.83416667,1
12561,JSY,Dimitrios Vikelas,"Syros Island, Greece",Greece,,37.42305556,24.95,1
12563,JTR,Santorini Airport,"Santorini, Greece",Greece,,36.39944444,25.47888889,1
12564,JUB,Juba Airport,"Juba, South Sudan",South Sudan,,4.87416667,31.59861111,1
12566,JUJ,Jujuy Airport,"Jujuy, Argentina",Argentina,,-24.39277778,-65.09777778,1
12567,JUL,Inca Manco Capac International,"Juliaca, Peru",Peru,,-15.46694444,-70.15777778,1
12568,JUM,Jumla Airport,"Jumla, Nepal",Nepal,,29.27444444,82.19333333,1
12570,JUV,Upernavik Airport,"Upernavik, Greenland",Greenland,,72.79027778,-56.13055556,1
12571,JVL,Southern Wisconsin Regional,"Beloit/Janesville, WI",United States,Wisconsin,42.62027778,-89.04111111,1
12573,JWH,Westchase Heliport,"Houston, TX",United States,Texas,29.73638889,-95.5475,1
12574,TN8,John C Tune,"Nashville, TN",United States,Tennessee,36.18305556,-86.88638889,1
12576,JXN,Jackson County-Reynolds Field,"Jackson, MI",United States,Michigan,42.26055556,-84.46222222,1
12577,JYP,Olympic Hotel Helipad Sea Wash,"Seattle, WA",United States,Washington,47.60416667,-122.33333333,1
12578,JYV,Jyvaskyla Airport,"Jyvaskyla, Finland",Finland,,62.39916667,25.69,1
12579,JZA,James H Easom Field,"Newton, MS",United States,Mississippi,32.31194444,-89.13555556,1
12580,JZB,Orange Municipal,"Orange, MA",United States,Massachusetts,42.57,-72.28861111,1
12581,JZC,Stanley Municipal,"Stanley, ND",United States,North Dakota,48.30083333,-102.40666667,1
12582,JZD,Ganda Airport,"Ganda, Angola",Angola,,-13.1,14.75,1
12583,JZE,Trading Bay Production,"Trading Bay, AK",United States,Alaska,60.81555556,-151.79888889,1
12585,JZG,Chamberlain Municipal,"Chamberlain, SD",United States,South Dakota,43.76611111,-99.32111111,1
12586,JZH,Jui Zhai Huang Long,"Song Pan, China",China,,32.83694444,103.68194444,1
12587,JZI,Douglas Hunter Field,"Portland, TN",United States,Tennessee,36.59277778,-86.47694444,1
12588,JZJ,Sky Harbor,"Duluth, MN",United States,Minnesota,46.72222222,-92.04444444,1
12589,JZK,Cloquet Carlton County,"Cloquet, MN",United States,Minnesota,46.70111111,-92.50361111,1
12590,JZL,San Clemente Island Nalf,"San Clemente Island, CA",United States,California,33.02277778,-118.58861111,1
12591,JZM,Hog River Airport,"Hog River, AK",United States,Alaska,66.17611111,-155.68472222,1
12592,JZN,Quincy Municipal,"Quincy, WA",United States,Washington,47.21166667,-119.83972222,1
12593,JZO,Savage Field,"American Falls, ID",United States,Idaho,42.79722222,-112.82527778,1
12594,JZP,Prospect State,"Prospect, OR",United States,Oregon,42.7425,-122.48888889,1
12595,JZQ,Brooksville Tampa Bay Regional,"Brooksville, FL",United States,Florida,28.47333333,-82.45611111,1
12596,JZR,Laurel Municipal,"Laurel, MT",United States,Montana,45.70527778,-108.76083333,1
12598,JZT,Arlington Municipal,"Arlington, TX",United States,Texas,32.66388889,-97.09416667,1
12599,JZU,William H. Morse State,"Bennington, VT",United States,Vermont,42.89138889,-73.24638889,1
12600,JZV,North Little Rock Municipal,"Little Rock, AR",United States,Arkansas,34.82944444,-92.25722222,1
12601,JZW,Evergreen Regional Middleton Field,"Evergreen, AL",United States,Alabama,31.415,-87.04333333,1
12602,JZX,Angwin-Parrett Field,"Angwin, CA",United States,California,38.58,-122.43555556,1
12603,JZY,Idaho County,"Grangeville, ID",United States,Idaho,45.94277778,-116.12305556,1
12604,JZZ,Taszar Airport,"Taszar, Hungary",Hungary,,46.39305556,17.9175,1
12605,K01,Russellville-Logan County,"Russellville, KY",United States,Kentucky,36.79972222,-86.81083333,1
12606,KAA,Kasama Airport,"Kasama, Zambia",Zambia,,-10.21,31.12277778,1
12607,KAB,Kariba International,"Kariba, Zimbabwe",Zimbabwe,,-16.51972222,28.885,1
12608,KAC,Kamishly,"Kameshli, Syria",Syria,,37.02055556,41.19111111,1
12609,KAD,Kaduna Airport,"Kaduna, Nigeria",Nigeria,,10.69583333,7.32027778,1
12610,KAE,Kake Seaplane Base,"Kake, AK",United States,Alaska,56.97333333,-133.94388889,1
12611,KAG,Kangung,"Kangnung, South Korea",South Korea,,37.75361111,128.94388889,1
12613,KAI,Kaieteur Airport,"Kaieteur, Guyana",Guyana,,5.17611111,-59.48777778,1
12614,KAJ,Kajaani Airport,"Kajaani, Finland",Finland,,64.28555556,27.6925,1
12615,KAL,Kaltag Airport,"Kaltag, AK",United States,Alaska,64.31888889,-158.74138889,1
12616,KAN,Mallam Aminu Kano International,"Kano, Nigeria",Nigeria,,12.0475,8.52472222,1
12617,KAO,Kuusamo Airport,"Kuusamo, Finland",Finland,,65.9875,29.23944444,1
12618,KAR,Kamarang Airport,"Kamarang, Guyana",Guyana,,5.86527778,-60.61416667,1
12619,KAT,Kaitaia Airport,"Kaitaia, New Zealand",New Zealand,,-35.06944444,173.28583333,1
12620,KAW,Kawthaung Airport,"Kawthaung, Burma",Burma,,10.04944444,98.53805556,1
12621,KBC,Birch Creek Airport,"Birch Creek, AK",United States,Alaska,66.27444444,-145.81805556,1
12622,KBE,Bell Island Hot Springs Seaplane Base,"Bell Island, AK",United States,Alaska,55.92944444,-131.57,1
12623,KBG,Pakuba,"Kabalega Falls, Uganda",Uganda,,2.32638889,31.4975,1
12624,KBK,Klag Bay Airport,"Klag Bay, AK",United States,Alaska,57.64472222,-136.09305556,1
12625,KBL,Kabul International,"Kabul, Afghanistan",Afghanistan,,34.56583333,69.21222222,1
12626,KBO,Kabalo Airport,"Kabalo, Congo (Kinshasa)",Congo (Kinshasa),,-6.08472222,26.91722222,1
12627,KBP,Boryspil International,"Kiev, Ukraine",Ukraine,,50.33944444,30.89277778,1
12628,KBR,Sultan Ismail Petra,"Kota Bharu, Malaysia",Malaysia,,6.16638889,102.29555556,1
12629,KBS,Bo Airport,"Bo, Sierra Leone",Sierra Leone,,7.945,-11.76083333,1
12630,KBV,Krabi Airport,"Krabi, Thailand",Thailand,,8.09611111,98.98888889,1
12631,KBW,Chignik Bay,"Chignik, AK",United States,Alaska,56.28805556,-158.38333333,1
12632,KCA,Kuche,"Kuqa, China",China,,41.71805556,82.98694444,1
12633,KCC,Coffman Cove Seaplane Base,"Coffman Cove, AK",United States,Alaska,56.03333333,-132.91666667,1
12634,KCE,Collinsville Airport,"Collinsville, Australia",Australia,,-20.59611111,147.86,1
12635,KCG,Chignik Bay Airport,"Chignik Bay, AK",United States,Alaska,56.31138889,-158.37333333,1
12636,KCH,Kuching International,"Kuching, Malaysia",Malaysia,,1.48722222,110.35277778,1
12637,KCK,Fairfax Municipal,"Kansas City, KS",United States,Kansas,39.15,-94.6,1
12638,KCL,Chignik Lagoon Airport,"Chignik Lagoon, AK",United States,Alaska,56.31083333,-158.53444444,1
12639,KCN,Chernofski Harbor,"Chernofski, AK",United States,Alaska,53.4,-167.55,1
12641,KCQ,Chignik Lake,"Chignik, AK",United States,Alaska,56.25555556,-158.77777778,1
12642,KCR,Colorado Creek Airport,"Colorado Creek, AK",United States,Alaska,63.57111111,-156.00527778,1
12644,KCZ,Kochi Airport,"Kochi, Japan",Japan,,33.54611111,133.66944444,1
12645,KDH,Kandahar Airport,"Kandahar, Afghanistan",Afghanistan,,31.50583333,65.84777778,1
12646,KDJ,N Djole Airport,"N Djole, Gabon",Gabon,,-0.15,10.76666667,1
12647,KDK,Kodiak Municipal,"Kodiak, AK",United States,Alaska,57.80583333,-152.37388889,1
12648,KDT,Kamphang Saen Airport,"Kamphang Saen, Thailand",Thailand,,14.10194444,99.91722222,1
12649,KEB,Nanwalek Airport,"Nanwalek, AK",United States,Alaska,59.35222222,-151.92527778,1
12650,KED,Kaedi Airport,"Kaedi, Mauritania",Mauritania,,16.15944444,-13.5075,1
12651,KEF,Keflavik International,"Keflavik/Reykjavik, Iceland",Iceland,,63.985,-22.60555556,1
12652,KEH,Kenmore Air Harbor,"Kenmore, WA",United States,Washington,47.75472222,-122.25916667,1
12653,KEK,Ekwok Airport,"Ekwok, AK",United States,Alaska,59.35694444,-157.47111111,1
12654,KEL,Kiel/Holtenau,"Kiel, Germany",Germany,,54.37944444,10.14416667,1
12655,KEM,Kemi Tornio,"Kemi, Finland",Finland,,65.78194444,24.5825,1
12656,KEN,Kenema Airport,"Kenema, Sierra Leone",Sierra Leone,,7.89666667,-11.17361111,1
12657,KEO,Odienne IV Coast,"Odienne, Cote d'Ivoire",Cote d'Ivoire,,9.49,-7.57083333,1
12658,KEP,Nepalgunj,"Nepalganj, Nepal",Nepal,,28.10361111,81.66611111,1
12659,KER,Kerman International,"Kerman, Iran",Iran,,30.27305556,56.95055556,1
12661,OCA,Ocean Reef Club,"Key Largo, FL",United States,Florida,25.32444444,-80.27583333,1
12662,KFA,Kiffa Airport,"Kiffa, Mauritania",Mauritania,,16.58805556,-11.40972222,1
12663,KFP,False Pass Airport,"False Pass, AK",United States,Alaska,54.84777778,-163.40722222,1
12664,KGA,Kananga Airport,"Kananga, Congo (Kinshasa)",Congo (Kinshasa),,-5.9,22.46916667,1
12665,KGC,Kingscote Kangaroo Island,"Kingscote, Australia",Australia,,-35.71472222,137.52305556,1
12666,KGD,Khrabrovo,"Kaliningrad, Russia",Russia,,54.89166667,20.59861111,1
12667,KGF,Karaganda Airport,"Karaganda, Kazakhstan",Kazakhstan,,49.67194444,73.33555556,1
12668,KGG,Kedougou Airport,"Kedougou, Senegal",Senegal,,12.5725,-12.22027778,1
12669,KGI,Kalgoorlie Airport,"Kalgoorlie, Australia",Australia,,-30.76666667,121.46666667,1
12670,KGJ,Karonga Airport,"Karonga, Malawi",Malawi,,-9.95333333,33.89305556,1
12671,KGK,Koliganek Airport,"Koliganek, AK",United States,Alaska,59.72666667,-157.26027778,1
12672,KGL,Kigali International,"Kigali, Rwanda",Rwanda,,-1.96861111,30.13944444,1
12674,KGS,Kos Airport,"Kos, Greece",Greece,,36.79472222,27.09111111,1
12675,KGU,Keningau Airport,"Keningau, Malaysia",Malaysia,,5.35583333,116.16472222,1
12676,KGX,Grayling Airport,"Grayling, AK",United States,Alaska,62.89222222,-160.06638889,1
12677,KGZ,Glacier Creek Airport,"Glacier Creek, AK",United States,Alaska,61.455,-142.38083333,1
12679,KHE,Kherson Airport,"Kherson, Ukraine",Ukraine,,46.67527778,32.62777778,1
12680,KHH,Kaohsiung International,"Kaohsiung, Taiwan",Taiwan,,22.57694444,120.35027778,1
12681,KHI,Jinnah International,"Karachi, Pakistan",Pakistan,,24.90666667,67.16083333,1
12682,KHK,Khark Island,"Khark, Iran",Iran,,29.26083333,50.32194444,1
12683,KHM,Kanti,"Khamti, Burma",Burma,,25.98861111,95.67444444,1
12684,KHN,Changbei International,"Nanchang, China",China,,28.86472222,115.9025,1
12685,KHV,Khabarovsk Novy,"Khabarovsk, Russia",Russia,,48.52805556,135.18805556,1
12686,KIB,Ivanof Bay Seaplane Base,"Ivanof Bay, AK",United States,Alaska,55.9,-159.48333333,1
12687,KID,Kristianstad Airport,"Kristianstad, Sweden",Sweden,,55.92166667,14.08555556,1
12688,KIE,Kieta,"Bougainville Island, Papua New Guinea",Papua New Guinea,,-6.30527778,155.72805556,1
12689,KIH,Kish International,"Kish Island, Iran",Iran,,26.52666667,53.98083333,1
12690,KIJ,Niigata Airport,"Niigata, Japan",Japan,,37.95583333,139.12055556,1
12691,KIK,Kirkuk International,"Kirkuk, Iraq",Iraq,,35.46944444,44.34916667,1
12692,KIM,Kimberley Airport,"Kimberley, South Africa",South Africa,,-28.80277778,24.76527778,1
12693,KIN,Norman Manley International,"Kingston, Jamaica",Jamaica,,17.93555556,-76.7875,1
12694,KIR,Kerry,"Kerry County, Ireland",Ireland,,52.18083333,-9.52388889,1
12695,KIS,Kisumu Airport,"Kisumu, Kenya",Kenya,,-0.08861111,34.72388889,1
12696,KIT,Alexandros Aristotelous Onassis,"Kithira, Greece",Greece,,36.27416667,23.01666667,1
12697,KIV,Chisinau International,"Kishinev, Moldova",Moldova,,46.92777778,28.93083333,1
12698,KIW,Kitwe/Nkana,"Kitwe, Zambia",Zambia,,-12.83944444,28.23055556,1
12699,KIX,Kansai International,"Osaka, Japan",Japan,,34.43361111,135.23361111,1
12700,KIY,Kilwa Masoko,"Kilwa, Tanzania",Tanzania,,-8.91027778,39.50833333,1
12701,KJA,Krasnoyarsk,"Krasnojarsk, Russia",Russia,,56.17305556,92.49333333,1
12702,KJK,Kortrijk Wevelgem,"Kortrijk, Belgium",Belgium,,50.81888889,3.20916667,1
12703,KK1,Ching Chuan Kang AB,"Taichung, Taiwan",Taiwan,,24.265,120.62083333,1
12704,KKA,Koyuk Alfred Adams,"Koyuk, AK",United States,Alaska,64.93944444,-161.15416667,1
12705,KKB,Kitoi Bay Airport,"Kitoi Bay, AK",United States,Alaska,58.19166667,-152.35,1
12706,KKC,Khon Kaen Airport,"Khon Kaen, Thailand",Thailand,,16.46666667,102.78361111,1
12707,KKE,Kerikeri Airport,"Kerikeri, New Zealand",New Zealand,,-35.2575,173.91222222,1
12708,KKH,Kongiganak Airport,"Kongiganak, AK",United States,Alaska,59.96166667,-162.88055556,1
12709,KKI,Akiachak Airport,"Akiachak, AK",United States,Alaska,60.91388889,-161.49333333,1
12710,KKJ,Kitakyushu Airport,"Kitakyushu, Japan",Japan,,33.84555556,131.035,1
12711,KKK,Kalakaket Creek AS,"Kalakaket, AK",United States,Alaska,64.42444444,-156.84333333,1
12712,KKL,Karluk Lake Seaplane Base,"Karluk Lake, AK",United States,Alaska,57.36777778,-154.02527778,1
12713,KKN,Kirkenes Airport,"Kirkenes, Norway",Norway,,69.72555556,29.89222222,1
12714,KKO,Kaikohe Airport,"Kaikohe, New Zealand",New Zealand,,-35.45138889,173.81583333,1
12716,KKU,Ekuk Airport,"Ekuk, AK",United States,Alaska,58.81111111,-158.55888889,1
12717,KKW,Kikwit Airport,"Kikwit, Congo (Kinshasa)",Congo (Kinshasa),,-5.03583333,18.78583333,1
12718,KLB,Kalabo Airport,"Kalabo, Zambia",Zambia,,-14.99888889,22.64833333,1
12719,KLG,Kalskag Airport,"Kalskag, AK",United States,Alaska,61.53583333,-160.34555556,1
12720,KLL,Levelock Airport,"Levelock, AK",United States,Alaska,59.12694444,-156.86,1
12721,KLN,Larsen Bay Airport,"Larsen Bay, AK",United States,Alaska,57.535,-153.97666667,1
12722,KLO,Kalibo International,"Kalibo, Philippines",Philippines,,11.67916667,122.37527778,1
12723,KLP,Kelp Bay Airport,"Kelp Bay, AK",United States,Alaska,57.55,-134.86666667,1
12724,KLR,Kalmar Airport,"Kalmar, Sweden",Sweden,,56.68555556,16.28055556,1
12725,KLS,Southwest Washington Regional,"Kelso, WA",United States,Washington,46.11805556,-122.89833333,1
12726,KLU,Klagenfurt Airport,"Klagenfurt, Austria",Austria,,46.6425,14.33888889,1
12727,KLV,Karlovy Vary Airport,"Karlovy Vary, Czech Republic",Czech Republic,,50.20305556,12.915,1
12728,KLW,Klawock Airport,"Klawock, AK",United States,Alaska,55.57916667,-133.07611111,1
12729,KLX,Kalamata Airport,"Kalamata, Greece",Greece,,37.06833333,22.02555556,1
12730,KMA,Kerema Airport,"Kerema, Papua New Guinea",Papua New Guinea,,-7.96361111,145.77138889,1
12731,KMC,King Saud AB,"King Khalid Military City, Saudi Arabia",Saudi Arabia,,27.90083333,45.52805556,1
12732,KMF,Kamina Airport,"Kamina, Papua New Guinea",Papua New Guinea,,-7.64916667,145.95805556,1
12733,KMG,Wujiaba,"Kunming, China",China,,24.9925,102.74361111,1
12734,KMI,Miyazaki Airport,"Miyazaki, Japan",Japan,,31.87722222,131.44833333,1
12735,KMJ,Kumamoto Airport,"Kumamoto, Japan",Japan,,32.83722222,130.855,1
12736,KMN,Kamina Base,"Kamina, Congo (Kinshasa)",Congo (Kinshasa),,-8.64194444,25.25277778,1
12737,KMO,Manokatak Seaplane Base,"Manokotak, AK",United States,Alaska,58.98166667,-159.05666667,1
12738,KMP,Keetmanshoop Airport,"Keetmanshoop, Namibia",Namibia,,-26.53972222,18.11138889,1
12739,KMQ,Komatsu Airport,"Komatsu, Japan",Japan,,36.39388889,136.4075,1
12740,KMS,Kumasi Airport,"Kumasi, Ghana",Ghana,,6.71472222,-1.59083333,1
12741,KMU,Kismayo,"Kisimayu, Somalia",Somalia,,-0.37722222,42.45916667,1
12742,KMX,Khamis Mushait Airport,"Khamis Mushait, Saudi Arabia",Saudi Arabia,,18.29722222,42.80361111,1
12743,KMY,Moser Bay Airport,"Moser Bay, AK",United States,Alaska,57.02638889,-154.14361111,1
12744,KMZ,Kaoma Airport,"Kaoma, Zambia",Zambia,,-14.7975,24.80861111,1
12745,KNB,Kanab Municipal,"Kanab, UT",United States,Utah,37.01055556,-112.53138889,1
12746,KND,Kindu Airport,"Kindu, Congo (Kinshasa)",Congo (Kinshasa),,-2.91916667,25.91527778,1
12748,KNK,Kokhanok Airport,"Kokhanok, AK",United States,Alaska,59.43333333,-154.8025,1
12749,KNN,Kankan Airport,"Kankan, Guinea",Guinea,,10.39388889,-9.30388889,1
12751,KNP,Capanda Dam,"Capanda, Angola",Angola,,-9.77083333,15.45611111,1
12752,KNS,King Island Airport,"King Island, Australia",Australia,,-39.87833333,143.88416667,1
12753,KNT,Kennett Memorial,"Kennett, MO",United States,Missouri,36.22583333,-90.03666667,1
12754,KNU,Kanpur/Chakeri,"Kanpur, India",India,,26.40444444,80.41472222,1
12755,KNW,New Stuyahok Airport,"New Stuyahok, AK",United States,Alaska,59.45166667,-157.37305556,1
12756,KNX,Kununurra Airport,"Kununurra, Australia",Australia,,-15.77805556,128.70916667,1
12757,KNZ,Kenieba Airport,"Kenieba, Mali",Mali,,12.83944444,-11.25333333,1
12758,KOA,Ellison Onizuka Kona International at Keahole,"Kona, HI",United States,Hawaii,19.73333333,-156.04611111,1
12760,KOE,El Tari,"Kupang, Indonesia",Indonesia,,-10.17166667,123.67111111,1
12761,KOH,Koolatah Airport,"Koolatah, Australia",Australia,,-15.96666667,142.41666667,1
12762,KOI,Kirkwall Airport,"Kirkwall, United Kingdom",United Kingdom,,58.95777778,-2.905,1
12763,KOJ,Kagoshima Airport,"Kagoshima, Japan",Japan,,31.80333333,130.71944444,1
12764,KOK,Kokkola Pietarsaari,"Kokkola/Pietarsaari, Finland",Finland,,63.71888889,23.14277778,1
12765,KON,Kontum Airport,"Kontum, Vietnam",Vietnam,,14.35416667,108.02138889,1
12766,KOP,Nakhon Phanom Airport,"Nakhon Phanom, Thailand",Thailand,,17.38388889,104.64305556,1
12767,KOR,Kokoro Airport,"Kokoro, Papua New Guinea",Papua New Guinea,,-7.81666667,146.55,1
12768,KOS,Kompongsom Airport,"Kompongsom, Cambodia",Cambodia,,10.6,103.68333333,1
12769,KOT,Kotlik Airport,"Kotlik, AK",United States,Alaska,63.03055556,-163.53277778,1
12770,KOW,Ganzhou Airport,"Ganzhou, China",China,,25.9,114.91666667,1
12771,KOY,Olga Bay Seaplane Base,"Olga Bay, AK",United States,Alaska,57.16222222,-154.2275,1
12772,KOZ,Ouzinkie Airport,"Ouzinkie, AK",United States,Alaska,57.94222222,-152.465,1
12773,KPB,Point Baker Airport,"Point Baker, AK",United States,Alaska,56.35,-133.61666667,1
12774,KPC,Port Clarence CGS,"Port Clarence, AK",United States,Alaska,65.25333333,-166.8575,1
12775,KPH,Pauloff Harbor Airport,"Pauloff Harbor, AK",United States,Alaska,54.45,-162.68333333,1
12776,KPI,Kapit Airport,"Kapit, Malaysia",Malaysia,,2.01083333,112.93138889,1
12777,KPK,Parks Seaplane Base,"Parks, AK",United States,Alaska,57.43361111,-153.9,1
12778,KPM,Napamute Airport,"Napamute, AK",United States,Alaska,61.53138889,-158.64083333,1
12779,KPN,Kipnuk Airport,"Kipnuk, AK",United States,Alaska,59.93166667,-164.02805556,1
12780,KPO,Pohang Gyeongju,"Pohang, South Korea",South Korea,,35.98805556,129.4125,1
12781,KPP,Kalpower,"Kalpowar, Australia",Australia,,-14.88944444,144.22055556,1
12782,KPR,Port Williams Airport,"Port Williams, AK",United States,Alaska,58.43333333,-152.58333333,1
12783,KPS,Kempsey Airport,"Kempsey, Australia",Australia,,-31.07222222,152.76555556,1
12784,KPV,Perryville Airport,"Perryville, AK",United States,Alaska,55.90666667,-159.16083333,1
12785,KPY,Port Bailey Airport,"Port Bailey, AK",United States,Alaska,57.93333333,-153.03333333,1
12786,KQA,Akutan Airport,"Akutan, AK",United States,Alaska,54.13333333,-165.78333333,1
12787,KRB,Karumba Airport,"Karumba, Australia",Australia,,-17.45555556,140.83166667,1
12788,KRF,Kramfors Solleftea,"Kramfors, Sweden",Sweden,,63.04861111,17.76638889,1
12789,KRK,John Paul II - Balice,"Krakow, Poland",Poland,,50.07777778,19.78555556,1
12790,KRM,Kasitsna,"Kasitsna Bay, AK",United States,Alaska,59.46972222,-151.57111111,1
12791,KRN,Kiruna Airport,"Kiruna, Sweden",Sweden,,67.82194444,20.33666667,1
12792,KRP,Midtjyllands Lufthavn,"Karup, Denmark",Denmark,,56.29833333,9.10138889,1
12793,KRR,Pashkovskiy,"Krasnodar, Russia",Russia,,45.03472222,39.17,1
12794,KRS,Kjevik,"Kristiansand, Norway",Norway,,58.20416667,8.08527778,1
12795,KRT,Khartoum Airport,"Khartoum, Sudan",Sudan,,15.58944444,32.55305556,1
12796,KS2,Coffey County,"Burlington, KS",United States,Kansas,38.3025,-95.725,1
12798,KSA,Kosrae Airport,"Kosrae, Federated States of Micronesia",Federated States of Micronesia,,5.35694444,162.95833333,1
12799,KSC,Kosice Airport,"Kosice, Slovakia",Slovakia,,48.66305556,21.24111111,1
12800,KSD,Karlstad Airport,"Karlstad, Sweden",Sweden,,59.44472222,13.33722222,1
12801,KSE,Kasese Airport,"Kasese, Uganda",Uganda,,0.18333333,30.10138889,1
12802,KSF,Kassel Calden,"Kassel, Germany",Germany,,51.42083333,9.39222222,1
12803,KSH,Shahid Ashrafi Esfahani,"Kermanshah, Iran",Iran,,34.34611111,47.16,1
12804,KSI,Kissidougou Airport,"Kissidougou, Guinea",Guinea,,9.16138889,-10.12472222,1
12805,KSQ,Karshi Airport,"Karshi, Uzbekistan",Uzbekistan,,38.80222222,65.77305556,1
12806,KSL,Kassala Airport,"Kassala, Sudan",Sudan,,15.38583333,36.32805556,1
12807,KSM,St. Mary's Airport,"St. Mary's, AK",United States,Alaska,62.06083333,-163.30194444,1
12809,KSO,Kastoria Airport,"Kastoria, Greece",Greece,,40.45083333,21.27333333,1
12810,KSP,Kosipe Airport,"Kosipe, Papua New Guinea",Papua New Guinea,,-8.46305556,147.2175,1
12811,KSQ,Karshi Khanabad,"Karshi, Uzbekistan",Uzbekistan,,38.83361111,65.92138889,1
12812,KSR,Federal No.1,"Sandy River, AK",United States,Alaska,56.24444444,-160.38638889,1
12813,KSU,Kvernberget,"Kristiansund, Norway",Norway,,63.1125,7.82916667,1
12814,KTA,Karratha Airport,"Karratha, Australia",Australia,,-20.71277778,116.77555556,1
12815,KTB,Thorne Bay Seaplane Base,"Thorne Bay, AK",United States,Alaska,55.68833333,-132.535,1
12817,KTL,Kitale Airport,"Kitale, Kenya",Kenya,,0.97194444,34.95861111,1
12818,KTM,Tribhuvan International,"Kathmandu, Nepal",Nepal,,27.69527778,85.35861111,1
12819,KTN,Ketchikan International,"Ketchikan, AK",United States,Alaska,55.35416667,-131.71111111,1
12820,KTP,Tinson Pen,"Kingston, Jamaica",Jamaica,,17.98861111,-76.82388889,1
12821,KTR,Katherine Airport,"Katherine, Australia",Australia,,-14.4575,132.27138889,1
12822,KTS,Brevig Mission Airport,"Brevig Mission, AK",United States,Alaska,65.33194444,-166.46777778,1
12823,KTT,Kittila Airport,"Kittila, Finland",Finland,,67.70111111,24.84694444,1
12824,KTW,Pyrzowice,"Katowice, Poland",Poland,,50.47611111,19.08222222,1
12826,KUA,Kuantan Airport,"Kuantan, Malaysia",Malaysia,,3.77527778,103.20888889,1
12827,KUD,Kudat Airport,"Kudat, Malaysia",Malaysia,,6.92361111,116.8375,1
12828,KUF,Kurumoch,"Samara, Russia",Russia,,53.505,50.16388889,1
12829,KUH,Kushiro Airport,"Kushiro, Japan",Japan,,43.04083333,144.19305556,1
12830,KUI,Kawau Island Airport,"Kawau Island, New Zealand",New Zealand,,-36.46666667,174.83333333,1
12831,KUK,Kasigluk Airport,"Kasigluk, AK",United States,Alaska,60.87333333,-162.52444444,1
12832,KUL,Kuala Lumpur International,"Kuala Lumpur, Malaysia",Malaysia,,2.73833333,101.7025,1
12833,KUM,Yakushima Airport,"Yakushima, Japan",Japan,,30.38555556,130.65916667,1
12834,KUN,Kaunas International,"Kaunas, Lithuania",Lithuania,,54.96388889,24.08472222,1
12835,KUO,Kuopio Airport,"Kuopio, Finland",Finland,,63.00638889,27.79833333,1
12836,KUV,Kunsan AB,"Gunsan, South Korea",South Korea,,35.90388889,126.61583333,1
12837,KUW,Kugururok River Airport,"Kugururok River, AK",United States,Alaska,68.30694444,-161.4,1
12838,KUY,Kamusi Airport,"Kamusi, Papua New Guinea",Papua New Guinea,,-7.41861111,143.12166667,1
12840,KVA,Megas Alexandros International,"Kavala, Greece",Greece,,40.91388889,24.61972222,1
12841,KVC,King Cove Airport,"King Cove, AK",United States,Alaska,55.11638889,-162.26666667,1
12843,KVG,Kavieng Airport,"Kavieng, Papua New Guinea",Papua New Guinea,,-2.58055556,150.80972222,1
12844,KVL,Kivalina Airport,"Kivalina, AK",United States,Alaska,67.73611111,-164.56361111,1
12845,KWA,Bucholz AAF,"Kwajalein, Marshall Islands",Marshall Islands,,8.72,167.73166667,1
12846,KWE,Longdongbao,"Guiyang, China",China,,26.54027778,106.80333333,1
12847,KWF,Waterfall Seaplane Base,"Waterfall, AK",United States,Alaska,55.29722222,-133.24055556,1
12849,KWI,Kuwait International,"Kuwait, Kuwait",Kuwait,,29.22666667,47.98,1
12850,KWJ,Gwangju Airport,"Gwangju, South Korea",South Korea,,35.12638889,126.80888889,1
12851,KWK,Kwigillingok Airport,"Kwigillingok, AK",United States,Alaska,59.87555556,-163.16805556,1
12852,KWL,Liangjiang,"Guilin, China",China,,25.22,110.03944444,1
12853,KWN,Quinhagak Airport,"Quinhagak, AK",United States,Alaska,59.755,-161.84527778,1
12854,KWP,West Point Village,"West Point, AK",United States,Alaska,57.76694444,-153.55,1
12855,KWT,Kwethluk Airport,"Kwethluk, AK",United States,Alaska,60.79027778,-161.44361111,1
12856,KWZ,Kolwezi Airport,"Kolwezi, Congo (Kinshasa)",Congo (Kinshasa),,-10.76666667,25.50916667,1
12857,KXA,Kasaan Seaplane Base,"Kasaan, AK",United States,Alaska,55.53777778,-132.39583333,1
12858,KXK,Komsomolsk South,"Komsomolsk-na-Amure, Russia",Russia,,50.40944444,136.93527778,1
12859,KY1,Stuart Powell Field,"Danville, KY",United States,Kentucky,37.5775,-84.76944444,1
12860,KY2,Sturgis Municipal,"Sturgis, KY",United States,Kentucky,37.54166667,-87.95444444,1
12861,KY3,Mount Sterling Montgomery County,"Mount Sterling, KY",United States,Kentucky,38.05805556,-83.97944444,1
12862,KY4,Henderson City - County,"Henderson, KY",United States,Kentucky,37.80777778,-87.68583333,1
12863,KY5,Madisonville Regional,"Madisonville, KY",United States,Kentucky,37.35583333,-87.39833333,1
12864,KYA,Konya Airport,"Konya, Turkey",Turkey,,37.97916667,32.56083333,1
12865,KYC,Yankee Creek 2,"Yankee Creek, AK",United States,Alaska,63.00194444,-156.36722222,1
12866,KYK,Karluk Airport,"Karluk, AK",United States,Alaska,57.56611111,-154.45388889,1
12867,KYS,Kayes Airport,"Kayes, Mali",Mali,,14.43194444,-11.43944444,1
12868,KYU,Koyukuk Airport,"Koyukuk, AK",United States,Alaska,64.87583333,-157.73055556,1
12869,KZB,Zachar Bay Airport,"Zachar Bay, AK",United States,Alaska,57.55,-153.75,1
12870,KZH,Kizhuyak Airport,"Kizhuyak, AK",United States,Alaska,57.58305556,-153.15,1
12871,KZI,Filippos,"Kozani, Greece",Greece,,40.28583333,21.84166667,1
12872,KZN,Kazan Airport,"Kazan, Russia",Russia,,55.6075,49.27555556,1
12873,LAA,Southeast Colorado Regional,"Lamar, CO",United States,Colorado,38.06972222,-102.68861111,1
12874,LAB,Lab Lab Airport,"Lab Lab, Papua New Guinea",Papua New Guinea,,-5.72166667,148.05833333,1
12875,LAC,Pulau Layang-Layang Airport,"Pulau Layang-Layang, Malaysia",Malaysia,,7.4,113.85,1
12876,LAD,Intl 4 de Fevereiro,"Luanda, Angola",Angola,,-8.85833333,13.23111111,1
12877,LAE,Nadzab,"Lae, Papua New Guinea",Papua New Guinea,,-6.57,146.72611111,1
12878,LAF,Purdue University,"Lafayette, IN",United States,Indiana,40.41222222,-86.93694444,1
12879,LAI,Lannion Airport,"Lannion, France",France,,48.75444444,-3.47222222,1
12880,LAJ,Lages Airport,"Lages, Brazil",Brazil,,-27.78222222,-50.28138889,1
12881,LAK,Aklavik Airport,"Aklavik, Canada",Canada,Northwest Territories,68.22222222,-134.98583333,1
12882,LAL,Lakeland Linder International,"Lakeland, FL",United States,Florida,27.98777778,-82.01888889,1
12883,LAM,Los Alamos Airport,"Los Alamos, NM",United States,New Mexico,35.87972222,-106.26861111,1
12884,LAN,Capital Region International,"Lansing, MI",United States,Michigan,42.77861111,-84.58611111,1
12885,LAO,Laoag International,"Laoag, Philippines",Philippines,,18.17611111,120.53111111,1
12886,LAP,La Paz International,"La Paz, Mexico",Mexico,,24.07277778,-110.3625,1
12887,LAQ,El Beida,"Beida, Libya",Libya,,32.78861111,21.96416667,1
12888,LAR,Laramie Regional,"Laramie, WY",United States,Wyoming,41.31333333,-105.67277778,1
12889,LAS,Harry Reid International,"Las Vegas, NV",United States,Nevada,36.08,-115.15222222,1
12890,LAU,Lamu Manda,"Lamu, Kenya",Kenya,,-2.25333333,40.91472222,1
12891,LAW,Lawton-Fort Sill Regional,"Lawton/Fort Sill, OK",United States,Oklahoma,34.56666667,-98.41638889,1
12892,LAX,Los Angeles International,"Los Angeles, CA",United States,California,33.94305556,-118.40888889,1
12893,LAY,Ladysmith Airport,"Ladysmith, South Africa",South Africa,,-28.58138889,29.75055556,1
12894,LAZ,Bom Jesus Da Lapa Airport,"Bom Jesus Da Lapa, Brazil",Brazil,,-13.26138889,-43.40833333,1
12895,LBA,Leeds Bradford,"Leeds/Bradford, United Kingdom",United Kingdom,,53.86611111,-1.66083333,1
12896,LBB,Lubbock Preston Smith International,"Lubbock, TX",United States,Texas,33.66166667,-101.81861111,1
12897,LBC,Luebeck Blankensee,"Luebeck, Germany",Germany,,53.80472222,10.71666667,1
12898,LBE,Arnold Palmer Regional,"Latrobe, PA",United States,Pennsylvania,40.27305556,-79.41027778,1
12899,LBF,North Platte Regional Airport Lee Bird Field,"North Platte, NE",United States,Nebraska,41.12611111,-100.68361111,1
12900,LBG,Le Bourget,"Paris, France",France,,48.96388889,2.43527778,1
12901,LBI,Albi Le Sequestre,"Albi, France",France,,43.91333333,2.11027778,1
12902,LBL,Liberal Mid-America Regional,"Liberal, KS",United States,Kansas,37.05055556,-100.95638889,1
12903,LBP,Long Banga Airport,"Long Banga, Malaysia",Malaysia,,3.19916667,115.39944444,1
12904,LBQ,Lambarene Airport,"Lambarene, Gabon",Gabon,,-0.70555556,10.24444444,1
12905,LBS,Labasa Airport,"Labasa, Fiji",Fiji,,-16.46777778,179.33972222,1
12906,LBT,Lumberton Regional,"Lumberton, NC",United States,North Carolina,34.61083333,-79.05944444,1
12907,LBU,Labuan Airport,"Labuan, Malaysia",Malaysia,,5.3025,115.24888889,1
12908,LBV,Leon M Ba,"Libreville, Gabon",Gabon,,0.45861111,9.41222222,1
12909,LBX,Lubang Airport,"Lubang, Philippines",Philippines,,13.85583333,120.10611111,1
12910,LBY,Saint Nazaire/Montoir,"La Baule, France",France,,47.28888889,-2.34583333,1
12911,LCA,Larnaka International,"Larnaca, Cyprus",Cyprus,,34.87361111,33.62388889,1
12912,LCC,Lecce Airport,"Lecce, Italy",Italy,,40.23888889,18.13333333,1
12913,LCE,Goloson International,"La Ceiba, Honduras",Honduras,,15.7425,-86.85333333,1
12914,LCG,A Coruna Airport,"A Coruna, Spain",Spain,,43.30083333,-8.37833333,1
12915,LCH,Lake Charles Regional,"Lake Charles, LA",United States,Louisiana,30.12611111,-93.22333333,1
12916,LCI,Laconia Municipal,"Laconia, NH",United States,New Hampshire,43.57305556,-71.41777778,1
12917,LCK,Rickenbacker International,"Columbus, OH",United States,Ohio,39.81388889,-82.92777778,1
12918,LCM,La Cumbre Airport,"La Cumbre, Argentina",Argentina,,-31.00583333,-64.53194444,1
12919,LCS,Las Canas Airport,"Las Canas, Costa Rica",Costa Rica,,10.42638889,-85.09777778,1
12920,LCY,London City,"London, United Kingdom",United Kingdom,,51.50527778,0.05527778,1
12921,LDB,Governador Jose Richa,"Londrina, Brazil",Brazil,,-23.33361111,-51.13,1
12922,LDE,Tarbes-Lourdes-Pyrenees,"Tarbes/Lourdes/Pyrenees, France",France,,43.18555556,-0.00277778,1
12923,LDH,Lord Howe Island Airport,"Lord Howe Island, Australia",Australia,,-31.53833333,159.07583333,1
12924,LDI,Lindi Airport,"Lindi, Tanzania",Tanzania,,-9.85055556,39.75805556,1
12925,LDJ,Linden Airport,"Linden, NJ",United States,New Jersey,40.6175,-74.24472222,1
12926,LDK,Lidkoping Airport,"Lidkoping, Sweden",Sweden,,58.46555556,13.17444444,1
12927,LDM,Mason County,"Ludington, MI",United States,Michigan,43.9625,-86.40805556,1
12928,LDU,Lahad Datu Airport,"Lahad Datu, Malaysia",Malaysia,,5.03222222,118.32388889,1
12929,LDV,Landivisiau Airport,"Landivisiau, France",France,,48.53027778,-4.15166667,1
12930,LDY,Eglinton,"Londonderry, United Kingdom",United Kingdom,,55.04277778,-7.16194444,1
12931,LEA,Learmonth Airport,"Learmonth, Australia",Australia,,-22.23361111,114.09027778,1
12932,LEB,Lebanon Municipal,"Lebanon-Hanover, NH",United States,New Hampshire,43.62611111,-72.30416667,1
12933,LED,Pulkovo,"St. Petersburg, Russia",Russia,,59.80027778,30.2625,1
12934,LEE,Leesburg International,"Leesburg, FL",United States,Florida,28.82277778,-81.80833333,1
12935,LEG,Aleg Airport,"Aleg, Mauritania",Mauritania,,17.06666667,-13.9,1
12936,LEH,Le Havre Octeville,"Le Havre, France",France,,49.53416667,0.08833333,1
12937,LEI,Almeria Airport,"Almeria, Spain",Spain,,36.84388889,-2.37,1
12938,LEJ,Leipzig Halle,"Leipzig, Germany",Germany,,51.4225,12.23611111,1
12939,LEK,Labe Airport,"Labe, Guinea",Guinea,,11.33722222,-12.29138889,1
12941,LEO,Leconi Airport,"Leconi, Gabon",Gabon,,-1.57055556,14.285,1
12942,LET,Alfredo Vasquez Cobo,"Leticia, Colombia",Colombia,,-4.19055556,-69.94166667,1
12943,LEV,Bureta Airport,"Bureta, Fiji",Fiji,,-17.71166667,178.75888889,1
12944,LEW,Auburn Lewiston Municipal,"Lewiston/Auburn, ME",United States,Maine,44.04833333,-70.28361111,1
12945,LEX,Blue Grass,"Lexington, KY",United States,Kentucky,38.03666667,-84.60861111,1
12947,LFI,Langley AFB,"Newport News/Hampton, VA",United States,Virginia,37.08277778,-76.36055556,1
12948,LFK,Angelina County,"Lufkin, TX",United States,Texas,31.23416667,-94.75,1
12949,LFO,Kelafo Airport,"Kelafo, Ethiopia",Ethiopia,,5.59027778,44.18888889,1
12950,LFR,Francisco Javier Garcia Hevia,"La Fria, Venezuela",Venezuela,,8.23916667,-72.27111111,1
12951,LFT,Lafayette Regional Paul Fournet Field,"Lafayette, LA",United States,Louisiana,30.20388889,-91.98638889,1
12952,LFW,Gnassingbe Eyadema International,"Lome, Togo",Togo,,6.16583333,1.25416667,1
12953,LGA,LaGuardia,"New York, NY",United States,New York,40.77722222,-73.8725,1
12954,LGB,Long Beach Airport,"Long Beach, CA",United States,California,33.81805556,-118.15194444,1
12955,LGC,LaGrange-Callaway,"LaGrange, GA",United States,Georgia,33.00916667,-85.07333333,1
12956,LGD,La Grande/Union County,"La Grande, OR",United States,Oregon,45.28916667,-118.00611111,1
12957,LGG,Liege Airport,"Liege, Belgium",Belgium,,50.63888889,5.44416667,1
12958,LGH,Leigh Creek Airport,"Leigh Creek, Australia",Australia,,-30.59611111,138.42527778,1
12959,LGI,Deadman's Cay Airport,"Deadman's Cay, The Bahamas",The Bahamas,,23.17888889,-75.09361111,1
12960,LGK,Langkawi International,"Langkawi, Malaysia",Malaysia,,6.32972222,99.72861111,1
12961,LGM,Longmont Municipal,"Longmont, CO",United States,Colorado,40.16166667,-105.16138889,1
12962,LGP,Legazpi Airport,"Legazpi, Philippines",Philippines,,13.1575,123.74666667,1
12963,LGQ,Lago Agrio Airport,"Lago Agrio, Ecuador",Ecuador,,0.09222222,-76.86944444,1
12964,LGS,Malargue Airport,"Malargue, Argentina",Argentina,,-35.49361111,-69.57444444,1
12965,LGU,Logan Cache,"Logan, UT",United States,Utah,41.79166667,-111.85166667,1
12966,LGW,London Gatwick,"London, United Kingdom",United Kingdom,,51.14888889,-0.19194444,1
12967,LHA,Lahr Airport,"Lahr, Germany",Germany,,48.36944444,7.82777778,1
12968,LHB,Lost Harbor Airport,"Lost Harbor, AK",United States,Alaska,54.22611111,-165.61111111,1
12969,LHE,Allama Iqbal International,"Lahore, Pakistan",Pakistan,,31.52166667,74.40361111,1
12970,LHG,Lightning Ridge Airport,"Lightning Ridge, Australia",Australia,,-29.45416667,147.98166667,1
12971,LHQ,Fairfield County,"Lancaster, OH",United States,Ohio,39.75555556,-82.65722222,1
12972,LHR,London Heathrow,"London, United Kingdom",United Kingdom,,51.47111111,-0.46083333,1
12973,LHU,Lake Havasu City Airport,"Lake Havasu City, AZ",United States,Arizona,34.45833333,-114.36111111,1
12974,LHV,William T. Piper Memorial,"Lock Haven, PA",United States,Pennsylvania,41.13583333,-77.42222222,1
12975,LHW,Zhongchuan International,"Lanzhou, China",China,,36.51611111,103.63027778,1
12976,LHX,La Junta Municipal,"La Junta, CO",United States,Colorado,38.05,-103.50972222,1
12977,LIA,Liangping Airport,"Liangping, China",China,,30.81666667,107.7,1
12978,LIB,Limbunya Airport,"Limbunya, Australia",Australia,,-17.23611111,129.88527778,1
12979,LIC,Limon Municipal,"Limon, CO",United States,Colorado,39.27472222,-103.66583333,1
12980,LIE,Libenge Airport,"Libenge, Congo (Kinshasa)",Congo (Kinshasa),,3.62694444,18.63833333,1
12981,LIG,Limoges Bellegarde,"Limoges, France",France,,45.86138889,1.18083333,1
12982,LIH,Lihue Airport,"Lihue, HI",United States,Hawaii,21.985,-159.33611111,1
12983,LIJ,Long Island Airport,"Long Island, AK",United States,Alaska,54.9,-132.75,1
12984,LIK,Likiep Island Airport,"Likiep Island, Marshall Islands",Marshall Islands,,9.82277778,169.30583333,1
12985,LIL,Lille Lesquin,"Lille, France",France,,50.56333333,3.08694444,1
12986,LIM,Jorge Chavez International,"Lima, Peru",Peru,,-12.02138889,-77.12055556,1
12987,LIN,Milano Linate,"Milan, Italy",Italy,,45.44527778,9.27694444,1
12988,LIO,Puerto Limon,"Limon, Costa Rica",Costa Rica,,9.95583333,-83.02111111,1
12989,LIQ,Lisala Airport,"Lisala, Congo (Kinshasa)",Congo (Kinshasa),,2.17,21.49611111,1
12990,LIR,Daniel Oduber International,"Liberia, Costa Rica",Costa Rica,,10.59333333,-85.54444444,1
12991,LIS,Lisboa,"Lisbon, Portugal",Portugal,,38.78111111,-9.13611111,1
12992,LIT,Bill and Hillary Clinton Nat Adams Field,"Little Rock, AR",United States,Arkansas,34.72944444,-92.22472222,1
12993,LIV,Livengood Airport,"Livengood, AK",United States,Alaska,65.53111111,-148.54111111,1
12994,LIW,Loikaw Airport,"Loikaw, Burma",Burma,,19.69416667,97.215,1
12995,LIY,Wright AAF/Midcoast Regional,"Hinesville, GA",United States,Georgia,31.88777778,-81.56277778,1
12996,LIZ,Loring International,"Limestone, ME",United States,Maine,46.95055556,-67.88583333,1
12997,LJA,Lodja Airport,"Lodja, Congo (Kinshasa)",Congo (Kinshasa),,-3.39722222,23.44444444,1
12998,LJG,Sanyi,"Lijiang, China",China,,26.67694444,100.24472222,1
12999,LJN,Brazoria County,"Lake Jackson, TX",United States,Texas,29.03833333,-95.45694444,1
13000,LJU,Ljubljana Airport,"Ljubljana, Slovenia",Slovenia,,46.22361111,14.4575,1
13001,LJY,Floyd W Jones Lebanon,"Lebanon, MO",United States,Missouri,37.64833333,-92.6525,1
13002,LKE,Lake Union Terminal,"Seattle, WA",United States,Washington,47.62888889,-122.33861111,1
13003,LKK,Kulik Lake Airport,"Kulik Lake, AK",United States,Alaska,58.965,-155.09555556,1
13004,LKL,Lakselv Airport,"Lakselv, Norway",Norway,,70.06888889,24.97361111,1
13005,NEK,Nekempte Airport,"Nekempte, Ethiopia",Ethiopia,,9.03472222,36.60861111,1
13006,LKN,Leknes Airport,"Leknes, Norway",Norway,,68.15333333,13.61027778,1
13007,LKO,Chaudhary Charan Singh International,"Lucknow, India",India,,26.76055556,80.88888889,1
13008,LKP,Lake Placid Airport,"Lake Placid, NY",United States,New York,44.26444444,-73.96194444,1
13009,LKV,Lake County,"Lakeview, OR",United States,Oregon,42.16111111,-120.39916667,1
13010,LKZ,RAF Lakenheath,"Lakenheath, United Kingdom",United Kingdom,,52.40944444,0.56111111,1
13011,LLA,Lulea Airport,"Lulea, Sweden",Sweden,,65.54388889,22.12194444,1
13012,LLI,Lalibella Airport,"Lalibella, Ethiopia",Ethiopia,,11.97527778,38.98027778,1
13013,LLW,Kamuzu International,"Lilongwe, Malawi",Malawi,,-13.78944444,33.78083333,1
13015,LLY,South Jersey Regional,"Mount Holly, NJ",United States,New Jersey,39.94277778,-74.84583333,1
13016,LMA,Lake Minchumina Airport,"Lake Minchumina, AK",United States,Alaska,63.88583333,-152.30194444,1
13017,LMI,Lumi Airport,"Lumi, Papua New Guinea",Papua New Guinea,,-3.47666667,142.04,1
13018,LMM,Los Mochis International,"Los Mochis, Mexico",Mexico,,25.68555556,-109.08111111,1
13019,LMN,Limbang Airport,"Limbang, Malaysia",Malaysia,,4.80805556,115.01055556,1
13020,LMO,RAF Lossiemouth,"Lossiemouth, United Kingdom",United Kingdom,,57.70694444,-3.3375,1
13021,LMP,Lampedusa Airport,"Lampedusa, Italy",Italy,,35.49777778,12.61805556,1
13022,LMQ,Marsa Brega S21,"Marsa Brega, Libya",Libya,,30.37861111,19.57611111,1
13023,LMS,Louisville Winston County,"Louisville, MS",United States,Mississippi,33.14611111,-89.0625,1
13024,LMT,Crater Lake Klamath Regional,"Klamath Falls, OR",United States,Oregon,42.15611111,-121.73333333,1
13026,LND,Hunt Field,"Lander, WY",United States,Wyoming,42.81527778,-108.72861111,1
13027,LNE,Lonorore Airport,"Lonorore, Vanuatu",Vanuatu,,-15.865,168.17305556,1
13028,LNI,Lonely AS,"Lonely, AK",United States,Alaska,70.91083333,-153.24222222,1
13029,LNK,Lincoln Airport,"Lincoln, NE",United States,Nebraska,40.85194444,-96.75583333,1
13030,LNL,Kings Land O' Lakes,"Land O' Lakes, WI",United States,Wisconsin,46.15416667,-89.21194444,1
13031,LNP,Lonesome Pine,"Wise, VA",United States,Virginia,36.9875,-82.52972222,1
13032,LNS,Lancaster Airport,"Lancaster, PA",United States,Pennsylvania,40.12222222,-76.29444444,1
13033,LNT,Lanett Regional,"Lanett, AL",United States,Alabama,32.81194444,-85.22944444,1
13034,LNY,Lanai Airport,"Lanai, HI",United States,Hawaii,20.78555556,-156.95138889,1
13035,LNZ,Linz Airport,"Linz, Austria",Austria,,48.23333333,14.1875,1
13036,LOA,Lorraine Airport,"Lorraine, Australia",Australia,,-19.00666667,139.9,1
13037,LOH,Ciudad de Catamayo,"Loja, Ecuador",Ecuador,,-3.99583333,-79.37194444,1
13038,LOI,Laredo Municipal,"Laredo, TX",United States,Texas,27.61555556,-99.52,1
13039,LOL,Derby Field,"Lovelock, NV",United States,Nevada,40.06638889,-118.565,1
13040,LOM,Francisco P.V.Yr,"Lagos de Moreno, Mexico",Mexico,,21.35,-101.94944444,1
13041,LON,London Metropolitan Area,"London, United Kingdom",United Kingdom,,51.5,-0.16666667,1
13042,LOQ,Lobatse Airport,"Lobatse, Botswana",Botswana,,-25.19083333,25.68166667,1
13043,LOS,Murtala Muhammed,"Lagos, Nigeria",Nigeria,,6.5775,3.32111111,1
13044,LOU,Bowman Field,"Louisville, KY",United States,Kentucky,38.22805556,-85.66361111,1
13045,LOV,Monclova International,"Monclova, Mexico",Mexico,,26.95555556,-101.47027778,1
13046,LOZ,London-Corbin Airport-Magee Field,"London/Corbin, KY",United States,Kentucky,37.08694444,-84.0775,1
13047,LPA,Gran Canaria,"Las Palmas, Spain",Spain,,27.93166667,-15.38555556,1
13048,LPB,El Alto International,"La Paz, Bolivia",Bolivia,,-16.51333333,-68.19222222,1
13049,LPC,Lompoc Airport,"Lompoc, CA",United States,California,34.66555556,-120.4675,1
13050,LPI,Saab,"Linkoping, Sweden",Sweden,,58.40416667,15.68972222,1
13051,LPL,Liverpool Airport,"Liverpool, United Kingdom",United Kingdom,,53.33361111,-2.84972222,1
13052,LPO,La Porte Municipal,"La Porte, IN",United States,Indiana,41.5725,-86.73444444,1
13053,LPP,Lappeenranta Airport,"Lappeenranta, Finland",Finland,,61.04444444,28.14444444,1
13054,LPQ,Luang Phabang International,"Luang Phabang, Laos",Laos,,19.905,102.16777778,1
13055,LPS,Lopez Island Airport,"Lopez Island, WA",United States,Washington,48.48388889,-122.93777778,1
13056,LPT,Lampang Airport,"Lampang, Thailand",Thailand,,18.27111111,99.50416667,1
13057,LPW,Little Port Walter Airport,"Little Port Walter, AK",United States,Alaska,56.38333333,-134.83333333,1
13058,LQK,Pickens County,"Pickens, SC",United States,South Carolina,34.81,-82.70277778,1
13059,LRA,Larissa Airport,"Larissa, Greece",Greece,,39.64944444,22.46583333,1
13060,LRC,RAF Laarbruch,"Laarbruch, Germany",Germany,,51.60194444,6.1425,1
13061,LRD,Laredo International,"Laredo, TX",United States,Texas,27.54416667,-99.46166667,1
13062,LRE,Longreach Airport,"Longreach, Australia",Australia,,-23.43194444,144.2775,1
13063,LRF,Little Rock AFB,"Jacksonville, AR",United States,Arkansas,34.91833333,-92.14305556,1
13064,WLR,Loring Airport,"Loring, AK",United States,Alaska,55.60166667,-131.635,1
13065,LRH,La Rochelle/Laleu,"La Rochelle, France",France,,46.18055556,-1.18583333,1
13066,LRI,Lorica Airport,"Lorica, Colombia",Colombia,,9.26611111,-75.82472222,1
13067,LRL,Niamtougou Airport,"Niamtougou, Togo",Togo,,9.76722222,1.09111111,1
13068,LRM,Casa de Campo International,"La Romana, Dominican Republic",Dominican Republic,,18.4525,-68.91138889,1
13069,LRN,Larson AFB,"Moses Lake, WA",United States,Washington,47.14305556,-119.24027778,1
13070,LRO,Sharpe AFF,"Lathrop, CA",United States,California,37.83666667,-121.27222222,1
13071,LRT,Lorient Lann Bihoue,"Lorient, France",France,,47.76055556,-3.44,1
13072,LRU,Las Cruces International,"Las Cruces, NM",United States,New Mexico,32.28916667,-106.92194444,1
13073,LSA,Kiriwina,"Losuia, Papua New Guinea",Papua New Guinea,,-8.50638889,151.08111111,1
13074,LSC,La Florida,"La Serena, Chile",Chile,,-29.91638889,-71.19944444,1
13075,LSD,Blue Grass Station AHP,"Lexington, KY",United States,Kentucky,38.09111111,-84.31666667,1
13076,LSE,La Crosse Regional,"La Crosse, WI",United States,Wisconsin,43.87888889,-91.25611111,1
13077,LSF,Lawson AAF,"Columbus, GA",United States,Georgia,32.33166667,-84.98722222,1
13078,LSI,Sumburgh,"Lerwick, United Kingdom",United Kingdom,,59.88111111,-1.29944444,1
13079,LSL,Los Chiles Airport,"Los Chiles, Costa Rica",Costa Rica,,11.03472222,-84.70666667,1
13080,LSN,Los Banos Municipal,"Los Banos, CA",United States,California,37.06388889,-120.86972222,1
13081,LSP,Josefa Camejo International,"Las Piedras, Venezuela",Venezuela,,11.78083333,-70.15166667,1
13082,LSQ,Maria Dolores,"Los Angeles, Chile",Chile,,-37.40166667,-72.42555556,1
13083,LSR,Lost River 1,"Lost River, AK",United States,Alaska,65.39611111,-167.16305556,1
13084,LSS,Terre de Haut,"Les Saintes, Guadeloupe",Guadeloupe,,15.86444444,-61.58027778,1
13085,LST,Launceston Airport,"Launceston, Australia",Australia,,-41.54444444,147.21055556,1
13086,LSU,Long Sukang Airport,"Long Sukang, Malaysia",Malaysia,,4.55277778,115.49416667,1
13087,LSV,Nellis AFB,"Las Vegas, NV",United States,Nevada,36.23611111,-115.03416667,1
13088,LSX,Lhok Sukon Airport,"Lhok Sukon, Indonesia",Indonesia,,5.06944444,97.25916667,1
13089,LTA,Letaba,"Tzaneen, South Africa",South Africa,,-23.82444444,30.32916667,1
13090,LTB,Latrobe Valley,"Latrobe, Australia",Australia,,-38.21111111,146.47083333,1
13091,LTD,Ghadames Airport,"Ghadames, Libya",Libya,,30.14666667,9.70416667,1
13092,LTI,Altai Airport,"Altai, Mongolia",Mongolia,,46.65,96.41666667,1
13093,LTM,Lethem Airport,"Lethem, Guyana",Guyana,,3.37138889,-59.79166667,1
13094,LTN,London Luton,"London, United Kingdom",United Kingdom,,51.87472222,-0.36833333,1
13095,LTO,Loreto International,"Loreto, Mexico",Mexico,,25.99,-111.34833333,1
13096,LTQ,Le Touquet Elizabeth II,"Le Touquet, France",France,,50.51833333,1.62194444,1
13097,LTS,Altus AFB,"Altus, OK",United States,Oklahoma,34.66805556,-99.26777778,1
13098,LTV,Lotusvale Airport,"Lotusvale, Australia",Australia,,-17.08333333,141.36666667,1
13099,LUA,Lukla Airport,"Lukla, Nepal",Nepal,,27.68694444,86.72944444,1
13100,LUD,Luderitz Airport,"Luderitz, Namibia",Namibia,,-26.68361111,15.24416667,1
13101,LUE,Lucenec Airport,"Lucenec, Slovakia",Slovakia,,48.34027778,19.73555556,1
13102,LUF,Luke AFB,"Phoenix, AZ",United States,Arizona,33.535,-112.38305556,1
13103,LUG,Lugano Airport,"Lugano, Switzerland",Switzerland,,46.00444444,8.91083333,1
13104,LUJ,Lusikisiki Airport,"Lusikisiki, South Africa",South Africa,,-31.37,29.42444444,1
13105,LUK,Cincinnati Municipal Lunken Field,"Cincinnati, OH",United States,Ohio,39.10305556,-84.4175,1
13106,LUL,Hesler-Noble Field,"Laurel, MS",United States,Mississippi,31.67305556,-89.17277778,1
13108,LUN,Kenneth Kaunda International,"Lusaka, Zambia",Zambia,,-15.33083333,28.4525,1
13109,LUP,Kalaupapa Airport,"Kalaupapa, HI",United States,Hawaii,21.21111111,-156.97361111,1
13110,LUQ,San Luis Airport,"San Luis, Argentina",Argentina,,-33.27305556,-66.35638889,1
13111,LUR,Cape Lisburne LRRS,"Cape Lisburne, AK",United States,Alaska,68.875,-166.11111111,1
13112,LUT,Laura Station Airport,"Laura Station, Australia",Australia,,-15.43333333,144.81666667,1
13113,LUX,Luxembourg Airport,"Luxembourg, Luxembourg",Luxembourg,,49.62666667,6.21138889,1
13114,LVB,Livramento Airport,"Livramento, Brazil",Brazil,,-30.83333333,-55.61666667,1
13115,LVD,Lime Village Airport,"Lime Village, AK",United States,Alaska,61.35916667,-155.44027778,1
13116,LVI,Harry Mwaanga Nkumbula International,"Livingstone, Zambia",Zambia,,-17.82138889,25.81694444,1
13117,LVK,Livermore Municipal,"Livermore, CA",United States,California,37.69305556,-121.82027778,1
13118,LVM,Livingston Airport,"Livingston, MT",United States,Montana,45.66666667,-110.56666667,1
13119,LVO,Laverton Airport,"Laverton, Australia",Australia,,-28.61388889,122.42972222,1
13120,LVS,Las Vegas Municipal,"Las Vegas, NM",United States,New Mexico,35.65416667,-105.1425,1
13121,LWB,Greenbrier Valley,"Lewisburg, WV",United States,West Virginia,37.85833333,-80.39944444,1
13122,LWC,Lawrence Regional,"Lawrence, KS",United States,Kansas,39.01111111,-95.21638889,1
13123,LWF,Lawrenceburg-Lawrence County,"Lawrenceburg, TN",United States,Tennessee,35.23444444,-87.25805556,1
13124,LWL,Wells Municipal/Harriet Field,"Wells, NV",United States,Nevada,41.11722222,-114.92222222,1
13125,LWM,Lawrence Municipal,"Lawrence, MA",United States,Massachusetts,42.71694444,-71.12361111,1
13126,LWO,Lviv International,"Lviv, Ukraine",Ukraine,,49.80972222,23.95833333,1
13127,LWS,Lewiston Nez Perce County,"Lewiston, ID",United States,Idaho,46.37166667,-117.00694444,1
13128,LWT,Lewistown Municipal,"Lewistown, MT",United States,Montana,47.04888889,-109.46722222,1
13129,LWV,Lawrenceville-Vincennes International,"Lawrenceville, IL",United States,Illinois,38.76416667,-87.60555556,1
13130,LWY,Lawas Airport,"Lawas, Malaysia",Malaysia,,4.84972222,115.40805556,1
13131,LXA,Konggar,"Lhasa, China",China,,29.29972222,90.91055556,1
13132,LXN,Jim Kelly Field,"Lexington, NE",United States,Nebraska,40.79055556,-99.77583333,1
13133,LXR,Luxor International,"Luxor, Egypt",Egypt,,25.67111111,32.70638889,1
13134,LXS,Lemnos Airport,"Lemnos, Greece",Greece,,39.91666667,25.25,1
13135,LXV,Lake County,"Leadville, CO",United States,Colorado,39.21944444,-106.31638889,1
13136,LYB,Edward Bodden,"Little Cayman, Cayman Islands",Cayman Islands,,19.66027778,-80.08916667,1
13137,LYC,Lycksele Airport,"Lycksele, Sweden",Sweden,,64.54916667,18.71444444,1
13138,LYE,RAF Lyneham,"Lyneham, United Kingdom",United Kingdom,,51.50972222,-1.98972222,1
13139,LYH,Lynchburg Regional/Preston Glenn Field,"Lynchburg, VA",United States,Virginia,37.32527778,-79.20111111,1
13140,LYN,Lyon Bron,"Lyon, France",France,,45.72722222,4.94416667,1
13141,LYP,Faisalabad International,"Faisalabad, Pakistan",Pakistan,,31.36527778,72.99555556,1
13142,LYR,Svalbard,"Longyearbyen, Norway",Norway,,78.24527778,15.46944444,1
13143,LYS,Lyon Saint Exupery,"Lyon, France",France,,45.72583333,5.09083333,1
13144,LYU,Ely Municipal,"Ely, MN",United States,Minnesota,47.82388889,-91.82944444,1
13145,LYX,London Ashford,"Lydd, United Kingdom",United Kingdom,,50.95416667,0.94027778,1
13146,LZC,Lazaro Cardenas Airport,"Lazaro Cardenas, Mexico",Mexico,,18.00166667,-102.22027778,1
13147,LZH,Liuzhou Bailian,"Liuzhou, China",China,,24.20777778,109.39138889,1
13149,LZO,Luzhou Airport,"Luzhou, China",China,,28.8525,105.3925,1
13150,LZR,Lizard Island Airport,"Lizard Island, Australia",Australia,,-14.67277778,145.45416667,1
13151,LZU,Gwinnett County - Briscoe Field,"Lawrenceville, GA",United States,Georgia,33.97805556,-83.9625,1
13152,MA1,Katama Airpark,"Edgartown, MA",United States,Massachusetts,41.35833333,-70.52444444,1
13153,MAA,Chennai International,"Chennai, India",India,,12.99444444,80.18055556,1
13154,MAB,Joao Correa Da Rocha,"Maraba, Brazil",Brazil,,-5.36861111,-49.13805556,1
13155,MAC,Macon Downtown,"Macon, GA",United States,Georgia,32.82166667,-83.56194444,1
13156,MAD,Adolfo Suarez Madrid Barajas,"Madrid, Spain",Spain,,40.49527778,-3.56027778,1
13157,MAE,Madera Municipal,"Madera, CA",United States,California,36.98861111,-120.1125,1
13158,MAF,Midland International Air and Space Port,"Midland/Odessa, TX",United States,Texas,31.9425,-102.20194444,1
13159,MAG,Madang Airport,"Madang, Papua New Guinea",Papua New Guinea,,-5.20861111,145.78777778,1
13160,MAH,Menorca,"Mahon, Spain",Spain,,39.8625,4.21861111,1
13161,MAI,Mangochi Airport,"Mangochi, Malawi",Malawi,,-14.48944444,35.26222222,1
13162,MAJ,Amata Kabua International,"Majuro, Marshall Islands",Marshall Islands,,7.065,171.27194444,1
13163,MAK,Malakal Airport,"Malakal, South Sudan",South Sudan,,9.55888889,31.65222222,1
13164,MAM,Matamoros International,"Matamoros, Mexico",Mexico,,25.77,-97.52527778,1
13165,MAN,Manchester Airport,"Manchester, United Kingdom",United Kingdom,,53.34722222,-2.28388889,1
13166,MAO,Eduardo Gomes International,"Manaus, Brazil",Brazil,,-3.03861111,-60.04972222,1
13167,MAP,Mamai Airport,"Mamai, Papua New Guinea",Papua New Guinea,,-10.3,149.53333333,1
13169,MAR,La Chinita International,"Maracaibo, Venezuela",Venezuela,,10.55833333,-71.72777778,1
13170,MAS,Momote,"Manus Island, Papua New Guinea",Papua New Guinea,,-2.06277778,147.42444444,1
13171,MAT,Matadi Tshimpi,"Matadi, Congo (Kinshasa)",Congo (Kinshasa),,-5.79972222,13.44055556,1
13172,MAU,Maupiti Fr. Polynesia,"Maupiti, French Polynesia",French Polynesia,,-16.43333333,-152.25,1
13173,MAW,Malden Regional,"Malden, MO",United States,Missouri,36.59833333,-89.9925,1
13174,MAX,Matam Ouro Sogui,"Matam, Senegal",Senegal,,15.59333333,-13.32222222,1
13175,MAY,Clarence A Bain,"Mangrove Cay, The Bahamas",The Bahamas,,24.28777778,-77.68444444,1
13176,MAZ,Eugenio Maria de Hostos,"Mayaguez, PR",United States,Puerto Rico,18.25555556,-67.14833333,1
13177,MBA,Mombasa Moi International,"Mombasa, Kenya",Kenya,,-4.035,39.59416667,1
13178,MBH,Maryborough Qld,"Maryborough, Australia",Australia,,-25.51305556,152.71361111,1
13179,MBI,Mbeya Airport,"Mbeya, Tanzania",Tanzania,,-8.91888889,33.46333333,1
13180,MBJ,Sangster International,"Montego Bay, Jamaica",Jamaica,,18.50361111,-77.91333333,1
13181,MBK,Matupa Airport,"Matupa, Brazil",Brazil,,-10.23333333,-54.95,1
13182,MBL,Manistee County-Blacker,"Manistee/Ludington, MI",United States,Michigan,44.2725,-86.24694444,1
13183,MBO,Mamburao Airport,"Mamburao, Philippines",Philippines,,13.20805556,120.60527778,1
13184,MBS,MBS International,"Saginaw/Bay City/Midland, MI",United States,Michigan,43.53305556,-84.07972222,1
13185,MBT,Masbate Airport,"Masbate, Philippines",Philippines,,12.36972222,123.63,1
13186,MBU,Mbambanakira Airport,"Mbambanakira, Solomon Islands",Solomon Islands,,-9.43333333,159.5,1
13187,MBX,Maribor Airport,"Maribor, Slovenia",Slovenia,,46.48,15.68611111,1
13188,MBY,Omar N Bradley,"Moberley, MO",United States,Missouri,39.46305556,-92.42583333,1
13189,MBZ,Maues Airport,"Maues, Brazil",Brazil,,-3.37222222,-57.72472222,1
13190,MCA,Macenta Airport,"Macenta, Guinea",Guinea,,8.48166667,-9.52583333,1
13191,MCB,McComb/Pike County/John E. Lewis Field,"McComb, MS",United States,Mississippi,31.17833333,-90.47194444,1
13192,MCC,McClellan Airfield,"Sacramento, CA",United States,California,38.66777778,-121.40055556,1
13193,MCD,Mackinac Island Airport,"Mackinac Island, MI",United States,Michigan,45.865,-84.63722222,1
13194,MCE,Merced Yosemite Regional,"Merced, CA",United States,California,37.28472222,-120.51388889,1
13195,MCF,Macdill AFB,"Tampa, FL",United States,Florida,27.84944444,-82.52111111,1
13196,MCG,McGrath Airport,"McGrath, AK",United States,Alaska,62.95111111,-155.605,1
13197,MCH,General Manuel Serrano,"Machala, Ecuador",Ecuador,,-3.26722222,-79.9625,1
13198,MCI,Kansas City International,"Kansas City, MO",United States,Missouri,39.29722222,-94.71333333,1
13199,MCJ,Maicao Airport,"Maicao, Colombia",Colombia,,11.39166667,-72.24166667,1
13200,MCK,McCook Ben Nelson Regional,"McCook, NE",United States,Nebraska,40.20638889,-100.59222222,1
13201,MCL,Denali,"McKinley Park, AK",United States,Alaska,63.645,-148.79194444,1
13202,MCM,Monaco Heloport,"Monte Carlo, Monaco",Monaco,,43.73333333,7.41666667,1
13203,MCN,Middle Georgia Regional,"Macon, GA",United States,Georgia,32.69277778,-83.64916667,1
13204,MCO,Orlando International,"Orlando, FL",United States,Florida,28.42916667,-81.30666667,1
13205,MCP,Alberto Alcolumbre,"Macapa, Brazil",Brazil,,0.05055556,-51.07222222,1
13206,MCR,Melchor de Mencos Airport,"Melchor de Mencos, Guatemala",Guatemala,,17.06111111,-89.15555556,1
13207,MCS,Monte Caseros Airport,"Monte Caseros, Argentina",Argentina,,-30.27055556,-57.63916667,1
13208,MCT,Muscat International,"Muscat, Oman",Oman,,23.60027778,58.28222222,1
13209,MCU,Gueret/Lepaud,"Montlucon, France",France,,46.22333333,2.36444444,1
13210,MCV,McArthur River Mine,"McArthur River, Australia",Australia,,-16.44333333,136.07666667,1
13211,MCW,Mason City Municipal,"Mason City, IA",United States,Iowa,43.15777778,-93.33111111,1
13212,MCY,Sunshine Coast,"Maroochydore, Australia",Australia,,-26.59333333,153.08305556,1
13213,MCZ,Zumbi Dos Palmares,"Maceio, Brazil",Brazil,,-9.51083333,-35.79166667,1
13214,MDA,Martindale AHP,"San Antonio, TX",United States,Texas,29.43138889,-98.37777778,1
13215,MDB,Melinda Airport,"Melinda, Belize",Belize,,16.99972222,-88.31916667,1
13216,MDC,Sam Ratulangi,"Menado, Indonesia",Indonesia,,1.54916667,124.92638889,1
13217,MDD,Midland Airpark,"Midland/Odessa, TX",United States,Texas,32.03666667,-102.10166667,1
13218,MDE,Jose Maria Cordova,"Medellin, Colombia",Colombia,,6.16444444,-75.42305556,1
13219,MDF,Taylor County,"Medford, WI",United States,Wisconsin,45.10138889,-90.30027778,1
13220,MDG,Hailang,"Mudanjiang, China",China,,44.52333333,129.57,1
13221,MDH,Southern Illinois,"Carbondale, IL",United States,Illinois,37.77805556,-89.25194444,1
13222,MDI,Makurdi Airport,"Makurdi, Nigeria",Nigeria,,7.70388889,8.61388889,1
13223,MDJ,Madras Municipal,"Madras, OR",United States,Oregon,44.67027778,-121.15527778,1
13224,MDK,Mbandaka Airport,"Mbandaka, Congo (Kinshasa)",Congo (Kinshasa),,0.0225,18.28861111,1
13225,MDL,Mandalay Airport,"Mandalay, Burma",Burma,,21.94055556,96.08972222,1
13226,MDO,Middleton Island Airport,"Middleton Island, AK",United States,Alaska,59.45,-146.30722222,1
13227,MDQ,Mar del Plata Airport,"Mar del Plata, Argentina",Argentina,,-37.93416667,-57.57333333,1
13228,MDR,Medfra Airport,"Medfra, AK",United States,Alaska,63.10694444,-154.71666667,1
13229,MDS,Conch Bar,"Middle Caicos, Turks and Caicos Islands",Turks and Caicos Islands,,21.82611111,-71.8025,1
13230,MDT,Harrisburg International,"Harrisburg, PA",United States,Pennsylvania,40.19305556,-76.7625,1
13231,MDU,Mendi Airport,"Mendi, Papua New Guinea",Papua New Guinea,,-6.14833333,143.65722222,1
13232,MDW,Chicago Midway International,"Chicago, IL",United States,Illinois,41.78583333,-87.7525,1
13233,MDX,Mercedes Aeroclub,"Mercedes, Argentina",Argentina,,-29.16722222,-58.07555556,1
13234,MDY,Sand Island Field,"Midway Island, TT",United States,U.S. Pacific Trust Territories and Possessions,28.20444444,-177.37861111,1
13235,MDZ,El Plumerillo,"Mendoza, Argentina",Argentina,,-32.83194444,-68.79277778,1
13236,ME1,Stephen A Bean Municipal,"Rangeley, ME",United States,Maine,44.99222222,-70.665,1
13237,MEA,Joaquim de Azevedo Mancebo,"Macae, Brazil",Brazil,,-22.34194444,-41.76583333,1
13238,MEB,Essendon,"Melbourne, Australia",Australia,,-37.73111111,144.90138889,1
13239,MEC,Eloy Alfaro International,"Manta, Ecuador",Ecuador,,-0.94611111,-80.67888889,1
13240,MED,Prince Mohammad Bin Abdulaziz International,"Medina, Saudi Arabia",Saudi Arabia,,24.55277778,39.70527778,1
13241,MEI,Key Field,"Meridian, MS",United States,Mississippi,32.33,-88.75416667,1
13242,MEJ,Port Meadville,"Meadville, PA",United States,Pennsylvania,41.62666667,-80.21472222,1
13243,MEL,Melbourne International,"Melbourne, Australia",Australia,,-37.66166667,144.83638889,1
13244,MEM,Memphis International,"Memphis, TN",United States,Tennessee,35.04277778,-89.97666667,1
13245,MEN,Mende Brenoux,"Mende, France",France,,44.50138889,3.53305556,1
13246,MEO,Dare County Regional,"Manteo, NC",United States,North Carolina,35.91888889,-75.69555556,1
13247,MEP,Mersing Malay.,"Mersing, Malaysia",Malaysia,,2.43333333,103.83333333,1
13248,MEQ,Seunagan,"Meulaboh, Indonesia",Indonesia,,4.18277778,96.20222222,1
13249,MER,Castle,"Atwater, CA",United States,California,37.38055556,-120.56555556,1
13250,MES,Soewondo,"Medan, Indonesia",Indonesia,,3.55805556,98.67194444,1
13251,MEV,Minden-Tahoe,"Minden, NV",United States,Nevada,39.00055556,-119.75111111,1
13252,MEX,Mexico City International,"Mexico City, Mexico",Mexico,,19.43638889,-99.07222222,1
13253,MEY,Meghauli Airport,"Meghauli, Nepal",Nepal,,27.5775,84.22916667,1
13254,MFA,Mafia,"Mafia Island, Tanzania",Tanzania,,-7.91722222,39.66833333,1
13255,MFD,Mansfield Lahm Regional,"Mansfield, OH",United States,Ohio,40.82138889,-82.51666667,1
13256,MFE,McAllen International,"Mission/McAllen/Edinburg, TX",United States,Texas,26.17583333,-98.23861111,1
13257,MFF,Moanda Airport,"Moanda, Gabon",Gabon,,-1.53694444,13.27083333,1
13258,MFG,Muzaffarabad Airport,"Muzaffarabad, Pakistan",Pakistan,,34.33888889,73.50861111,1
13259,MFH,Mesquite Airport,"Mesquite, NV",United States,Nevada,36.83305556,-114.05583333,1
13260,MFI,Marshfield Municipal,"Marshfield, WI",United States,Wisconsin,44.63694444,-90.18944444,1
13261,MFM,Macau International,"Macau, Macau",Macau,,22.14944444,113.59138889,1
13262,MFN,Milford Sound Airport,"Milford Sound, New Zealand",New Zealand,,-44.67277778,167.92416667,1
13263,MFQ,Maradi Airport,"Maradi, Niger",Niger,,13.5025,7.12666667,1
13264,MFR,Rogue Valley International - Medford,"Medford, OR",United States,Oregon,42.375,-122.87333333,1
13265,MFS,Miraflores Airport,"Miraflores, Colombia",Colombia,,1.33333333,-72.1,1
13266,MFT,Mangham Field,"Fort Worth, TX",United States,Texas,32.85611111,-97.2,1
13267,MFU,Mfuwe Airport,"Mfuwe, Zambia",Zambia,,-13.25888889,31.93638889,1
13268,MFV,Accomack County,"Melfa, VA",United States,Virginia,37.64694444,-75.76111111,1
13269,MGA,Augusto Cesar Sandino International,"Managua, Nicaragua",Nicaragua,,12.14166667,-86.16833333,1
13270,MGB,Mount Gambier Airport,"Mount Gambier, Australia",Australia,,-37.74777778,140.78555556,1
13271,MGC,Michigan City Municipal Phillips Field,"Michigan City, IN",United States,Indiana,41.70333333,-86.82111111,1
13272,MGD,Magdalena Airport,"Magdalena, Bolivia",Bolivia,,-13.25805556,-64.06222222,1
13273,MGE,Dobbins ARB,"Marietta, GA",United States,Georgia,33.91444444,-84.51416667,1
13274,MGF,Silvio Name Junior,"Maringa, Brazil",Brazil,,-23.47638889,-52.01777778,1
13275,MGJ,Orange County,"Montgomery, NY",United States,New York,41.51194444,-74.26361111,1
13276,MGL,Moenchengladbach,"Dusseldorf, Germany",Germany,,51.23027778,6.50444444,1
13277,MGM,Montgomery Regional,"Montgomery, AL",United States,Alabama,32.30055556,-86.39,1
13278,MGN,Baracoa,"Magangue, Colombia",Colombia,,9.28472222,-74.84611111,1
13279,MGQ,Aden Adde International,"Mogadishu, Somalia",Somalia,,2.01388889,45.30388889,1
13280,MGR,Moultrie/Thomasville Airport,"Moultrie/Thomasville, GA",United States,Georgia,31.06944444,-83.80277778,1
13281,MGS,Mangaia Cook Island,"Mangaia, Cook Islands",Cook Islands,,-21.91666667,-157.91666667,1
13282,MGW,Morgantown Municipal Walter L Bill Hart Field,"Morgantown, WV",United States,West Virginia,39.64361111,-79.9175,1
13283,MGY,Dayton-Wright Brothers,"Dayton, OH",United States,Ohio,39.58888889,-84.22472222,1
13284,MHA,Mahdia Airport,"Mahdia, Guyana",Guyana,,5.27222222,-59.14916667,1
13286,MHD,Shahid Hashemi Nejad International,"Mashhad, Iran",Iran,,36.23527778,59.64111111,1
13287,MHE,Mitchell Municipal,"Mitchell, SD",United States,South Dakota,43.77472222,-98.03861111,1
13288,MHG,Mannheim City,"Mannheim, Germany",Germany,,49.47277778,8.51333333,1
13289,MHH,Leonard M Thompson International,"Marsh Harbour, The Bahamas",The Bahamas,,26.51,-77.085,1
13290,MHK,Manhattan Regional,"Manhattan/Ft. Riley, KS",United States,Kansas,39.14222222,-96.66888889,1
13291,MHL,Marshall Memorial Municipal,"Marshall, MO",United States,Missouri,39.09555556,-93.20277778,1
13292,MHM,Minchumina Airport,"Minchumina, AK",United States,Alaska,63.88583333,-152.30194444,1
13293,MHO,Mount House Airport,"Mount House, Australia",Australia,,-17.05111111,125.71333333,1
13294,MHQ,Mariehamn Airport,"Mariehamn, Finland",Finland,,60.12222222,19.89805556,1
13295,MHR,Sacramento Mather,"Sacramento, CA",United States,California,38.55583333,-121.29694444,1
13296,MHT,Manchester Boston Regional,"Manchester, NH",United States,New Hampshire,42.93277778,-71.43583333,1
13297,MHV,Mojave Air and Space Port Rutan Field,"Mojave, CA",United States,California,35.05888889,-118.15055556,1
13299,MHZ,Mildenhall Airport,"Mildenhall, United Kingdom",United Kingdom,,52.36194444,0.48638889,1
13300,MI1,Greenville Municipal,"Greenville, MI",United States,Michigan,43.14222222,-85.25388889,1
13301,MI2,West Michigan Regional,"Holland, MI",United States,Michigan,42.74277778,-86.10777778,1
13302,MI3,Livingston County Spencer J. Hardy,"Howell, MI",United States,Michigan,42.62944444,-83.98222222,1
13303,MIA,Miami International,"Miami, FL",United States,Florida,25.79611111,-80.28972222,1
13304,MIB,Minot AFB,"Minot, ND",United States,North Dakota,48.41583333,-101.35805556,1
13305,MIC,Crystal,"Minneapolis, MN",United States,Minnesota,45.0625,-93.35388889,1
13306,MID,Merida International,"Merida, Mexico",Mexico,,20.93694444,-89.65777778,1
13307,MIE,Delaware County Regional,"Muncie/Anderson/Newcastle, IN",United States,Indiana,40.23972222,-85.39472222,1
13308,MII,Frank Miloye Milenkovich,"Marilia, Brazil",Brazil,,-22.19666667,-49.92638889,1
13309,MIJ,Mili Airport,"Mili, Marshall Islands",Marshall Islands,,6.08333333,171.73333333,1
13310,MIK,Mikkeli Airport,"Mikkeli, Finland",Finland,,61.68666667,27.20166667,1
13311,MIL,Milan Metropolitan Area,"Milan, Italy",Italy,,45.46666667,9.2,1
13312,MIM,Merimbula Airport,"Merimbula, Australia",Australia,,-36.90861111,149.90138889,1
13313,MIN,Minnipa Airport,"Minnipa, Australia",Australia,,-32.84305556,135.14444444,1
13314,MIO,Miami Regional,"Miami, OK",United States,Oklahoma,36.90916667,-94.8875,1
13315,MIP,Mitzpe Ramon,"Mitspeh Ramon, Israel",Israel,,30.65388889,34.80833333,1
13316,MIQ,Millard,"Omaha, NE",United States,Nebraska,41.19611111,-96.11222222,1
13317,MIR,Habib Bourguiba International,"Monastir, Tunisia",Tunisia,,35.75777778,10.75388889,1
13318,MIS,Misima,"Misima Island, Papua New Guinea",Papua New Guinea,,-10.68916667,152.8375,1
13319,MIT,Shafter - Minter Field,"Shafter, CA",United States,California,35.5075,-119.19222222,1
13320,MIU,Maiduguri Airport,"Maiduguri, Nigeria",Nigeria,,11.85527778,13.08138889,1
13321,MIV,Millville Municipal,"Millville, NJ",United States,New Jersey,39.36777778,-75.07222222,1
13322,MIW,Marshalltown Municipal,"Marshalltown, IA",United States,Iowa,42.11277778,-92.91777778,1
13323,MIX,Miriti Pirana,"Miriti, Colombia",Colombia,,-1.18333333,-70.03333333,1
13324,MIZ,Mainoru Airport,"Mainoru, Australia",Australia,,-14.05472222,134.0925,1
13325,MJA,Manja Airport,"Manja, Madagascar",Madagascar,,-21.42611111,44.31555556,1
13326,MJB,Mejit,"Mejit Island, Marshall Islands",Marshall Islands,,10.28333333,170.88333333,1
13327,MJC,Man Airport,"Man, Cote d'Ivoire",Cote d'Ivoire,,7.27194444,-7.58694444,1
13328,MJD,Moenjodaro Airport,"Moenjodaro, Pakistan",Pakistan,,27.33527778,68.14305556,1
13329,MJF,Kjaerstad,"Mosjoen, Norway",Norway,,65.78361111,13.21527778,1
13330,MJG,Mayajigua Airport,"Mayajigua, Cuba",Cuba,,22.23111111,-79.06305556,1
13331,MJI,Mitiga International,"Mitiga, Libya",Libya,,32.89194444,13.28777778,1
13332,MJL,Mouila Airport,"Mouila, Gabon",Gabon,,-1.81777778,10.92416667,1
13333,MJM,Mbuji Mayi,"Mbuji-Mayi, Congo (Kinshasa)",Congo (Kinshasa),,-6.11972222,23.56861111,1
13334,MJN,Philibert Tsiranana,"Majunga, Madagascar",Madagascar,,-15.66722222,46.35166667,1
13335,MJQ,Jackson Airport,"Jackson, MN",United States,Minnesota,43.63333333,-94.98333333,1
13336,MJT,Mitilini,"Mytilene, Greece",Greece,,39.05777778,26.59861111,1
13337,MJV,Murcia San Javier,"Murcia, Spain",Spain,,37.77833333,-0.81305556,1
13338,MJX,Ocean County,"Toms River, NJ",United States,New Jersey,39.92611111,-74.29555556,1
13339,MJZ,Mirny Airport,"Mirny, Russia",Russia,,62.53472222,114.03888889,1
13340,MKA,Marianske Lazne Airport,"Marianske Lazne, Czech Republic",Czech Republic,,49.9225,12.72472222,1
13341,MKC,Kansas City Downtown Wheeler Field,"Kansas City, MO",United States,Missouri,39.12305556,-94.59277778,1
13342,MKE,General Mitchell International,"Milwaukee, WI",United States,Wisconsin,42.94694444,-87.89694444,1
13344,MKG,Muskegon County,"Muskegon, MI",United States,Michigan,43.16777778,-86.23555556,1
13345,MKI,Obo Mboki Airport,"Obo Mboki, Central African Republic",Central African Republic,,5.33305556,25.93166667,1
13346,MKJ,Makoua Airport,"Makoua, Congo (Brazaville)",Congo (Brazaville),,-0.02166667,15.57555556,1
13347,MKK,Molokai,"Hoolehua, HI",United States,Hawaii,21.15277778,-157.09638889,1
13348,MKL,Jackson Regional,"Jackson, TN",United States,Tennessee,35.6,-88.91555556,1
13349,MKM,Mukah Airport,"Mukah, Malaysia",Malaysia,,2.88194444,112.04333333,1
13350,MKO,Muskogee Davis Regional,"Muskogee, OK",United States,Oklahoma,35.65777778,-95.36166667,1
13351,MKP,Makemo Airport,"Makemo, French Polynesia",French Polynesia,,-16.58388889,-143.65833333,1
13352,MKR,Meekatharra Airport,"Meekatharra, Australia",Australia,,-26.60833333,118.54611111,1
13353,MKS,Mekane Selam Airport,"Mekane Selam, Ethiopia",Ethiopia,,10.75,38.76666667,1
13354,MKT,Mankato Regional,"Mankato, MN",United States,Minnesota,44.22083333,-93.91638889,1
13355,MKU,Makokou Airport,"Makokou, Gabon",Gabon,,0.57916667,12.89111111,1
13356,MKW,Rendani,"Manokwari, Indonesia",Indonesia,,-0.89194444,134.04888889,1
13357,MKY,Mackay Airport,"Mackay, Australia",Australia,,-21.17083333,149.18833333,1
13358,MKZ,Malacca Airport,"Malacca, Malaysia",Malaysia,,2.26555556,102.25277778,1
13359,MLA,Luqa International,"Malta, Malta",Malta,,35.84972222,14.48138889,1
13360,MLB,Melbourne Orlando International,"Melbourne, FL",United States,Florida,28.10222222,-80.64333333,1
13361,MLC,McAlester Regional,"McAlester, OK",United States,Oklahoma,34.8825,-95.78333333,1
13362,MLD,Malad City Airport,"Malad City, ID",United States,Idaho,42.17,-112.29277778,1
13363,MLE,Velana International,"Male, Maldives",Maldives,,4.19722222,73.53111111,1
13364,MLF,Milford Municipal/Ben and Judy Briscoe Field,"Milford, UT",United States,Utah,38.42666667,-113.01333333,1
13365,MLG,Abdul Rachman Saleh,"Malang, Indonesia",Indonesia,,-7.92916667,112.71444444,1
13366,MLH,EuroAirport,"Mulhouse, France",France,,47.59,7.52916667,1
13367,MLI,Quad Cities International,"Moline, IL",United States,Illinois,41.4475,-90.50805556,1
13368,MLK,Malta Airport,"Malta, MT",United States,Montana,48.36694444,-107.91944444,1
13369,MLL,Marshall Don Hunter Sr.,"Marshall, AK",United States,Alaska,61.86416667,-162.02611111,1
13370,MLM,Morelia International,"Morelia, Mexico",Mexico,,19.85,-101.02527778,1
13371,MLN,Melilla Airport,"Melilla, Spain",Spain,,35.28333333,-2.95666667,1
13372,MLO,Milos Airport,"Milos, Greece",Greece,,36.69694444,24.47611111,1
13373,MLP,Malabang Airport,"Malabang, Philippines",Philippines,,7.61666667,124.0575,1
13374,MLQ,Malalaua Airport,"Malalaua, Papua New Guinea",Papua New Guinea,,-8.07111111,146.15555556,1
13375,MLS,Frank Wiley Field,"Miles City, MT",United States,Montana,46.42694444,-105.88833333,1
13376,MLT,Millinocket Municipal,"Millinocket, ME",United States,Maine,45.64777778,-68.68555556,1
13377,MLU,Monroe Regional,"Monroe, LA",United States,Louisiana,32.51138889,-92.03666667,1
13378,MLV,Merluna Airport,"Merluna, Australia",Australia,,-13.06666667,142.45,1
13379,MLW,Monrovia Spriggs Payne,"Monrovia, Liberia",Liberia,,6.28916667,-10.75888889,1
13380,MLX,Malatya Airport,"Malatya, Turkey",Turkey,,38.43583333,38.09,1
13381,MLY,Manley Hot Springs Airport,"Manley Hot Springs, AK",United States,Alaska,64.98805556,-150.6475,1
13382,MLZ,Melo Airport,"Melo, Uruguay",Uruguay,,-32.36666667,-54.23333333,1
13383,MMA,Malmo Metropolitan Area,"Malmo, Sweden",Sweden,,55.53027778,13.37166667,1
13384,MMB,Memanbetsu Airport,"Memanbetsu, Japan",Japan,,43.88055556,144.16416667,1
13385,MMC,Cuauhtemoc,"Ciudad Mante, Mexico",Mexico,,22.74388889,-99.0175,1
13386,MMD,Minami Daito Airport,"Minami Daito, Japan",Japan,,25.84666667,131.26361111,1
13387,MME,Teesside International,"Darlington, United Kingdom",United Kingdom,,54.50916667,-1.42944444,1
13388,MMH,Mammoth Lakes Airport,"Mammoth Lakes, CA",United States,California,37.63111111,-118.85138889,1
13389,MMI,McMinn County,"Athens, TN",United States,Tennessee,35.39916667,-84.56166667,1
13390,MMJ,Matsumoto Airport,"Matsumoto, Japan",Japan,,36.16666667,137.92277778,1
13391,MMK,Murmansk Airport,"Murmansk, Russia",Russia,,68.78166667,32.75111111,1
13392,MML,Southwest Minnesota Regional-Marshall/Ryan Field,"Marshall, MN",United States,Minnesota,44.45166667,-95.82444444,1
13393,MMM,Middlemount Airport,"Middlemount, Australia",Australia,,-22.8025,148.70472222,1
13394,MMN,Minute Man Air Field,"Stow, MA",United States,Massachusetts,42.46027778,-71.51805556,1
13395,MMP,San Bernardo,"Mompos, Colombia",Colombia,,9.25805556,-74.43833333,1
13396,MMQ,Mbala Airport,"Mbala, Zambia",Zambia,,-8.85805556,31.33444444,1
13397,MMT,McEntire Jngb,"Columbia, SC",United States,South Carolina,33.92083333,-80.80111111,1
13398,MMU,Morristown Municipal,"Morristown, NJ",United States,New Jersey,40.79944444,-74.415,1
13399,MMX,Malmo Airport,"Malmo, Sweden",Sweden,,55.53555556,13.37638889,1
13400,MMY,Miyako,"Miyakojima, Japan",Japan,,24.78277778,125.295,1
13401,MN1,Fosston Municipal Anderson Field,"Fosston, MN",United States,Minnesota,47.59277778,-95.77361111,1
13402,MN2,Moose Lake Carlton County,"Moose Lake, MN",United States,Minnesota,46.41861111,-92.80472222,1
13403,MN3,Ortonville Municipal-Martinson Field,"Ortonville, MN",United States,Minnesota,45.30555556,-96.42444444,1
13404,MNB,Muanda,"Moanda, Congo (Kinshasa)",Congo (Kinshasa),,-5.93055556,12.35138889,1
13405,MNC,Nacala International,"Nacala, Mozambique",Mozambique,,-14.48638889,40.7125,1
13406,MNI,John A Osborne,"Montserrat, Montserrat",Montserrat,,16.79138889,-62.19333333,1
13407,MNK,Maiana Airport,"Maiana, Kiribati",Kiribati,,1.00388889,173.03111111,1
13408,MNL,Ninoy Aquino International,"Manila, Philippines",Philippines,,14.50861111,121.01944444,1
13409,MNM,Menominee Regional,"Marinette, MI",United States,Michigan,45.12638889,-87.63861111,1
13410,MNN,Marion Municipal,"Marion, OH",United States,Ohio,40.61638889,-83.06333333,1
13411,MNO,Manono Airport,"Manono, Congo (Kinshasa)",Congo (Kinshasa),,-7.28888889,27.39361111,1
13413,MNR,Mongu Airport,"Mongu, Zambia",Zambia,,-15.25472222,23.16277778,1
13414,MNS,Mansa Airport,"Mansa, Zambia",Zambia,,-11.13805556,28.875,1
13415,MNT,Minto Al Wright,"Minto, AK",United States,Alaska,65.14805556,-149.36861111,1
13416,MNU,Mawlamyine Airport,"Mawlamyine, Burma",Burma,,16.44472222,97.66083333,1
13417,MNX,Manicore Airport,"Manicore, Brazil",Brazil,,-5.81138889,-61.27833333,1
13418,MNZ,Manassas Regional/Harry P. Davis Field,"Manassas, VA",United States,Virginia,38.72111111,-77.515,1
13419,MO1,Midwest National Air Center,"Mosby, MO",United States,Missouri,39.3325,-94.30972222,1
13420,MO2,Washington Regional,"Washington, MO",United States,Missouri,38.5875,-90.99388889,1
13421,MOA,Orestes Acosta,"Moa, Cuba",Cuba,,20.65388889,-74.92222222,1
13422,MOB,Mobile Regional,"Mobile, AL",United States,Alabama,30.69138889,-88.24277778,1
13423,MOC,Mario Ribeiro,"Montes Claros, Brazil",Brazil,,-16.70694444,-43.81888889,1
13424,MOD,Modesto City-County-Harry Sham Field,"Modesto, CA",United States,California,37.62583333,-120.95444444,1
13425,MOG,Mong Hsat Airport,"Mong Hsat, Burma",Burma,,20.51805556,99.25833333,1
13426,MOL,Aro,"Molde, Norway",Norway,,62.74555556,7.26722222,1
13427,MOM,Moudjeria Ledfotar,"Moudjeria, Mauritania",Mauritania,,17.75,-12.5,1
13428,MON,Mount Cook Airport,"Mount Cook, New Zealand",New Zealand,,-43.76638889,170.135,1
13429,MOP,Mount Pleasant Municipal,"Mount Pleasant, MI",United States,Michigan,43.62166667,-84.73722222,1
13430,MOQ,Morondava Airport,"Morondava, Madagascar",Madagascar,,-20.28472222,44.32194444,1
13431,MOR,Moore-Murrell,"Morristown, TN",United States,Tennessee,36.17944444,-83.37555556,1
13432,MOS,Moses Point Airport,"Moses Point, AK",United States,Alaska,64.69805556,-162.05722222,1
13433,MOT,Minot International,"Minot, ND",United States,North Dakota,48.25777778,-101.27805556,1
13434,MOU,Mountain Village Airport,"Mountain Village, AK",United States,Alaska,62.09472222,-163.68277778,1
13435,MOW,Moscow Metropolitan Area,"Moscow, Russia",Russia,,55.65555556,37.52222222,1
13437,MOY,Monterrey Airport,"Monterrey, Colombia",Colombia,,4.87638889,-72.89972222,1
13438,MOZ,Temae,"Moorea Island, French Polynesia",French Polynesia,,-17.48333333,-149.76666667,1
13439,MPB,Watson Island International,"Miami, FL",United States,Florida,25.77833333,-80.17027778,1
13440,ID2,Montpelier Airport,"Montpelier, ID",United States,Idaho,42.33611111,-111.28888889,1
13441,MPJ,Petit Jean Park,"Morrilton, AR",United States,Arkansas,35.13888889,-92.90916667,1
13442,MPK,Mokpo Airport,"Mokpo, South Korea",South Korea,,34.75888889,126.38,1
13443,MPL,Montpellier Mediterranee,"Montpellier, France",France,,43.57611111,3.96333333,1
13444,MPM,Maputo Airport,"Maputo, Mozambique",Mozambique,,-25.92083333,32.5725,1
13445,MPN,Mount Pleasant Airport,"Mount Pleasant, Falkland Islands (Islas Malvinas)",Falkland Islands (Islas Malvinas),,-51.82277778,-58.44583333,1
13446,MPO,Pocono Mountains Regional,"Mt. Pocono, PA",United States,Pennsylvania,41.13777778,-75.38,1
13447,MPR,McPherson Airport,"McPherson, KS",United States,Kansas,38.3525,-97.69138889,1
13448,MPS,Mount Pleasant Municipal,"Mount Pleasant, TX",United States,Texas,33.12861111,-94.97583333,1
13449,MPT,Maliana Airport,"Maliana, Timor-Leste",Timor-Leste,,-8.9725,125.21527778,1
13450,MPV,Edward F Knapp State,"Montpelier/Barre, VT",United States,Vermont,44.20361111,-72.56222222,1
13451,MPX,Miyanmin Airport,"Miyanmin, Papua New Guinea",Papua New Guinea,,-4.90277778,141.62055556,1
13452,MQB,Macomb Municipal,"Macomb, IL",United States,Illinois,40.52,-90.6525,1
13453,MQJ,Indianapolis Regional,"Indianapolis, IN",United States,Indiana,39.84305556,-85.89777778,1
13454,MQL,Mildura Airport,"Mildura, Australia",Australia,,-34.22916667,142.08944444,1
13455,MQN,Rossvoll,"Mo I Rana, Norway",Norway,,66.36388889,14.30166667,1
13456,MQP,Kruger Mpumalanga International,"Nelspruit, South Africa",South Africa,,-25.38305556,31.10555556,1
13457,MQQ,Moundou Airport,"Moundou, Chad",Chad,,8.62888889,16.07444444,1
13458,MQS,Mustique Airport,"Mustique, Saint Vincent and the Grenadines",Saint Vincent and the Grenadines,,12.88722222,-61.18111111,1
13459,MQT,Marquette Sawyer Regional,"Marquette, MI",United States,Michigan,46.34916667,-87.39638889,1
13460,MQX,Mekele International,"Mek'ele, Ethiopia",Ethiopia,,13.46722222,39.53361111,1
13461,MQY,Smyrna Airport,"Smyrna, TN",United States,Tennessee,36.00888889,-86.52,1
13462,MRA,Misrata International,"Misurata, Libya",Libya,,32.32527778,15.06083333,1
13463,MRB,Eastern WV Regional/Shepherd Field,"Martinsburg, WV",United States,West Virginia,39.40222222,-77.98305556,1
13464,MRC,Maury County Regional,"Columbia, TN",United States,Tennessee,35.55444444,-87.17916667,1
13465,MRD,Alberto Carnevalli,"Merida, Venezuela",Venezuela,,8.58222222,-71.16111111,1
13466,MRH,Beaufort Morehead City,"Morehead City, NC",United States,North Carolina,34.73416667,-76.66027778,1
13467,MRI,Merrill Field,"Anchorage, AK",United States,Alaska,61.21361111,-149.84472222,1
13469,MRK,Marco Island Executive,"Marco Island, FL",United States,Florida,25.995,-81.6725,1
13470,MRN,Morganton Lenoir,"Morganton, NC",United States,North Carolina,35.83333333,-81.61666667,1
13471,CCE,Grand Case Airport,"Grand Case, Saint Martin",Saint Martin,,18.1,-63.04722222,1
13472,MRS,Marseille Provence,"Marseille, France",France,,43.43583333,5.21333333,1
13473,MRU,Sir Seewoosagur Ramgoolam International,"Mauritius Island, Mauritius",Mauritius,,-20.43333333,57.68638889,1
13474,MRV,Mineralnyye Vody Airport,"Mineralnyye Vody, Russia",Russia,,44.22694444,43.08305556,1
13475,MRX,Del Caribe International,"Margarita Island, Venezuela",Venezuela,,10.91666667,-63.98,1
13476,MRY,Monterey Regional,"Monterey, CA",United States,California,36.58694444,-121.84194444,1
13477,MRZ,Moree Airport,"Moree, Australia",Australia,,-29.49888889,149.84472222,1
13478,MS1,Grenada Municipal,"Grenada, MS",United States,Mississippi,33.83027778,-89.79361111,1
13479,MSA,Muskrat Dam Airport,"Muskrat Dam, Canada",Canada,Ontario,53.44138889,-91.76277778,1
13480,MSC,Falcon Field,"Mesa, AZ",United States,Arizona,33.46083333,-111.72833333,1
13481,MSE,Manston Airport,"Manston, United Kingdom",United Kingdom,,51.34222222,1.34611111,1
13482,MSH,Masirah Airport,"Masirah, Oman",Oman,,20.67527778,58.89055556,1
13483,MSJ,Misawa AB,"Misawa, Japan",Japan,,40.70333333,141.36833333,1
13484,MSL,Northwest Alabama Regional,"Muscle Shoals, AL",United States,Alabama,34.74527778,-87.61027778,1
13485,MSN,Dane County Regional-Truax Field,"Madison, WI",United States,Wisconsin,43.14,-89.3375,1
13486,MSO,Missoula Montana,"Missoula, MT",United States,Montana,46.91611111,-114.09138889,1
13487,MSP,Minneapolis-St Paul International,"Minneapolis, MN",United States,Minnesota,44.88194444,-93.22166667,1
13488,MSQ,Minsk 2,"Minsk, Belarus",Belarus,,53.8875,28.04138889,1
13490,MSS,Massena International-Richards Field,"Massena, NY",United States,New York,44.93611111,-74.845,1
13491,MST,Maastricht Aachen,"Maastricht, Netherlands",Netherlands,,50.91027778,5.76861111,1
13492,MSU,Moshoeshoe I International,"Maseru, Lesotho",Lesotho,,-29.46222222,27.5525,1
13493,MSV,Sullivan County International,"Monticello, NY",United States,New York,41.70166667,-74.795,1
13494,MSW,Massawa International,"Massawa, Eritrea",Eritrea,,15.67,39.37,1
13495,MSY,Louis Armstrong New Orleans International,"New Orleans, LA",United States,Louisiana,29.98888889,-90.25,1
13496,MSZ,Yuri Gagarin,"Namibe, Angola",Angola,,-15.20861111,12.16083333,1
13497,MT1,Colstrip Airport,"Colstrip, MT",United States,Montana,45.85277778,-106.70916667,1
13498,MTC,Selfridge Angb,"Mt. Clemens, MI",United States,Michigan,42.61388889,-82.83694444,1
13499,MTD,Mount Sanford Station,"Mt. Sandford, Australia",Australia,,-16.97833333,130.555,1
13500,MTE,Monte Alegre Airport,"Monte Alegre, Brazil",Brazil,,-1.99583333,-54.07416667,1
13501,MTH,The Florida Keys Marathon International,"Marathon, FL",United States,Florida,24.72611111,-81.05138889,1
13502,MTJ,Montrose Regional,"Montrose/Delta, CO",United States,Colorado,38.50888889,-107.89444444,1
13503,MTL,Maitland Airport,"Maitland, Australia",Australia,,-32.70166667,151.49277778,1
13504,MTM,Metlakatala,"Metlakatla, AK",United States,Alaska,55.13333333,-131.58333333,1
13505,MTN,Martin State,"Baltimore, MD",United States,Maryland,39.32555556,-76.41388889,1
13506,MTO,Coles County Memorial,"Mattoon/Charleston, IL",United States,Illinois,39.47777778,-88.28,1
13507,MTP,Sky Portal,"Montauk Point, NY",United States,New York,41.07666667,-71.92055556,1
13508,MTR,Los Garzones,"Monteria, Colombia",Colombia,,8.82333333,-75.82555556,1
13509,MTS,Matsapha,"Manzini, Swaziland",Swaziland,,-26.52916667,31.3075,1
13510,MTT,Minatitlan Airport,"Minatitlan, Mexico",Mexico,,18.10333333,-94.58055556,1
13511,MTV,Mota Lava Airport,"Mota Lava, Vanuatu",Vanuatu,,-13.81666667,167.7,1
13512,MTW,Manitowoc County,"Manitowoc, WI",United States,Wisconsin,44.12888889,-87.68055556,1
13513,MTX,Metro Field,"Fairbanks, AK",United States,Alaska,64.80666667,-147.7625,1
13514,MTY,Monterrey International,"Monterrey, Mexico",Mexico,,25.77861111,-100.10694444,1
13515,MTZ,Israel Bar Yehuda,"Masada, Israel",Israel,,31.32833333,35.38861111,1
13516,MUA,Munda Airport,"Munda, Solomon Islands",Solomon Islands,,-8.32722222,157.26166667,1
13517,MUB,Maun Airport,"Maun, Botswana",Botswana,,-19.97055556,23.43111111,1
13518,MUC,Muenchen,"Munich, Germany",Germany,,48.35388889,11.78611111,1
13520,MUE,Waimea-Kohala,"Kamuela, HI",United States,Hawaii,20.00138889,-155.66805556,1
13521,MUG,Mulege Airport,"Mulege, Mexico",Mexico,,26.90555556,-111.97055556,1
13522,MUH,Mersa Matruh Airport,"Mersa Matruh, Egypt",Egypt,,31.32555556,27.22166667,1
13523,MUL,Spence,"Moultrie, GA",United States,Georgia,31.13777778,-83.70416667,1
13524,MUN,Jose Tadeo Monagas International,"Maturin, Venezuela",Venezuela,,9.74916667,-63.15333333,1
13525,MUO,Mountain Home AFB,"Mountain Home, ID",United States,Idaho,43.04361111,-115.8725,1
13526,MUR,Marudi Airport,"Marudi, Malaysia",Malaysia,,4.17861111,114.33027778,1
13527,MUT,Muscatine Municipal,"Muscatine, IA",United States,Iowa,41.36777778,-91.14833333,1
13528,MUX,Multan International,"Multan, Pakistan",Pakistan,,30.20527778,71.41916667,1
13530,MUZ,Musoma Airport,"Musoma, Tanzania",Tanzania,,-1.5075,33.80222222,1
13531,MVB,Mvengue Airport,"Mvengue, Gabon",Gabon,,-1.65611111,13.43805556,1
13532,MVD,Carrasco International,"Montevideo, Uruguay",Uruguay,,-34.83833333,-56.03083333,1
13533,MVF,Dixsept Rosado,"Mossoro, Brazil",Brazil,,-5.21666667,-37.23333333,1
13534,MVJ,Marlboro,"Mandeville, Jamaica",Jamaica,,18.02166667,-77.49527778,1
13535,MVL,Morrisville Stowe State,"Morrisville, VT",United States,Vermont,44.53444444,-72.61388889,1
13536,MVM,Kayenta Airport,"Kayenta, AZ",United States,Arizona,36.71638889,-110.22833333,1
13537,MVN,Mount Vernon Airport,"Mount Vernon, IL",United States,Illinois,38.32333333,-88.85861111,1
13539,MVR,Salak,"Maroua, Cameroon",Cameroon,,10.45138889,14.25722222,1
13540,MVW,Skagit Regional,"Burlington/Mount Vernon, WA",United States,Washington,48.47055556,-122.42166667,1
13541,MVY,Martha's Vineyard Airport,"Martha's Vineyard, MA",United States,Massachusetts,41.39305556,-70.61222222,1
13543,MWA,Veterans Airport of Southern Illinois,"Marion/Herrin, IL",United States,Illinois,37.755,-89.01111111,1
13544,MWC,Lawrence J Timmerman,"Milwaukee, WI",United States,Wisconsin,43.11027778,-88.03444444,1
13545,MWD,Mianwali Airport,"Mianwali, Pakistan",Pakistan,,32.56305556,71.57027778,1
13546,MWH,Grant County International,"Moses Lake, WA",United States,Washington,47.21055556,-119.32111111,1
13547,MWL,Mineral Wells Regional,"Mineral Wells, TX",United States,Texas,32.78166667,-98.06027778,1
13548,MWM,Windom Municipal,"Windom, MN",United States,Minnesota,43.91333333,-95.10944444,1
13549,MWO,Middletown Regional/Hook Field,"Middletown, OH",United States,Ohio,39.53166667,-84.39638889,1
13550,MWQ,Magway,"Magwe, Burma",Burma,,20.15361111,94.96861111,1
13551,MWZ,Mwanza Airport,"Mwanza, Tanzania",Tanzania,,-2.44527778,32.93416667,1
13552,MXB,Andi Jemma,"Masamba, Indonesia",Indonesia,,-2.56055556,120.32361111,1
13553,MXC,Monticello Airport,"Monticello, UT",United States,Utah,37.93722222,-109.34638889,1
13554,MXE,Laurinburg-Maxton,"Maxton, NC",United States,North Carolina,34.78833333,-79.37444444,1
13555,MXF,Maxwell AFB,"Montgomery, AL",United States,Alabama,32.38,-86.365,1
13556,MXG,Marlboro Airport,"Marlboro, MA",United States,Massachusetts,42.34305556,-71.50888889,1
13557,MXH,Moro Airport,"Moro, Papua New Guinea",Papua New Guinea,,-6.36305556,143.23805556,1
13558,MXJ,Minna Airport,"Minna, Nigeria",Nigeria,,9.65222222,6.46222222,1
13559,MXL,Mexicali International,"Mexicali, Mexico",Mexico,,32.63055556,-115.24166667,1
13560,MXP,Malpensa,"Milan, Italy",Italy,,45.63055556,8.72805556,1
13561,MXS,Maota Airport,"Maota, Samoa",Samoa,,-13.7425,-172.25777778,1
13562,MXT,Maintirano Airport,"Maintirano, Madagascar",Madagascar,,-18.05083333,44.03222222,1
13563,MXX,Mora Airport,"Mora, Sweden",Sweden,,60.95777778,14.51138889,1
13564,MXY,McCarthy Airport,"McCarthy, AK",United States,Alaska,61.43777778,-142.9025,1
13565,MYA,Moruya Airport,"Moruya, Australia",Australia,,-35.90083333,150.14527778,1
13566,MYB,Mayumba Airport,"Mayumba, Gabon",Gabon,,-3.45833333,10.67666667,1
13567,MYC,Maracay Airport,"Maracay, Venezuela",Venezuela,,10.25,-67.6,1
13568,MYD,Malindi Airport,"Malindi, Kenya",Kenya,,-3.22916667,40.10166667,1
13569,MYE,Miyake Jima Airport,"Miyake Jima, Japan",Japan,,34.07222222,139.55972222,1
13570,MYF,Montgomery Gibbs Executive,"San Diego, CA",United States,California,32.81583333,-117.13944444,1
13571,MYG,Mayaguana Airport,"Mayaguana, The Bahamas",The Bahamas,,22.37944444,-73.01361111,1
13572,MYH,Cliff Dwellers,"Marble Canyon, AZ",United States,Arizona,36.73444444,-111.75277778,1
13573,MYJ,Matsuyama Airport,"Matsuyama, Japan",Japan,,33.82722222,132.69972222,1
13574,MYK,May Creek Airport,"May Creek, AK",United States,Alaska,61.33611111,-142.68583333,1
13575,MYL,McCall Municipal,"McCall, ID",United States,Idaho,44.88861111,-116.10166667,1
13576,MYP,Mary Airport,"Mary, Turkmenistan",Turkmenistan,,37.6225,61.89666667,1
13577,MYR,Myrtle Beach International,"Myrtle Beach, SC",United States,South Carolina,33.67972222,-78.92833333,1
13578,MYT,Myitkyina Airport,"Myitkyina, Burma",Burma,,25.38388889,97.35361111,1
13579,MYU,Mekoryuk Airport,"Mekoryuk, AK",United States,Alaska,60.3725,-166.27027778,1
13580,MYV,Yuba County,"Marysville, CA",United States,California,39.09777778,-121.56972222,1
13581,MYW,Mtwara Airport,"Mtwara, Tanzania",Tanzania,,-10.33611111,40.18194444,1
13582,MYY,Miri Airport,"Miri, Malaysia",Malaysia,,4.3225,113.98722222,1
13584,MZB,Mocimboa Da Praia Airport,"Mocimboa Da Praia, Mozambique",Mozambique,,-11.36194444,40.355,1
13585,MZG,Ma Kung AB,"Makung, Taiwan",Taiwan,,23.56916667,119.61861111,1
13586,MZI,Ambodedjo,"Mopti, Mali",Mali,,14.51277778,-4.07944444,1
13587,MZJ,Pinal Airpark,"Marana, AZ",United States,Arizona,32.50972222,-111.32527778,1
13588,MZK,Marakei Airport,"Marakei, Kiribati",Kiribati,,1.98333333,173.66666667,1
13589,MZL,La Nubia,"Manizales, Colombia",Colombia,,5.03,-75.465,1
13590,MZM,Metz-Nancy Metz-Frescaty,"Metz, France",France,,49.0725,6.13444444,1
13591,MZN,Minj Airport,"Minj, Papua New Guinea",Papua New Guinea,,-5.90555556,144.67666667,1
13592,MZO,Sierra Maestra International,"Manzanillo, Cuba",Cuba,,20.28805556,-77.08916667,1
13593,MZR,Mawlana Jalaluddin Muhammad Balkhi,"Mazar-I-Sherif, Afghanistan",Afghanistan,,36.70638889,67.21611111,1
13594,MZT,Mazatlan International,"Mazatlan, Mexico",Mexico,,23.16138889,-106.26444444,1
13595,MZZ,Marion Municipal McKinney Field,"Marion, IN",United States,Indiana,40.49,-85.67972222,1
13596,N47,Pottstown Municipal,"Pottstown, PA",United States,Pennsylvania,40.26055556,-75.67083333,1
13597,N87,Trenton-Robbinsville,"Robbinsville, NJ",United States,New Jersey,40.21388889,-74.60166667,1
13598,NAA,Narrabri Airport,"Narrabri, Australia",Australia,,-30.32194444,149.82555556,1
13599,NAD,Harriman-and-West,"North Adams, MA",United States,Massachusetts,42.69638889,-73.17055556,1
13600,NAG,Dr. Baba Saheb Ambedkar International,"Nagpur, India",India,,21.0975,79.04305556,1
13601,NAK,Nakhon Ratchasima Airport,"Nakhon Ratchasima, Thailand",Thailand,,14.94944444,102.31277778,1
13602,NAN,Nadi International,"Nadi, Fiji",Fiji,,-17.755,177.44361111,1
13603,NAO,Nanchong Airport,"Nanchong, China",China,,30.8,106.06666667,1
13604,NAP,Capodichino,"Naples, Italy",Italy,,40.88444444,14.29083333,1
13605,NAS,Lynden Pindling International,"Nassau, The Bahamas",The Bahamas,,25.03611111,-77.45805556,1
13606,NAT,Campo Augusto Severo,"Natal, Brazil",Brazil,,-5.91166667,-35.24777778,1
13607,NAU,Napuka,"Napuka Islnd, French Polynesia",French Polynesia,,-14.1775,-141.26611111,1
13609,NAZ,Nana,"Star Harbour, Solomon Islands",Solomon Islands,,-10.67583333,162.205,1
13610,NBA,Nambaiyufa Airport,"Nambaiyufa, Papua New Guinea",Papua New Guinea,,-6.25,145.23333333,1
13611,NBC,Begishevo,"Naberevnye Chelny, Russia",Russia,,55.56472222,52.0925,1
13612,NBG,New Orleans NAS JRB,"New Orleans, LA",United States,Louisiana,29.82722222,-90.02666667,1
13613,NBJ,Newburgh Airport,"Newburgh, NY",United States,New York,41.53333333,-72.04305556,1
13614,BKK,Suvarnabhumi International,"Bangkok, Thailand",Thailand,,13.68138889,100.74305556,1
13616,NBO,Nairobi Jomo Kenyatta International,"Nairobi, Kenya",Kenya,,-1.31666667,36.93138889,1
13617,NBU,Glenview NAS,"Glenview, IL",United States,Illinois,42.08333333,-87.81833333,1
13618,NBW,Guantanamo Bay NS,"Guantanamo, Cuba",Cuba,,19.90666667,-75.20694444,1
13619,NC1,Gastonia Municipal,"Gastonia, NC",United States,North Carolina,35.2025,-81.15,1
13620,NC2,Johnston Regional,"Smithfield, NC",United States,North Carolina,35.54083333,-78.39027778,1
13621,NC3,Shelby-Cleveland County Regional,"Shelby, NC",United States,North Carolina,35.25583333,-81.60083333,1
13622,NC4,Currituck County Regional,"Currituck, NC",United States,North Carolina,36.4,-76.01555556,1
13623,NC5,Duplin County,"Kenansville, NC",United States,North Carolina,35.0,-77.98166667,1
13624,NCA,North Caicos International,"North Caicos, Turks and Caicos Islands",Turks and Caicos Islands,,21.91722222,-71.94055556,1
13625,NCE,Nice Cote D Azur,"Nice, France",France,,43.65805556,7.21555556,1
13626,NCH,Nachingwea Airport,"Nachingwea, Tanzania",Tanzania,,-10.35861111,38.78027778,1
13627,NCI,Necocli Airport,"Necocli, Colombia",Colombia,,8.45333333,-76.77888889,1
13628,NCL,Newcastle Airport,"Newcastle, United Kingdom",United Kingdom,,55.03777778,-1.68972222,1
13629,NCN,Chenega Bay,"Chenega, AK",United States,Alaska,60.07861111,-147.99472222,1
13630,NCO,Quonset State Air Reserve National Guard Helipad,"North Kingstown, RI",United States,Rhode Island,41.59944444,-71.41666667,1
13631,NCP,Cubi Point NAS,"Subic Bay, Philippines",Philippines,,14.79444444,120.27138889,1
13632,NCQ,Dobbins ARB,"Marietta, GA",United States,Georgia,33.91444444,-84.51416667,1
13633,NCS,Newcastle Airport,"Newcastle, South Africa",South Africa,,-27.77055556,29.97666667,1
13634,NCT,Miguel Angel Castillo Zumbado,"Nicoya, Costa Rica",Costa Rica,,10.13944444,-85.44555556,1
13635,NCU,Nukus Airport,"Nukus, Uzbekistan",Uzbekistan,,42.48916667,59.62277778,1
13636,NCY,Annecy Meythet,"Annecy, France",France,,45.92916667,6.09888889,1
13637,ND1,Robert Odegaard Field,"Kindred, ND",United States,North Dakota,46.64861111,-96.99888889,1
13638,NDB,Nouadhibou Airport,"Nouadhibou, Mauritania",Mauritania,,20.93305556,-17.03,1
13639,NDC,Nanded Airport,"Nanded, India",India,,19.18138889,77.32555556,1
13641,NDJ,Hassan Djamous,"Ndjamena, Chad",Chad,,12.13361111,15.03388889,1
13642,NDL,Ndele Airport,"Ndele, Central African Republic",Central African Republic,,8.42666667,20.63527778,1
13643,NDR,El Aroui International,"Nador, Morocco",Morocco,,34.98916667,-3.02777778,1
13644,NDZ,Nordholz-Spieka,"Cuxhaven, Germany",Germany,,53.76861111,8.6425,1
13645,NE1,Gothenburg Municipal,"Gothenburg, NE",United States,Nebraska,40.92555556,-100.14666667,1
13646,NE2,Blair Exec,"Blair, NE",United States,Nebraska,41.41472222,-96.10888889,1
13647,NEA,Glynco NAS,"Brunswick, GA",United States,Georgia,31.25055556,-81.47611111,1
13648,NEG,Negril Airport,"Negril, Jamaica",Jamaica,,18.34194444,-78.33416667,1
13650,NEL,Lakehurst/Maxfield Field,"Lakehurst, NJ",United States,New Jersey,40.035,-74.35222222,1
13651,NER,Neryungri Airport,"Neryungri, Russia",Russia,,56.9,124.88333333,1
13652,NET,New Bight Airport,"New Bight, The Bahamas",The Bahamas,,24.31527778,-75.45416667,1
13653,NEU,Samneua,"Sam Neua, Laos",Laos,,20.41833333,104.06611111,1
13654,NEV,Vance Winkworth Amory,"Nevis, Saint Kitts and Nevis",Saint Kitts and Nevis,,17.20555556,-62.59,1
13655,NEW,Lakefront,"New Orleans, LA",United States,Louisiana,30.04194444,-90.02777778,1
13656,NFL,Fallon NAS,"Fallon, NV",United States,Nevada,39.41777778,-118.69861111,1
13657,NGA,Young Airport,"Young, Australia",Australia,,-34.25555556,148.24722222,1
13658,NGB,Ningbo Lishe International,"Ningbo, China",China,,29.82666667,121.46194444,1
13659,NGC,North Rim,"Grand Canyon, AZ",United States,Arizona,36.18333333,-112.13333333,1
13660,NGD,Auguste George,"Anegada, British Virgin Islands",British Virgin Islands,,18.7275,-64.32888889,1
13661,NGE,N'Gaoundere Airport,"N'Gaoundere, Cameroon",Cameroon,,7.35694444,13.55916667,1
13662,NGF,Kaneohe Bay MCAS,"Kaneohe, HI",United States,Hawaii,21.45055556,-157.76805556,1
13663,NGM,Agana NAS,"Guam, TT",United States,U.S. Pacific Trust Territories and Possessions,13.44972222,144.75,1
13664,NKM,Nagoya Airport,"Nagoya, Japan",Japan,,35.25555556,136.92444444,1
13665,NGP,Corpus Christi NAS,"Corpus Christi, TX",United States,Texas,27.69277778,-97.29027778,1
13666,NGS,Nagasaki Airport,"Nagasaki, Japan",Japan,,32.91694444,129.91333333,1
13667,NGU,Norfolk NS,"Norfolk, VA",United States,Virginia,36.9375,-76.28916667,1
13668,NGZ,Alameda NAS,"Alameda, CA",United States,California,37.79055556,-122.32555556,1
13669,NHA,Nha Trang,"Nha-Trang, Vietnam",Vietnam,,12.2275,109.19222222,1
13670,NHD,Minhad AB,"Dubai, United Arab Emirates",United Arab Emirates,,25.02694444,55.36638889,1
13671,NHK,Patuxent River NAS,"Patuxent River, MD",United States,Maryland,38.28638889,-76.41,1
13672,NHT,RAF Northolt,"Northolt, United Kingdom",United Kingdom,,51.55277778,-0.41944444,1
13673,NHV,Nuku Hiva Fr.Poly.,"Nuku Hiva, French Polynesia",French Polynesia,,-8.78333333,-140.16666667,1
13674,NHZ,Brunswick Executive,"Brunswick, ME",United States,Maine,43.89222222,-69.93888889,1
13675,NIA,Nimba Airport,"Nimba, Liberia",Liberia,,7.49361111,-8.58416667,1
13676,NIB,Nikolai Airport,"Nikolai, AK",United States,Alaska,63.01861111,-154.35833333,1
13677,NIC,Nicosia Airport,"Nicosia, Cyprus",Cyprus,,35.155,33.27305556,1
13678,NIE,Niblack Airport,"Niblack, AK",United States,Alaska,55.06666667,-132.14583333,1
13679,NIG,Nikunau Airport,"Nikunau, Kiribati",Kiribati,,-1.31444444,176.41,1
13680,NIM,Diori Hamani,"Niamey, Niger",Niger,,13.48388889,2.18638889,1
13681,NIN,Ninilchik Airport,"Ninilchik, AK",United States,Alaska,60.02027778,-151.58944444,1
13682,NIP,Jacksonville NAS,"Jacksonville, FL",United States,Florida,30.23166667,-81.67861111,1
13683,NIT,Niort Airport,"Niort, France",France,,46.31666667,-0.45,1
13684,NIX,Nioro Airport,"Nioro, Mali",Mali,,15.23888889,-9.57638889,1
13685,NJ1,Pine Valley,"Berlin, NJ",United States,New Jersey,39.77833333,-74.94777778,1
13686,NJ2,Eagles Nest,"West Creek, NJ",United States,New Jersey,39.66555556,-74.30805556,1
13687,NJA,Atsugi NAF,"Atsugi, Japan",Japan,,35.45472222,139.45,1
13688,NJC,Nizhnevartovsk Airport,"Nizhnevartovsk, Russia",Russia,,60.94861111,76.48055556,1
13689,NJK,El Centro NAF,"El Centro, CA",United States,California,32.82666667,-115.66861111,1
13690,NKA,Nkan Airport,"Nkan, Gabon",Gabon,,0.7,9.98333333,1
13691,NKC,Nouakchott Airport,"Nouakchott, Mauritania",Mauritania,,18.09777778,-15.94805556,1
13692,NKG,Lukou,"Nanjing, China",China,,31.73222222,118.86305556,1
13693,NKI,Naukiti Airport,"Naukiti, AK",United States,Alaska,55.875,-133.22083333,1
13694,NGO,Chubu Centrair International,"Nagoya, Japan",Japan,,34.85833333,136.80527778,1
13695,NKN,Nankina Airport,"Nankina, Papua New Guinea",Papua New Guinea,,-5.83666667,146.45333333,1
13696,NKS,Nkongsamba Airport,"Nkongsamba, Cameroon",Cameroon,,4.935,9.93666667,1
13697,N1C,Cherry Point MCAS,"Cherry Point, NC",United States,North Carolina,34.90305556,-76.88083333,1
13698,NKV,Nichin Cove Seaplane Base,"Nichen Cove, AK",United States,Alaska,55.85,-133.21666667,1
13699,NKW,Diego Garcia Nsf,"Diego Garcia, British Indian Ocean Territory",British Indian Ocean Territory,,-7.31333333,72.41111111,1
13700,NKX,Miramar MCAS,"San Diego, CA",United States,California,32.86861111,-117.1425,1
13701,NLA,Ndola Airport,"Ndola, Zambia",Zambia,,-12.99833333,28.665,1
13702,NLC,Lemoore NAS,"Lemoore, CA",United States,California,36.33305556,-119.95222222,1
13703,NLD,Nuevo Laredo Airport,"Nuevo Laredo, Mexico",Mexico,,27.44333333,-99.57,1
13704,NLG,Nelson Lagoon Airport,"Nelson Lagoon, AK",United States,Alaska,56.0075,-161.16027778,1
13705,NLK,Norfolk Island Airport,"Norfolk Island, Australia",Australia,,-29.04194444,167.93944444,1
13706,NLO,N'Dolo,"Kinshasa, Congo (Kinshasa)",Congo (Kinshasa),,-4.32666667,15.32694444,1
13707,NLP,Nelspruit Airport,"Nelspruit, South Africa",South Africa,,-25.50055556,30.91361111,1
13708,NLS,Nicholson Station,"Nicholson, Australia",Australia,,-18.05083333,128.89583333,1
13709,NMC,Norman's Cay Airport,"Norman's Cay, The Bahamas",The Bahamas,,24.59638889,-76.81888889,1
13710,NME,Nightmute Airport,"Nightmute, AK",United States,Alaska,60.46916667,-164.70416667,1
13711,NMG,San Miguel Airport,"San Miguel, Panama",Panama,,8.45638889,-78.93416667,1
13712,NNA,Kenitra Airport,"Kenitra, Morocco",Morocco,,34.29916667,-6.59555556,1
13713,NNG,Wuxu,"Nanning, China",China,,22.60027778,108.18166667,1
13714,NNK,Naknek Airport,"Naknek, AK",United States,Alaska,58.73472222,-157.02527778,1
13715,NNL,Nondalton Airport,"Nondalton, AK",United States,Alaska,59.98027778,-154.83916667,1
13716,NNU,Nanuque Airport,"Nanuque, Brazil",Brazil,,-17.82305556,-40.32972222,1
13717,NNY,Nanyang East,"Nanyang, China",China,,32.98277778,112.6175,1
13718,NOA,Nowra Airport,"Nowra, Australia",Australia,,-34.94861111,150.53694444,1
13719,NOC,Ireland West Airport Knock,"Connaught, Ireland",Ireland,,53.91027778,-8.81833333,1
13720,NOG,Nogales International,"Nogales, Mexico",Mexico,,31.22638889,-110.97694444,1
13721,NON,Nonouti Airport,"Nonouti, Kiribati",Kiribati,,-0.63972222,174.42777778,1
13722,NOP,Nab,"Mactan Island, Philippines",Philippines,,10.33333333,123.9,1
13723,NOR,Nordfjordur Airport,"Nordfjordur, Iceland",Iceland,,65.13166667,-13.7475,1
13724,NOS,Fascene,"Nossi-Be, Madagascar",Madagascar,,-13.31222222,48.31472222,1
13725,NOT,Gnoss Field,"Novato, CA",United States,California,38.14361111,-122.55722222,1
13726,NOU,Noumea La Tontouta,"Noumea, New Caledonia",New Caledonia,,-22.01444444,166.21305556,1
13727,NOV,Huambo Airport,"Huambo, Angola",Angola,,-12.80888889,15.76055556,1
13728,NPA,Pensacola NAS,"Pensacola, FL",United States,Florida,30.35333333,-87.31805556,1
13729,NPE,Napier Airport,"Napier, New Zealand",New Zealand,,-39.46972222,176.86722222,1
13730,NPL,New Plymouth Airport,"New Plymouth, New Zealand",New Zealand,,-39.00805556,174.17694444,1
13731,NPT,Newport State,"Newport, RI",United States,Rhode Island,41.5325,-71.28166667,1
13732,NQA,Millington Memphis,"Millington, TN",United States,Tennessee,35.35666667,-89.87055556,1
13733,NQI,Kingsville NAS,"Kingsville, TX",United States,Texas,27.50777778,-97.80944444,1
13734,NQN,Presidente Peron,"Neuquen, Argentina",Argentina,,-38.94888889,-68.15583333,1
13736,NQX,Key West NAS,"Key West, FL",United States,Florida,24.57472222,-81.68666667,1
13737,NQY,Newquay Airport,"Newquay, United Kingdom",United Kingdom,,50.44083333,-4.99527778,1
13738,NRA,Narrandera Airport,"Narrandera, Australia",Australia,,-34.69916667,146.51055556,1
13739,NRB,Mayport NS,"Mayport, FL",United States,Florida,30.39138889,-81.42444444,1
13740,NRI,Grand Lake Regional,"Afton, OK",United States,Oklahoma,36.5775,-94.86194444,1
13741,NRK,Kungsangen,"Norrkoping, Sweden",Sweden,,58.58583333,16.25055556,1
13742,NRL,North Ronaldsay Airport,"North Ronaldsay, United Kingdom",United Kingdom,,59.3675,-2.43138889,1
13743,NRR,Roosevelt Roads NAS,"Ceiba, PR",United States,Puerto Rico,18.24972222,-65.63555556,1
13744,NRT,Narita International,"Tokyo, Japan",Japan,,35.77722222,140.38222222,1
13745,NSA,Noosa Aust.,"Noosa, Australia",Australia,,-26.38333333,153.15,1
13746,NSB,North Seaplane Base,"Bimini, The Bahamas",The Bahamas,,25.72916667,-79.28888889,1
13747,NSE,Whiting Field NAS North,"Milton, FL",United States,Florida,30.7225,-87.02388889,1
13748,NSF,Joint Base Andrews,"Camp Springs, MD",United States,Maryland,38.81083333,-76.86694444,1
13749,NSI,Yaounde Nsimalen,"Yaounde, Cameroon",Cameroon,,3.7225,11.55333333,1
13750,1FL,Space Florida Launch Landing Facility,"Titusville, FL",United States,Florida,28.615,-80.69444444,1
13751,NSN,Nelson Airport,"Nelson, New Zealand",New Zealand,,-41.29694444,173.22416667,1
13752,NSO,Scone Airport,"Scone, Australia",Australia,,-32.03805556,150.83222222,1
13753,NST,Nakhon Si Thammarat Airport,"Nakhon Si Thammarat, Thailand",Thailand,,8.53972222,99.94472222,1
13754,NSY,Sigonella Airport,"Sigonella, Italy",Italy,,37.40277778,14.92083333,1
13755,NT1,Snap Lake Mine/Debeers,"Snap Lake, Canada",Canada,Northwest Territories,63.585,-110.9,1
13756,NTD,Point Mugu NAS,"Port Hueneme, CA",United States,California,34.12027778,-119.12083333,1
13757,NTE,Nantes Atlantique,"Nantes, France",France,,47.15305556,-1.61083333,1
13758,NTL,Williamtown,"Newcastle, Australia",Australia,,-32.79611111,151.835,1
13759,NTN,Normanton Airport,"Normanton, Australia",Australia,,-17.68722222,141.07194444,1
13760,NTO,Santo Antao Airport,"Santo Antao, Cape Verde",Cape Verde,,17.05,-25.16666667,1
13761,NTQ,Noto,"Wajima, Japan",Japan,,37.29333333,136.96222222,1
13762,NTR,Del Norte International,"Monterrey, Mexico",Mexico,,25.86555556,-100.23722222,1
13763,NTU,Oceana NAS,"Oceana, VA",United States,Virginia,36.82277778,-76.03194444,1
13764,NTY,Pilanesberg International,"Sun City, South Africa",South Africa,,-25.33388889,27.17361111,1
13765,NUE,Nuernberg,"Nuremberg, Germany",Germany,,49.49861111,11.0775,1
13766,NUG,Nuguria Airport,"Nuguria, Papua New Guinea",Papua New Guinea,,-3.40527778,154.73583333,1
13767,NUI,Nuiqsut Airport,"Nuiqsut, AK",United States,Alaska,70.20972222,-151.00638889,1
13768,NUL,Nulato Airport,"Nulato, AK",United States,Alaska,64.72944444,-158.07416667,1
13769,NUN,Saufley Field NOLF,"Pensacola, FL",United States,Florida,30.46972222,-87.33805556,1
13770,NUP,Nunapitchuk Airport,"Nunapitchuk, AK",United States,Alaska,60.90611111,-162.44055556,1
13771,NUQ,Moffett Federal Airfield,"Mountain View, CA",United States,California,37.41611111,-122.04916667,1
13772,NUW,Whidbey Island NAS,"Whidbey Island, WA",United States,Washington,48.35194444,-122.65583333,1
13773,NV1,Perkins Field,"Overton, NV",United States,Nevada,36.56805556,-114.44333333,1
13774,NVA,Benito Salas,"Neiva, Colombia",Colombia,,2.95083333,-75.29388889,1
13775,NVD,Nevada Municipal,"Nevada, MO",United States,Missouri,37.8525,-94.30472222,1
13776,NVK,Narvik Airport,"Narvik, Norway",Norway,,68.425,17.425,1
13777,NVT,Ministro Victor Konder International,"Navegantes, Brazil",Brazil,,-26.87888889,-48.65027778,1
13778,NWI,Norwich Airport,"Norwich, United Kingdom",United Kingdom,,52.67583333,1.28277778,1
13780,NXX,Willow Grove NAS JRB,"Willow Grove, PA",United States,Pennsylvania,40.19972222,-75.14805556,1
13781,NY1,Kingston Ulster,"Kingston, NY",United States,New York,41.98527778,-73.96444444,1
13782,NY2,Oswego County,"Fulton, NY",United States,New York,43.35083333,-76.38805556,1
13783,NY3,F and F Airpark Inc,"Oneonta, NY",United States,New York,42.45,-75.01638889,1
13784,NYC,New York City Metropolitan Area,"New York, NY",United States,New York,40.72722222,-73.92666667,1
13785,NYL,Yuma MCAS/Yuma International,"Yuma, AZ",United States,Arizona,32.65666667,-114.60611111,1
13786,NYO,Skavsta,"Nykoping, Sweden",Sweden,,58.78861111,16.91222222,1
13787,NYU,Bagan,"Nyaung-U, Burma",Burma,,21.17888889,94.93027778,1
13788,VQQ,Cecil,"Jacksonville, FL",United States,Florida,30.21666667,-81.875,1
13789,NZJ,El Toro MCAS,"Santa Ana, CA",United States,California,33.6675,-117.71833333,1
13790,NZW,South Weymouth NAS,"South Weymouth, MA",United States,Massachusetts,42.14861111,-70.94027778,1
13791,NZY,North Island NAS,"San Diego, CA",United States,California,32.69833333,-117.21305556,1
13792,O85,Benton Field,"Redding, CA",United States,California,40.57361111,-122.40722222,1
13793,OAG,Orange Airport,"Orange, Australia",Australia,,-33.37722222,149.12305556,1
13794,OAI,Bagram Airport,"Bagram, Afghanistan",Afghanistan,,34.94611111,69.26555556,1
13795,OAJ,Albert J Ellis,"Jacksonville/Camp Lejeune, NC",United States,North Carolina,34.82916667,-77.61222222,1
13796,OAK,Oakland International,"Oakland, CA",United States,California,37.72138889,-122.22111111,1
13797,OAM,Oamaru Airport,"Oamaru, New Zealand",New Zealand,,-44.96694444,171.08138889,1
13798,OAN,El Arrayan,"Olanchito, Honduras",Honduras,,15.50666667,-86.57527778,1
13799,OAX,Oaxaca International,"Oaxaca, Mexico",Mexico,,16.99861111,-96.72611111,1
13801,OBC,Obock Airport,"Obock, Djibouti",Djibouti,,11.96833333,43.27888889,1
13802,OBF,Oberpfaffenhofen Airport,"Oberpfaffenhofen, Germany",Germany,,48.08166667,11.28333333,1
13803,OBO,Obihiro Airport,"Obihiro, Japan",Japan,,42.73361111,143.2175,1
13804,OBS,Aubenas Airport,"Aubenas, France",France,,44.61666667,4.38333333,1
13805,OBT,Garrett County,"Oakland, MD",United States,Maryland,39.58083333,-79.33583333,1
13806,OBU,Kobuk Airport,"Kobuk, AK",United States,Alaska,66.91222222,-156.89722222,1
13808,OCE,Ocean City Municipal,"Ocean City, MD",United States,Maryland,38.31055556,-75.12388889,1
13809,OCF,Ocala International-Jim Taylor Field,"Ocala, FL",United States,Florida,29.17194444,-82.22416667,1
13810,OCH,Nacogdoches A L Mangham Jr Regional,"Nacogdoches, TX",United States,Texas,31.57777778,-94.71,1
13811,OCI,Thumb Bay,"Oceanic, AK",United States,Alaska,60.2,-147.81666667,1
13812,OCJ,Boscobel,"Ocho Rios, Jamaica",Jamaica,,18.40055556,-76.96972222,1
13813,OCN,Bob Maxwell Memorial Airfield,"Oceanside, CA",United States,California,33.21805556,-117.35138889,1
13814,OCW,Washington Warren,"Washington, NC",United States,North Carolina,35.57055556,-77.04972222,1
13815,ODA,Ouadda Airport,"Ouadda, Central African Republic",Central African Republic,,8.01083333,22.39805556,1
13816,ODB,Cordoba Airport,"Cordoba, Spain",Spain,,37.84333333,-4.84805556,1
13817,ODD,Oodnadatta Airport,"Oodnadatta, Australia",Australia,,-27.56277778,135.44333333,1
13818,ODE,Hans Christian Anderson,"Odense, Denmark",Denmark,,55.47527778,10.32694444,1
13819,ODM,Oakland Airport,"Oakland, MD",United States,Maryland,39.40666667,-79.41388889,1
13820,ODS,Odessa International,"Odessa, Ukraine",Ukraine,,46.42611111,30.67333333,1
13821,ODW,Delaurentis,"Oak Harbor, WA",United States,Washington,48.25166667,-122.67361111,1
13822,OEC,Oecusse Airport,"Oecusse, Timor-Leste",Timor-Leste,,-9.19833333,124.33805556,1
13823,OER,Ornskoldsvik,"Oernskoeldsvik, Sweden",Sweden,,63.40916667,18.98833333,1
13824,OFF,Offutt AFB,"Omaha, NE",United States,Nebraska,41.11944444,-95.90861111,1
13825,OFK,Norfolk Regional/Karl Stefan Memorial Field,"Norfolk, NE",United States,Nebraska,41.98555556,-97.435,1
13826,OFU,Ofu Airport,"Ofu, TT",United States,U.S. Pacific Trust Territories and Possessions,-14.18444444,-169.67,1
13827,OGA,Searle Field,"Ogallala, NE",United States,Nebraska,41.11944444,-101.76972222,1
13828,OGB,Orangeburg Municipal,"Orangeburg, SC",United States,South Carolina,33.45694444,-80.85944444,1
13829,OGD,Ogden-Hinckley,"Ogden, UT",United States,Utah,41.19472222,-112.01277778,1
13830,OGG,Kahului Airport,"Kahului, HI",United States,Hawaii,20.90277778,-156.42611111,1
13831,OGN,Yonaguni Airport,"Yonaguni, Japan",Japan,,24.4675,122.97972222,1
13832,OGS,Ogdensburg International,"Ogdensburg, NY",United States,New York,44.68222222,-75.46333333,1
13833,OH1,Fayette County,"Washington Court House, OH",United States,Ohio,39.57027778,-83.42055556,1
13834,OH2,Bellefontaine Regional,"Bellefontaine, OH",United States,Ohio,40.37222222,-83.81916667,1
13835,OH3,Ross County,"Chillicothe, OH",United States,Ohio,39.44055556,-83.02305556,1
13836,OH4,Union County,"Marysville, OH",United States,Ohio,40.22444444,-83.35166667,1
13837,OH5,Cincinnati - Blue Ash,"Cincinnati, OH",United States,Ohio,39.24666667,-84.38888889,1
13838,OH6,Portage County,"Ravenna, OH",United States,Ohio,41.21027778,-81.25166667,1
13839,OH7,Kent State University,"Kent, OH",United States,Ohio,41.15138889,-81.415,1
13840,OHA,Ohakea Airport,"Ohakea, New Zealand",New Zealand,,-40.20611111,175.38777778,1
13841,OHC,Northeast Cape AFS,"Northeast Cape, AK",United States,Alaska,63.32638889,-168.96888889,1
13842,OHD,Ohrid Airport,"Ohrid, Macedonia",Macedonia,,41.18,20.74222222,1
13843,OHI,Oshakati Airport,"Oshakati, Namibia",Namibia,,-17.80111111,15.70111111,1
13844,OHR,Wyk Auf Foehr,"Wyk Auf Fohr, Germany",Germany,,54.68444444,8.52805556,1
13845,OIC,Eaton,"Norwich, NY",United States,New York,42.56638889,-75.52416667,1
13846,OIM,Oshima,"Oshima Islands, Japan",Japan,,34.78194444,139.36027778,1
13847,OIT,Oita Airport,"Oita, Japan",Japan,,33.47944444,131.73722222,1
13848,OJC,Johnson County Executive,"Olathe, KS",United States,Kansas,38.8475,-94.7375,1
13850,OKA,Naha,"Okinawa, Japan",Japan,,26.19333333,127.63944444,1
13851,OKC,Okc Will Rogers International,"Oklahoma City, OK",United States,Oklahoma,35.3925,-97.60222222,1
13852,OKD,Okadama,"Sapporo, Japan",Japan,,43.11527778,141.38444444,1
13853,OKJ,Okayama Airport,"Okayama, Japan",Japan,,34.75694444,133.85527778,1
13854,OKK,Kokomo Municipal,"Kokomo/Logansport/Peru, IN",United States,Indiana,40.52777778,-86.05972222,1
13855,OKN,Okondja Airport,"Okondja, Gabon",Gabon,,-0.66666667,13.67361111,1
13856,OKO,Yokota AB,"Tokyo, Japan",Japan,,35.74861111,139.34861111,1
13857,OKR,Yorke Island Airport,"Yorke Island, Australia",Australia,,-9.7525,143.40527778,1
13858,OKY,Oakey Airport,"Oakey, Australia",Australia,,-27.40694444,151.73555556,1
13859,OLA,Orland Airport,"Orland, Norway",Norway,,63.7,9.60277778,1
13860,OLB,Olbia Costa Smeralda,"Olbia, Italy",Italy,,40.89944444,9.51916667,1
13861,OLE,Cattaraugus County-Olean,"Olean, NY",United States,New York,42.24111111,-78.37138889,1
13862,OLF,L. M. Clayton,"Wolf Point, MT",United States,Montana,48.09444444,-105.575,1
13863,OLH,Old Harbor Airport,"Old Harbor, AK",United States,Alaska,57.21833333,-153.26972222,1
13864,OLI,Rif,"Olafsvik, Iceland",Iceland,,64.91138889,-23.81805556,1
13865,OLM,Olympia Regional,"Olympia, WA",United States,Washington,46.96944444,-122.9025,1
13866,OLO,Olomouc Airport,"Olomouc, Czech Republic",Czech Republic,,49.5875,17.20944444,1
13867,OLP,Olympic Dam Airport,"Olympic Dam, Australia",Australia,,-30.48416667,136.87611111,1
13868,OLS,Nogales International,"Nogales, AZ",United States,Arizona,31.41777778,-110.84777778,1
13869,OLU,Columbus Municipal,"Columbus, NE",United States,Nebraska,41.44861111,-97.34083333,1
13870,OLV,Olive Branch Taylor Field,"Olive Branch, MS",United States,Mississippi,34.97888889,-89.78694444,1
13871,OMA,Eppley Airfield,"Omaha, NE",United States,Nebraska,41.30305556,-95.89388889,1
13872,OMB,Omboue Airport,"Omboue, Gabon",Gabon,,-1.58333333,9.26666667,1
13873,OME,Nome Airport,"Nome, AK",United States,Alaska,64.51055556,-165.44472222,1
13874,OMH,Uromiyeh,"Urmieh, Iran",Iran,,37.66805556,45.06861111,1
13876,OMK,Omak Airport,"Omak, WA",United States,Washington,48.46444444,-119.51805556,1
13877,OML,Omkalai Airport,"Omkalai, Papua New Guinea",Papua New Guinea,,-6.18555556,144.95833333,1
13878,OMO,Mostar Airport,"Mostar, Bosnia and Herzegovina",Bosnia and Herzegovina,,43.28305556,17.84583333,1
13879,OMR,Oradea Airport,"Oradea, Romania",Romania,,47.02333333,21.90194444,1
13880,OMS,Omsk Tsentralny,"Omsk, Russia",Russia,,54.96722222,73.31027778,1
13881,ONA,Winona Municipal/Max Conrad Field,"Winona, MN",United States,Minnesota,44.07972222,-91.71166667,1
13882,OND,Ondangwa Airport,"Ondangwa, Namibia",Namibia,,-17.87833333,15.95277778,1
13883,ONG,Mornington Island Airport,"Mornington Island, Australia",Australia,,-16.66138889,139.17,1
13884,ONH,Albert S Nader Regional,"Oneonta, NY",United States,New York,42.52472222,-75.06444444,1
13885,ONJ,Odate Noshiro Airport,"Odate Noshiro, Japan",Japan,,40.19194444,140.37138889,1
13886,ONL,The O'Neill Municipal-John L. Baker Field,"O'Neill, NE",United States,Nebraska,42.46944444,-98.68777778,1
13887,ONM,Socorro Municipal,"Socorro, NM",United States,New Mexico,34.0225,-106.90305556,1
13888,ONN,Onion Bay Airport,"Onion Bay, AK",United States,Alaska,58.06805556,-153.25388889,1
13889,ONO,Ontario Municipal,"Ontario, OR",United States,Oregon,44.01944444,-117.01305556,1
13890,ONP,Newport Municipal,"Newport, OR",United States,Oregon,44.58027778,-124.05805556,1
13891,ONT,Ontario International,"Ontario, CA",United States,California,34.05611111,-117.60111111,1
13892,ONX,Enrique A Jimenez,"Colon, Panama",Panama,,9.36055556,-79.86722222,1
13893,OOB,Cobol Alaska/Scaled/,"Cobol, AK",United States,Alaska,57.48333333,-135.86666667,1
13894,OOK,Toksook Bay,"Toksook, AK",United States,Alaska,60.54138889,-165.08722222,1
13895,OOL,Gold Coast Airport,"Gold Coast, Australia",Australia,,-28.16583333,153.50666667,1
13896,OOM,Cooma Airport,"Cooma, Australia",Australia,,-36.30833333,148.97333333,1
13898,OPF,Miami Opa Locka Executive,"Miami, FL",United States,Florida,25.90611111,-80.27833333,1
13899,OPH,Ophir Airport,"Ophir, AK",United States,Alaska,63.14583333,-156.52888889,1
13900,OPO,Porto Airport,"Porto, Portugal",Portugal,,41.24805556,-8.68111111,1
13901,OQA,McDonald Lake Airport,"McDonald Lake, AK",United States,Alaska,55.93722222,-131.81277778,1
13902,OQB,Bible Camp Airport,"Bible Camp, AK",United States,Alaska,57.92638889,-156.08333333,1
13903,OQC,Cinder River Lodge Airport,"Cinder River Lodge, AK",United States,Alaska,57.06666667,-157.81416667,1
13905,OQF,Lemesurier Island Airport,"Lemesurier Island, AK",United States,Alaska,58.28444444,-136.08472222,1
13906,OQG,Tracy Arm Airport,"Tracy Arm, AK",United States,Alaska,57.91138889,-133.40222222,1
13908,OQI,Vrems Airport,"Vrems, AK",United States,Alaska,57.85694444,-157.08666667,1
13909,OQK,Akolik Airport,"Akolik, AK",United States,Alaska,68.98333333,-163.44555556,1
13910,OQL,Mels Airport,"Mels, AK",United States,Alaska,56.23333333,-160.075,1
13911,OQM,Meshik Airport,"Meshik, AK",United States,Alaska,56.76666667,-158.08527778,1
13912,OQN,Telaquana Lake Airport,"Telaquana Lake, AK",United States,Alaska,60.95527778,-153.9075,1
13913,OQO,Chelatna Lake Lodge Airport,"Chelatna Lake Lodge, AK",United States,Alaska,62.43416667,-151.41472222,1
13914,OQP,Pumice Airport,"Pumice, AK",United States,Alaska,57.17833333,-157.73333333,1
13915,OQQ,Points Alsworth,"Port Alsworth, AK",United States,Alaska,60.18333333,-154.33388889,1
13916,OQR,Twin Lakes Airport,"Twin Lakes, AK",United States,Alaska,60.65277778,-154.03611111,1
13917,OQS,Sandy Airport,"Sandy, AK",United States,Alaska,56.23333333,-160.22583333,1
13919,OQU,Waterkloof AFB,"Waterkloof, South Africa",South Africa,,-25.83,28.2225,1
13920,OQV,Shirleyville Airport,"Shirleyville, AK",United States,Alaska,61.01361111,-151.40694444,1
13921,OQW,Doug Carney Strip Airport,"Doug Carney Strip, AK",United States,Alaska,61.43416667,-157.05,1
13922,OQX,Shisholik Airport,"Shisholik, AK",United States,Alaska,67.0,-162.83333333,1
13923,OQY,Camp Sivinuvik,"Sivinuvik, AK",United States,Alaska,66.88333333,-161.48333333,1
13924,OQZ,American Creek Airport,"American Creek, AK",United States,Alaska,62.04333333,-158.25638889,1
13925,OR1,Grants Pass Airport,"Grants Pass, OR",United States,Oregon,42.51,-123.38805556,1
13926,OR2,Siletz Bay State,"Gleneden, OR",United States,Oregon,44.87666667,-124.02861111,1
13927,OR3,Florence Municipal,"Florence, OR",United States,Oregon,43.98277778,-124.11138889,1
13928,ORB,Orebro Airport,"Orebro, Sweden",Sweden,,59.22194444,15.03722222,1
13929,ORC,Orocue Airport,"Orocue, Colombia",Colombia,,4.79027778,-71.34833333,1
13930,ORD,Chicago O'Hare International,"Chicago, IL",United States,Illinois,41.97694444,-87.90805556,1
13931,ORF,Norfolk International,"Norfolk, VA",United States,Virginia,36.89472222,-76.20111111,1
13932,ORG,Zorg en Hoop,"Paramaribo, Suriname",Suriname,,5.81111111,-55.19222222,1
13933,ORH,Worcester Regional,"Worcester, MA",United States,Massachusetts,42.26722222,-71.87555556,1
13934,ORI,Port Lions Airport,"Port Lions, AK",United States,Alaska,57.885,-152.8475,1
13935,ORK,Cork Airport,"Cork, Ireland",Ireland,,51.84138889,-8.49111111,1
13936,ORL,Orlando Exec,"Orlando, FL",United States,Florida,28.54555556,-81.33305556,1
13937,ORN,Ahmed Benbella,"Oran, Algeria",Algeria,,35.62111111,-0.62472222,1
13939,ORP,Orapa Airport,"Orapa, Botswana",Botswana,,-21.26611111,25.31972222,1
13940,ORT,Northway Airport,"Northway, AK",United States,Alaska,62.96111111,-141.92805556,1
13941,ORU,Juan Mendoza,"Oruro, Bolivia",Bolivia,,-17.95555556,-67.07583333,1
13942,ORV,Robert/Bob/Curtis Memorial,"Noorvik, AK",United States,Alaska,66.8175,-161.02222222,1
13943,ORY,Orly,"Paris, France",France,,48.72638889,2.36694444,1
13944,ORZ,Orange Walk Airport,"Orange Walk, Belize",Belize,,18.06666667,-88.55,1
13945,OSA,Osaka Metropolitan Area,"Osaka, Japan",Japan,,34.60527778,135.3425,1
13946,OSB,Grand Glaize - Osage Beach,"Osage Beach, MO",United States,Missouri,38.11055556,-92.68055556,1
13947,OSC,Oscoda-Wurtsmith,"Oscoda, MI",United States,Michigan,44.45166667,-83.39416667,1
13948,OSD,Are Ostersund,"Ostersund, Sweden",Sweden,,63.19416667,14.50194444,1
13949,OSH,Wittman Regional,"Oshkosh, WI",United States,Wisconsin,43.98611111,-88.55638889,1
13950,OSI,Osijek Airport,"Osijek, Croatia",Croatia,,45.46277778,18.81027778,1
13951,OSK,Oskarshamn Airport,"Oskarshamn, Sweden",Sweden,,57.35055556,16.49805556,1
13952,OSL,Oslo Airport,"Oslo, Norway",Norway,,60.19444444,11.09888889,1
13953,OSM,Mosul International,"Mosul, Iraq",Iraq,,36.30583333,43.1475,1
13954,OSN,Osan AB,"Osan, South Korea",South Korea,,37.09166667,127.02944444,1
13955,OSP,Redzikowo,"Slupsk, Poland",Poland,,54.47861111,17.10416667,1
13956,OSR,Mosnov,"Ostrava, Czech Republic",Czech Republic,,49.69611111,18.11083333,1
13957,OST,Oostende,"Ostend, Belgium",Belgium,,51.2,2.875,1
13958,OSU,Ohio State University,"Columbus, OH",United States,Ohio,40.07944444,-83.07333333,1
13959,OSX,Kosciusko/Attala County,"Kosciusko, MS",United States,Mississippi,33.09027778,-89.54194444,1
13960,OSY,Namsos Airport,"Namsos, Norway",Norway,,64.47222222,11.57861111,1
13961,OSZ,Zegrze Pomorskie,"Koszalin, Poland",Poland,,54.04222222,16.26388889,1
13962,OTD,Raul Arias Espinoza,"Contadora, Panama",Panama,,8.62833333,-79.03444444,1
13963,OTG,Worthington Municipal,"Worthington, MN",United States,Minnesota,43.655,-95.57916667,1
13964,OTH,Southwest Oregon Regional,"North Bend/Coos Bay, OR",United States,Oregon,43.41694444,-124.24694444,1
13965,OTM,Ottumwa Regional,"Ottumwa, IA",United States,Iowa,41.10722222,-92.44722222,1
13966,OTP,Henri Coanda,"Bucharest, Romania",Romania,,44.57222222,26.10222222,1
13967,OTR,Coto 47 Airport,"Coto 47, Costa Rica",Costa Rica,,8.60166667,-82.96861111,1
13968,OTS,Anacortes Airport,"Anacortes, WA",United States,Washington,48.49861111,-122.6625,1
13969,OTU,Otu Airport,"Otu, Colombia",Colombia,,7.0,-74.71666667,1
13970,OTZ,Ralph Wien Memorial,"Kotzebue, AK",United States,Alaska,66.88916667,-162.60666667,1
13971,OUA,Ouagadougou Airport,"Ouagadougou, Burkina Faso",Burkina Faso,,12.35305556,-1.5125,1
13972,OUD,Angads International,"Oujda, Morocco",Morocco,,34.79416667,-1.93194444,1
13973,OUE,Ouesso Airport,"Ouesso, Congo (Brazaville)",Congo (Brazaville),,1.62055556,16.03888889,1
13974,OUH,Oudtshoorn Airport,"Oudtshoorn, South Africa",South Africa,,-33.60722222,22.18888889,1
13975,OUL,Oulu Airport,"Oulu, Finland",Finland,,64.93,25.35444444,1
13976,OUN,University of Oklahoma/Max Westheimer,"Norman, OK",United States,Oklahoma,35.23944444,-97.47305556,1
13977,OUR,Batouri Airport,"Batouri, Cameroon",Cameroon,,4.47666667,14.36277778,1
13978,OVA,Bekily Airport,"Bekily, Madagascar",Madagascar,,-24.23638889,45.30416667,1
13979,OVB,Tolmachevo,"Novosibirsk, Russia",Russia,,55.02277778,82.62472222,1
13980,OVD,Asturias Airport,"Asturias, Spain",Spain,,43.56361111,-6.03472222,1
13981,OVE,Oroville Municipal,"Oroville, CA",United States,California,39.48777778,-121.62194444,1
13982,OWA,Owatonna Degner Regional,"Owatonna, MN",United States,Minnesota,44.12305556,-93.25888889,1
13983,OWB,Owensboro Daviess County Regional,"Owensboro, KY",United States,Kentucky,37.73972222,-87.16722222,1
13984,OWD,Norwood Memorial,"Norwood, MA",United States,Massachusetts,42.19055556,-71.17305556,1
13986,OXB,Osvaldo Vieira,"Bissau, Guinea-Bissau",Guinea-Bissau,,11.895,-15.65361111,1
13987,OXC,Waterbury Oxford,"Waterbury, CT",United States,Connecticut,41.47833333,-73.13527778,1
13988,OXR,Oxnard,"Oxnard/Ventura, CA",United States,California,34.20083333,-119.20722222,1
13989,OXV,Knoxville Municipal,"Knoxville, IA",United States,Iowa,41.30166667,-93.11277778,1
13990,OYA,Goya Airport,"Goya, Argentina",Argentina,,-29.10583333,-59.21861111,1
13991,OYE,Oyem Airport,"Oyem, Gabon",Gabon,,1.54305556,11.58138889,1
13992,OYK,Oiapoque Airport,"Oiapoque, Brazil",Brazil,,3.85416667,-51.79722222,1
13993,OYO,Tres Arroyos Airport,"Tres Arroyos, Argentina",Argentina,,-38.38694444,-60.32972222,1
13994,OYS,Yosemite National Park Airport,"Yosemite National Park, CA",United States,California,37.75,-119.58333333,1
13995,OZA,Ozona Municipal,"Ozona, TX",United States,Texas,30.73527778,-101.20222222,1
13996,OZC,Misamis,"Ozamis City, Philippines",Philippines,,8.18055556,123.84138889,1
13997,OZH,Zaporizhzhia International,"Zaporozhye, Ukraine",Ukraine,,47.86722222,35.315,1
13998,OZP,Moron AB,"Moron, Spain",Spain,,37.175,-5.61611111,1
13999,OZR,Cairns AAF,"Ozark, AL",United States,Alabama,31.27583333,-85.71333333,1
14000,PA1,Husky Haven,"Montrose, PA",United States,Pennsylvania,41.78888889,-75.89,1
14001,PA2,Bedford County,"Bedford, PA",United States,Pennsylvania,40.08611111,-78.51361111,1
14002,PAA,Hpa An,"Pa-An, Burma",Burma,,16.89388889,97.675,1
14003,PAD,Paderborn/Lippstadt,"Paderborn, Germany",Germany,,51.61416667,8.61638889,1
14004,PAE,Seattle Paine Field International,"Everett, WA",United States,Washington,47.90722222,-122.28222222,1
14005,PAG,Pagadian Airport,"Pagadian, Philippines",Philippines,,7.82638889,123.45972222,1
14006,PAH,Barkley Regional,"Paducah, KY",United States,Kentucky,37.06111111,-88.7725,1
14007,PAK,Port Allen,"Hanapepe, HI",United States,Hawaii,21.89694444,-159.60305556,1
14009,PAM,Tyndall AFB,"Panama City, FL",United States,Florida,30.06944444,-85.57555556,1
14010,PAN,Pattani Airport,"Pattani, Thailand",Thailand,,6.78555556,101.15361111,1
14011,PAO,Palo Alto Airport,"Palo Alto, CA",United States,California,37.46111111,-122.115,1
14012,PAP,Port Au Prince International,"Port-au-Prince, Haiti",Haiti,,18.58,-72.2925,1
14013,PAQ,Warren Bud Woods Palmer Municipal,"Palmer, AK",United States,Alaska,61.595,-149.08861111,1
14014,PAR,Paris Metropolitan Area,"Paris, France",France,,48.90361111,2.44944444,1
14015,PAS,Paros Airport,"Paros, Greece",Greece,,37.02083333,25.11305556,1
14016,PAT,Jai Prakash Narayan International Patna,"Patna, India",India,,25.59083333,85.0875,1
14017,PAV,Paulo Afonso,"Paulo Alfonso, Brazil",Brazil,,-9.40083333,-38.25055556,1
14018,PAX,Port-de-Paix Airport,"Port-de-Paix, Haiti",Haiti,,19.93416667,-72.84777778,1
14019,PAY,Tungud/Pamol,"Pamol, Malaysia",Malaysia,,5.99305556,117.39444444,1
14020,PAZ,Poza Rica Airport,"Poza Rica, Mexico",Mexico,,20.60222222,-97.46055556,1
14021,PBA,Point Barrow LRRS,"Point Barrow, AK",United States,Alaska,71.33861111,-156.63277778,1
14022,PBC,Puebla International,"Puebla, Mexico",Mexico,,19.15805556,-98.37138889,1
14023,PBD,Porbandar Airport,"Porbandar, India",India,,21.64944444,69.65638889,1
14024,PBF,Pine Bluff Regional Airport Grider Field,"Pine Bluff, AR",United States,Arkansas,34.17444444,-91.93555556,1
14025,PBG,Plattsburgh International,"Plattsburgh, NY",United States,New York,44.65083333,-73.46805556,1
14026,PBH,Paro International,"Paro, Bhutan",Bhutan,,27.40333333,89.42472222,1
14027,PBI,Palm Beach International,"West Palm Beach/Palm Beach, FL",United States,Florida,26.68305556,-80.09555556,1
14028,PBK,Pack Creek Airport,"Pack Creek, AK",United States,Alaska,57.8,-134.7,1
14029,PBL,General Bartolome Salom,"Puerto Cabello, Venezuela",Venezuela,,10.48027778,-68.07277778,1
14030,PBM,Johan A. Pengel International,"Zanderij, Suriname",Suriname,,5.45277778,-55.18777778,1
14031,PBN,Porto Amboim Airport,"Porto Amboim, Angola",Angola,,-10.72194444,13.76555556,1
14032,PBO,Paraburdoo Airport,"Paraburdoo, Australia",Australia,,-23.17138889,117.74694444,1
14033,PBR,Puerto Barrios Airport,"Puerto Barrios, Guatemala",Guatemala,,15.73083333,-88.58388889,1
14034,PBX,Pike County Hatcher Field,"Pikeville, KY",United States,Kentucky,37.56194444,-82.56638889,1
14036,PBZ,Garden Route Aero,"Plettenberg Bay, South Africa",South Africa,,-34.08833333,23.32916667,1
14037,PCA,Portage Creek Airport,"Portage Creek, AK",United States,Alaska,58.90638889,-157.71111111,1
14038,PCC,Puerto Rico Airport,"Puerto Rico, Colombia",Colombia,,1.9,-75.15,1
14039,PCD,Prairie Du Chien Municipal,"Prairie Du Chien, WI",United States,Wisconsin,43.01916667,-91.12361111,1
14040,PCE,Painter Creek Airport,"Painter Creek, AK",United States,Alaska,57.15388889,-157.39694444,1
14041,PCG,Paso Caballos Airport,"Paso Caballos, Guatemala",Guatemala,,17.26111111,-90.24611111,1
14042,PCK,Porcupine Creek Airport,"Porcupine Creek, AK",United States,Alaska,67.23777778,-150.28611111,1
14043,PCL,Captain FAP David Abensur Rengifo International,"Pucallpa, Peru",Peru,,-8.37805556,-74.57416667,1
14044,PCT,Princeton Airport,"Princeton, NJ",United States,New Jersey,40.39916667,-74.65888889,1
14045,PDA,Cesar Gaviria,"Puerto Inirida, Colombia",Colombia,,3.85361111,-67.90638889,1
14046,PDB,Pedro Bay Airport,"Pedro Bay, AK",United States,Alaska,59.79694444,-154.13,1
14047,PDC,Mueo Nickel,"Mueo, New Caledonia",New Caledonia,,-21.31666667,164.99833333,1
14048,PDG,Tabing,"Padang, Indonesia",Indonesia,,-0.875,100.35194444,1
14050,PDK,Dekalb Peachtree,"Atlanta, GA",United States,Georgia,33.87583333,-84.30222222,1
14051,PDL,Ponta Delgada Airport,"Ponta Delgada, Portugal",Portugal,,37.74194444,-25.69777778,1
14052,PDP,Capitan Corbeta C. A. Curbelo International,"Maldonado, Uruguay",Uruguay,,-34.85527778,-55.09416667,1
14053,PDS,Piedras Negras International,"Piedras Negras, Mexico",Mexico,,28.62777778,-100.53527778,1
14054,PDT,Eastern Oregon Regional at Pendleton,"Pendleton, OR",United States,Oregon,45.695,-118.84333333,1
14055,PDU,Tydeo Larre Borges International,"Paysandu, Uruguay",Uruguay,,-32.36416667,-58.06222222,1
14056,PDV,Plovdiv Airport,"Plovdiv, Bulgaria",Bulgaria,,42.06777778,24.85083333,1
14057,PDX,Portland International,"Portland, OR",United States,Oregon,45.58861111,-122.59805556,1
14058,PDZ,Pedernales Airport,"Pedernales, Venezuela",Venezuela,,9.97861111,-62.23138889,1
14059,PE1,Las Malvinas Airport,"Las Malvinas, Peru",Peru,,-11.855,-72.93944444,1
14060,PE2,Andoas,"Puerto Jose, Peru",Peru,,-2.8,-76.46666667,1
14061,PEA,Penneshaw Airport,"Penneshaw, Australia",Australia,,-35.73333333,137.93333333,1
14062,PEC,Pelican Seaplane Base,"Pelican, AK",United States,Alaska,57.95,-136.23333333,1
14063,PEE,Bolshoe Savino,"Perm, Russia",Russia,,57.91444444,56.02138889,1
14064,PEG,Perugia S Francesco,"Perugia, Italy",Italy,,43.09805556,12.51388889,1
14065,PEI,Matecana,"Pereira, Colombia",Colombia,,4.8125,-75.73972222,1
14066,PEK,Capital International,"Beijing, China",China,,40.0725,116.5975,1
14067,PEM,Padre Aldamiz,"Puerto Maldonado, Peru",Peru,,-12.61361111,-69.22861111,1
14068,PEN,Penang International,"Bayan Lepas, Malaysia",Malaysia,,5.29722222,100.27694444,1
14069,PEO,Progreso Airport,"Progreso, Honduras",Honduras,,15.38666667,-87.80666667,1
14070,PEQ,Pecos Municipal,"Pecos City, TX",United States,Texas,31.3825,-103.51083333,1
14071,PER,Perth International,"Perth, Australia",Australia,,-31.9375,115.96611111,1
14072,PET,Joao Simoes Lopes Neto,"Pelotas, Brazil",Brazil,,-31.71666667,-52.32722222,1
14073,PEU,Puerto Lempira Airport,"Puerto Lempira, Honduras",Honduras,,15.26222222,-83.7825,1
14074,PEW,Bacha Khan International,"Peshawar, Pakistan",Pakistan,,33.99361111,71.51472222,1
14075,PFA,Paf Warren Airport,"Paf Warren, AK",United States,Alaska,58.72694444,-156.94333333,1
14076,PFB,Passo Fundo Airport,"Passo Fundo, Brazil",Brazil,,-28.25,-52.33333333,1
14077,PFD,Port Frederick Airport,"Port Frederick, AK",United States,Alaska,57.95,-135.65,1
14078,PFN,Bay County,"Panama City, FL",United States,Florida,30.2125,-85.68194444,1
14079,PFO,Pafos International,"Pafos, Cyprus",Cyprus,,34.71805556,32.48472222,1
14080,PFR,Ilebo Airport,"Ilebo, Congo (Kinshasa)",Congo (Kinshasa),,-4.32972222,20.59083333,1
14081,PGA,Page Municipal,"Page, AZ",United States,Arizona,36.92611111,-111.44833333,1
14082,PGD,Punta Gorda Airport,"Punta Gorda, FL",United States,Florida,26.91861111,-81.99083333,1
14083,PGF,Perpignan Rivesaltes,"Perpignan, France",France,,42.74027778,2.87083333,1
14084,PGH,Pantnagar Airport,"Pantnagar, India",India,,29.03361111,79.4725,1
14085,PGI,Chitato Airport,"Chitato, Angola",Angola,,-7.3575,20.80361111,1
14086,PGK,Depati Amir,"Pangkalpinang, Indonesia",Indonesia,,-2.16111111,106.13861111,1
14087,PGL,Jackson County,"Pascagoula, MS",United States,Mississippi,30.37638889,-88.49527778,1
14088,PGM,Port Graham Airport,"Port Graham, AK",United States,Alaska,59.34861111,-151.83027778,1
14089,PGO,Stevens Field,"Pagosa Springs, CO",United States,Colorado,37.28638889,-107.05611111,1
14091,PGS,Peach Springs Dirt Strip,"Peach Springs, AZ",United States,Arizona,35.52833333,-113.24666667,1
14092,PGV,Pitt Greenville,"Greenville, NC",United States,North Carolina,35.63555556,-77.38416667,1
14093,PHA,Phan Rang Airport,"Phan Rang, Vietnam",Vietnam,,11.63361111,108.95166667,1
14094,PHB,Parnaiba Airport,"Parnaiba, Brazil",Brazil,,-2.89166667,-41.73833333,1
14095,PHC,Port Harcourt Airport,"Port Harcourt, Nigeria",Nigeria,,4.84638889,7.02166667,1
14096,PHD,Harry Clever Field,"New Philadelphia, OH",United States,Ohio,40.47027778,-81.42,1
14097,PHE,Port Hedland Airport,"Port Hedland, Australia",Australia,,-20.3825,118.62972222,1
14098,PHF,Newport News/Williamsburg International,"Newport News/Williamsburg, VA",United States,Virginia,37.12638889,-76.49888889,1
14099,PHI,Pinheiro Airport,"Pinheiro, Brazil",Brazil,,-2.4775,-45.10527778,1
14100,PHL,Philadelphia International,"Philadelphia, PA",United States,Pennsylvania,39.87416667,-75.23666667,1
14101,PHN,St. Clair County International,"Port Huron, MI",United States,Michigan,42.91083333,-82.52888889,1
14102,PHO,Point Hope Airport,"Point Hope, AK",United States,Alaska,68.34805556,-166.79916667,1
14103,PHR,Nanuku Resort,"Pacific Harbour, Fiji",Fiji,,-18.25527778,178.04916667,1
14104,PHS,Phitsanulok Airport,"Phitsanulok, Thailand",Thailand,,16.78305556,100.27916667,1
14105,PHT,Henry County,"Paris, TN",United States,Tennessee,36.33583333,-88.38444444,1
14106,PHW,Kruger Park Gateway,"Phalaborwa, South Africa",South Africa,,-23.93638889,31.15583333,1
14107,PHX,Phoenix Sky Harbor International,"Phoenix, AZ",United States,Arizona,33.43361111,-112.01194444,1
14108,PIA,General Downing - Peoria International,"Peoria, IL",United States,Illinois,40.65972222,-89.68888889,1
14109,PIB,Hattiesburg-Laurel Regional,"Hattiesburg/Laurel, MS",United States,Mississippi,31.46722222,-89.33694444,1
14110,PIC,Pine Cay British West Indies,"Pine Cay, Turks and Caicos Islands",Turks and Caicos Islands,,21.88333333,-72.1,1
14111,PID,Nassau-Paradise Island,"Nassau/Paradise Island, The Bahamas",The Bahamas,,25.08333333,-77.3,1
14112,PIE,St Pete Clearwater International,"St. Petersburg, FL",United States,Florida,27.90861111,-82.68638889,1
14113,PIH,Pocatello Regional,"Pocatello, ID",United States,Idaho,42.89861111,-112.605,1
14114,PII,Phillips Field,"Fairbanks, AK",United States,Alaska,64.85,-147.78666667,1
14115,PIK,Prestwick,"Glasgow/Prestwick, United Kingdom",United Kingdom,,55.50333333,-4.57583333,1
14116,PIM,Harris County,"Pine Mountain, GA",United States,Georgia,32.84055556,-84.8825,1
14117,PIN,Parintins Airport,"Parintins, Brazil",Brazil,,-2.67361111,-56.7775,1
14118,PIO,Pisco International,"Pisco, Peru",Peru,,-13.74472222,-76.22027778,1
14119,PIP,Pilot Point Airport,"Pilot Point, AK",United States,Alaska,57.58027778,-157.57194444,1
14120,PIR,Pierre Regional,"Pierre, SD",United States,South Dakota,44.38638889,-100.29583333,1
14121,PIS,Poitiers Biard,"Poitiers, France",France,,46.58861111,0.30805556,1
14122,PIT,Pittsburgh International,"Pittsburgh, PA",United States,Pennsylvania,40.49138889,-80.23277778,1
14123,PIU,Capitan FAP Guillermo Concha Iberico,"Piura, Peru",Peru,,-5.20583333,-80.61638889,1
14124,PIX,Pico,"Pico Island, Portugal",Portugal,,38.55444444,-28.44138889,1
14125,PIZ,Point Lay LRRS,"Point Lay, AK",United States,Alaska,69.73277778,-163.00527778,1
14126,PJB,Payson Airport,"Payson, AZ",United States,Arizona,34.25694444,-111.33916667,1
14127,PJG,Panjgur Airport,"Panjgur, Pakistan",Pakistan,,26.95444444,64.1325,1
14128,PJM,Puerto Jimenez Airport,"Puerto Jimenez, Costa Rica",Costa Rica,,8.53555556,-83.30111111,1
14129,PJS,Port San Juan Airport,"Port San Juan, AK",United States,Alaska,60.05,-148.06666667,1
14130,PKA,Napaskiak Airport,"Napaskiak, AK",United States,Alaska,60.70277778,-161.77833333,1
14131,PKB,Mid-Ohio Valley Regional,"Parkersburg, WV",United States,West Virginia,39.345,-81.43916667,1
14132,PKC,Yelizovo,"Petropavlovsk-Kamchatsky, Russia",Russia,,53.16944444,158.45055556,1
14133,PKD,Park Rapids Municipal-Konshok Field,"Park Rapids, MN",United States,Minnesota,46.90111111,-95.07305556,1
14134,PKE,Parkes Airport,"Parkes, Australia",Australia,,-33.13111111,148.24111111,1
14135,PKH,Porto Heli,"Porto-Kheli, Greece",Greece,,37.29861111,23.14944444,1
14136,PKK,Pakhokku,"Pakokku, Burma",Burma,,21.40527778,95.11138889,1
14138,PKR,Pokhara Airport,"Pokhara, Nepal",Nepal,,28.20111111,83.98166667,1
14139,PKU,Simpang Tiga,"Pekanbaru, Indonesia",Indonesia,,0.46416667,101.43861111,1
14140,PKW,Selebi-Phikwe Airport,"Selebi-Phikwe, Botswana",Botswana,,-22.05833333,27.82888889,1
14141,PKZ,Pakse International,"Pakse, Laos",Laos,,15.13472222,105.77972222,1
14142,PLA,Planadas Airport,"Planadas, Colombia",Colombia,,3.3,-75.7,1
14143,PLB,Clinton County,"Plattsburgh, NY",United States,New York,44.68833333,-73.52111111,1
14144,PLC,Planeta Rica Airport,"Planeta Rica, Colombia",Colombia,,8.39583333,-75.57638889,1
14145,PLH,Plymouth Airport,"Plymouth, United Kingdom",United Kingdom,,50.42277778,-4.10583333,1
14147,PLK,M Graham Clark Downtown,"Point Lookout, MO",United States,Missouri,36.62583333,-93.22888889,1
14148,PLL,Campo Ponta Pelada,"Ponta Pelada, Brazil",Brazil,,-3.14583333,-59.98611111,1
14149,PLM,Sultan Mahmud Badaruddin II,"Palembang, Indonesia",Indonesia,,-2.8975,104.69777778,1
14150,PLN,Pellston Regional Emmet County,"Pellston, MI",United States,Michigan,45.57083333,-84.79666667,1
14151,PLO,Port Lincoln Airport,"Port Lincoln, Australia",Australia,,-34.605,135.87944444,1
14152,PLQ,Palanga International,"Palanga, Lithuania",Lithuania,,55.97305556,21.09388889,1
14153,PLS,Providenciales International,"Providenciales, Turks and Caicos Islands",Turks and Caicos Islands,,21.77388889,-72.26861111,1
14154,PLT,Las Flores,"Plato, Colombia",Colombia,,9.80111111,-74.78638889,1
14155,PLU,Pampulha Carlos Drummond de Andrade,"Belo Horizonte, Brazil",Brazil,,-19.85083333,-43.95,1
14156,PLW,Palu Celebes-Mutiara Indon.,"Palu, Indonesia",Indonesia,,-0.91666667,119.9,1
14157,PLY,Plymouth Municipal,"Plymouth, IN",United States,Indiana,41.365,-86.30027778,1
14158,PLZ,Chief Dawid Stuurman International,"Port Elizabeth, South Africa",South Africa,,-33.985,25.61722222,1
14159,PMA,Pemba,"Pemba Island, Tanzania",Tanzania,,-5.25722222,39.81138889,1
14160,PMB,Pembina Municipal,"Pembina, ND",United States,North Dakota,48.9425,-97.24055556,1
14161,PMC,El Tepual International,"Puerto Montt, Chile",Chile,,-41.43888889,-73.09388889,1
14162,PMD,Palmdale USAF Plant 42,"Palmdale, CA",United States,California,34.62944444,-118.08444444,1
14163,PMF,Parma Airport,"Parma, Italy",Italy,,44.82666667,10.29722222,1
14164,PMG,Ponta Pora International,"Ponta Pora, Brazil",Brazil,,-22.54972222,-55.7025,1
14165,PMH,Greater Portsmouth Regional,"Portsmouth, OH",United States,Ohio,38.84055556,-82.84722222,1
14166,PMI,Palma de Mallorca,"Palma Mallorca, Spain",Spain,,39.55166667,2.73666667,1
14167,PML,Port Moller Airport,"Port Moller, AK",United States,Alaska,56.00611111,-160.56083333,1
14168,PMO,Palermo Airport,"Palermo, Italy",Italy,,38.18027778,13.10388889,1
14169,PMP,Pimaga Airport,"Pimaga, Papua New Guinea",Papua New Guinea,,-6.49861111,143.51055556,1
14170,PMQ,Perito Moreno Airport,"Perito Moreno, Argentina",Argentina,,-46.53777778,-70.97861111,1
14171,PMR,Palmerston North,"Palmerston, New Zealand",New Zealand,,-40.31972222,175.61444444,1
14172,PMS,Palmyra Airport,"Palmyra, Syria",Syria,,34.55722222,38.3,1
14173,PMU,Paimiut Airport,"Paimiut, AK",United States,Alaska,61.96666667,-160.23333333,1
14174,PMV,General Santiago Marino International,"Porlamar, Venezuela",Venezuela,,10.91333333,-63.9675,1
14175,PMW,Palmas Airport,"Palmas, Brazil",Brazil,,-10.20472222,-48.34361111,1
14176,PMY,Puerto Madryn,"El Tehuelche, Argentina",Argentina,,-42.79444444,-65.01972222,1
14177,PMZ,Palmar Sur,"Palmar, Costa Rica",Costa Rica,,8.95111111,-83.46861111,1
14178,PNA,Pamplona Airport,"Pamplona, Spain",Spain,,42.77027778,-1.64638889,1
14179,PNB,Porto Nacional Airport,"Porto Nacional, Brazil",Brazil,,-10.71833333,-48.39916667,1
14180,PNC,Ponca City Regional,"Ponca City, OK",United States,Oklahoma,36.73194444,-97.09972222,1
14181,PND,Punta Gorda Airport,"Punta Gorda, Belize",Belize,,16.10222222,-88.80833333,1
14182,PNE,Northeast Philadelphia,"Philadelphia, PA",United States,Pennsylvania,40.08222222,-75.01333333,1
14183,PNF,Peterson's Point Airport,"Peterson's Point, AK",United States,Alaska,58.68333333,-156.83333333,1
14184,PNG,Paranagua Airport,"Paranagua, Brazil",Brazil,,-25.54027778,-48.53111111,1
14185,PNH,Phnom Penh International,"Phnom Penh, Cambodia",Cambodia,,11.54666667,104.84416667,1
14186,PNI,Pohnpei International,"Pohnpei, Federated States of Micronesia",Federated States of Micronesia,,6.985,158.20972222,1
14187,PNK,Supadio,"Pontianak, Indonesia",Indonesia,,-0.15222222,109.40444444,1
14188,PNL,Pantelleria Airport,"Pantelleria, Italy",Italy,,36.81444444,11.96638889,1
14189,PNO,Pinotepa Nacional,"Pinotepa, Mexico",Mexico,,16.35083333,-98.06277778,1
14190,PNP,Girua,"Popondetta, Papua New Guinea",Papua New Guinea,,-8.80444444,148.30888889,1
14191,PNQ,Pune Airport,"Pune, India",India,,18.58222222,73.91833333,1
14192,PNR,Antonio Agostinho Neto,"Pointe Noire, Congo (Brazaville)",Congo (Brazaville),,-4.81611111,11.88666667,1
14193,PNS,Pensacola International,"Pensacola, FL",United States,Florida,30.47277778,-87.18805556,1
14194,PNX,Sherman-Denison Airport,"Sherman-Denison, TX",United States,Texas,33.7,-96.66666667,1
14195,PNZ,Petrolina Airport,"Petrolina, Brazil",Brazil,,-9.39333333,-40.49055556,1
14196,POA,Salgado Filho International,"Porto Alegre, Brazil",Brazil,,-29.99472222,-51.16638889,1
14197,POB,Pope AAF,"Fayetteville, NC",United States,North Carolina,35.17083333,-79.01444444,1
14198,POC,Brackett Field,"La Verne, CA",United States,California,34.09166667,-117.78166667,1
14199,POD,Port Frederick Airport,"Port Frederick, AK",United States,Alaska,58.11666667,-135.5,1
14200,POE,Maks AAF,"Fort Polk, LA",United States,Louisiana,31.04777778,-93.19388889,1
14201,POF,Hayes Field,"Poplar Bluff, MO",United States,Missouri,36.71111111,-90.31388889,1
14202,POG,Port Gentil Airport,"Port Gentil, Gabon",Gabon,,-0.71472222,8.75305556,1
14203,POH,Pocahontas Municipal,"Pocahontas, IA",United States,Iowa,42.74277778,-94.64722222,1
14204,POI,Capitan Nicolas Rojas,"Potosi, Bolivia",Bolivia,,-19.54333333,-65.72388889,1
14205,POL,Pemba Airport,"Pemba, Mozambique",Mozambique,,-12.99333333,40.52472222,1
14206,POM,Port Moresby International,"Port Moresby, Papua New Guinea",Papua New Guinea,,-9.44055556,147.21833333,1
14207,POP,Gregorio Luperon International,"Puerto Plata, Dominican Republic",Dominican Republic,,19.75777778,-70.57,1
14208,POQ,Polk Inlet Airport,"Polk Inlet, AK",United States,Alaska,55.2,-132.23333333,1
14209,POR,Pori Airport,"Pori, Finland",Finland,,61.46166667,21.8,1
14210,POS,Piarco,"Port of Spain, Trinidad and Tobago",Trinidad and Tobago,,10.59527778,-61.33722222,1
14211,POT,Ken Jones,"Port Antonio, Jamaica",Jamaica,,18.19888889,-76.53472222,1
14212,POU,Hudson Valley Regional,"Poughkeepsie, NY",United States,New York,41.62666667,-73.88416667,1
14213,POW,Portoroz Airport,"Portoroz, Slovenia",Slovenia,,45.4725,13.61555556,1
14214,POX,Pontoise Cormeilles en Vexin,"Pontoise, France",France,,49.09666667,2.04083333,1
14215,POY,Powell Municipal,"Powell, WY",United States,Wyoming,44.86722222,-108.79333333,1
14216,POZ,Lawica,"Poznan, Poland",Poland,,52.42166667,16.82361111,1
14217,PPB,A. de Barros,"Pres. Prudente, Brazil",Brazil,,-22.1,-51.45,1
14218,PPC,Prospect Creek Airport,"Prospect Creek, AK",United States,Alaska,66.81416667,-150.64361111,1
14219,PPD,Palmas del Mar Airstrip,"Humacao, PR",United States,Puerto Rico,18.15,-65.83333333,1
14220,PPE,Puerto Penasco Airport,"Puerto Penasco, Mexico",Mexico,,31.35194444,-113.52583333,1
14221,PPF,Tri City,"Parsons, KS",United States,Kansas,37.33083333,-95.50611111,1
14222,PPG,Pago Pago International,"Pago Pago, TT",United States,U.S. Pacific Trust Territories and Possessions,-14.33166667,-170.71138889,1
14223,PPM,Pompano Beach Airpark,"Pompano Beach, FL",United States,Florida,26.24722222,-80.11111111,1
14224,PPN,Machangara,"Popayan, Colombia",Colombia,,2.45,-76.60888889,1
14225,PPO,Powell Point Airport,"Powell Point, The Bahamas",The Bahamas,,24.83333333,-76.33333333,1
14226,PPP,Proserpine Whitsunday Coast,"Proserpine, Australia",Australia,,-20.49444444,148.55194444,1
14227,PPS,Puerto Princesa International,"Puerto Princesa, Philippines",Philippines,,9.74222222,118.75861111,1
14228,PPT,Tahiti Faa'a,"Papeete, French Polynesia",French Polynesia,,-17.55361111,-149.60722222,1
14229,PPV,Port Protection Airport,"Port Protection, AK",United States,Alaska,56.32916667,-133.60833333,1
14230,PPZ,Puerto Paez Airport,"Puerto Paez, Venezuela",Venezuela,,6.22055556,-67.44916667,1
14231,PQI,Presque Isle International,"Presque Isle/Houlton, ME",United States,Maine,46.685,-68.04694444,1
14232,PQM,Palenque Airport,"Palenque, Mexico",Mexico,,17.53305556,-92.01555556,1
14233,PQQ,Port Macquarie Airport,"Port Macquarie, Australia",Australia,,-31.43583333,152.86194444,1
14234,PQS,Pilot Station Airport,"Pilot Station, AK",United States,Alaska,61.96138889,-162.94222222,1
14235,PRA,General Urquiza,"Parana, Argentina",Argentina,,-31.79472222,-60.48027778,1
14236,PRB,Paso Robles Municipal,"Paso Robles, CA",United States,California,35.67805556,-120.6275,1
14237,PRC,Prescott Regional Ernest A Love Field,"Prescott, AZ",United States,Arizona,34.65472222,-112.41916667,1
14238,PRD,Pine Ridge Airport,"Pine Ridge, SD",United States,South Dakota,43.02361111,-102.51666667,1
14239,PRG,Ruzyne,"Prague, Czech Republic",Czech Republic,,50.10777778,14.24583333,1
14240,PRI,Praslin Airport,"Praslin, Seychelles",Seychelles,,-4.31916667,55.69166667,1
14241,PRJ,Capri Airport,"Capri, Italy",Italy,,40.55,14.25,1
14243,PRN,Pristina International,"Pristina, Kosovo",Kosovo,,42.57166667,21.03611111,1
14244,PRT,Coast Guard Heliport,"Point Retreat, AK",United States,Alaska,58.41083333,-134.95638889,1
14245,PRU,Pyay Airport,"Pyay, Burma",Burma,,18.82472222,95.26583333,1
14246,PRV,Prerov Airport,"Prerov, Czech Republic",Czech Republic,,49.42583333,17.40472222,1
14247,PRX,Cox Field,"Paris, TX",United States,Texas,33.63666667,-95.45083333,1
14248,PRY,Wonderboom,"Pretoria, South Africa",South Africa,,-25.65361111,28.225,1
14249,PRZ,Prineville Airport,"Prineville, OR",United States,Oregon,44.28777778,-120.90555556,1
14250,PSA,Pisa Airport,"Pisa, Italy",Italy,,43.68388889,10.39277778,1
14251,PSB,Mid State,"Philipsburg, PA",United States,Pennsylvania,40.88444444,-78.08722222,1
14252,PSC,Tri Cities,"Pasco/Kennewick/Richland, WA",United States,Washington,46.26472222,-119.11888889,1
14253,PSD,Port Said Airport,"Port Said, Egypt",Egypt,,31.27944444,32.24,1
14254,PSE,Mercedita,"Ponce, PR",United States,Puerto Rico,18.00888889,-66.56444444,1
14255,PSF,Pittsfield Municipal,"Pittsfield, MA",United States,Massachusetts,42.4275,-73.29083333,1
14256,PSG,Petersburg James A Johnson,"Petersburg, AK",United States,Alaska,56.80138889,-132.94611111,1
14257,PSI,Pasni Airport,"Pasni, Pakistan",Pakistan,,25.29027778,63.34444444,1
14258,PSK,New River Valley,"Dublin, VA",United States,Virginia,37.13722222,-80.67861111,1
14259,PSM,Portsmouth International at Pease,"Portsmouth, NH",United States,New Hampshire,43.07805556,-70.82333333,1
14260,PSN,Palestine Municipal,"Palestine, TX",United States,Texas,31.77972222,-95.70638889,1
14261,PSO,Pasto Airport,"Pasto, Colombia",Colombia,,1.46666667,-77.25,1
14262,PSP,Palm Springs International,"Palm Springs, CA",United States,California,33.82972222,-116.50666667,1
14263,PSR,Pescara Airport,"Pescara, Italy",Italy,,42.43111111,14.18305556,1
14264,PSS,Posadas Airport,"Posadas, Argentina",Argentina,,-27.38583333,-55.97055556,1
14265,PSX,Palacios Municipal,"Palacios, TX",United States,Texas,28.7275,-96.25083333,1
14266,PSY,Stanley Airport,"Stanley, Falkland Islands (Islas Malvinas)",Falkland Islands (Islas Malvinas),,-51.68611111,-57.78166667,1
14267,PSZ,Tte Av Salvador Ogaya G International,"Puerto Suarez, Bolivia",Bolivia,,-18.97527778,-57.82055556,1
14268,PTA,Port Alsworth Airport,"Port Alsworth, AK",United States,Alaska,60.20444444,-154.31888889,1
14269,PTC,Port Alice Airport,"Port Alice, AK",United States,Alaska,55.78333333,-133.6,1
14270,PTD,Port Alexander Airport,"Port Alexander, AK",United States,Alaska,56.24722222,-134.64638889,1
14271,PTF,Malolo Lailai Airport,"Malolo Lailai, Fiji",Fiji,,-17.77805556,177.19666667,1
14272,PTG,Polokwane International,"Polokwane, South Africa",South Africa,,-23.84527778,29.45861111,1
14273,PTH,Port Heiden Airport,"Port Heiden, AK",United States,Alaska,56.95916667,-158.63333333,1
14274,PTJ,Portland Airport,"Portland, Australia",Australia,,-38.31805556,141.47111111,1
14275,PTK,Oakland County International,"Pontiac, MI",United States,Michigan,42.66555556,-83.41833333,1
14276,PTL,Port Armstrong Airport,"Port Armstrong, AK",United States,Alaska,56.29611111,-134.66138889,1
14277,PTN,Harry P Williams Memorial,"Patterson, LA",United States,Louisiana,29.70944444,-91.33888889,1
14278,PTP,Guadeloupe Maryse Conde,"Pointe A Pitre, Guadeloupe",Guadeloupe,,16.26527778,-61.53222222,1
14279,PTR,Pleasant Harbour Airport,"Pleasant Harbour, AK",United States,Alaska,57.83333333,-153.25,1
14280,PTS,Atkinson Municipal,"Pittsburg, KS",United States,Kansas,37.45,-94.73111111,1
14281,PTT,Pratt Regional,"Pratt, KS",United States,Kansas,37.7025,-98.74694444,1
14282,PTU,Platinum Airport,"Platinum, AK",United States,Alaska,59.01777778,-161.82722222,1
14283,PTV,Porterville Municipal,"Porterville, CA",United States,California,36.02944444,-119.06277778,1
14284,PTW,Heritage Field,"Pottstown, PA",United States,Pennsylvania,40.23944444,-75.55666667,1
14285,PTX,Contador,"Pitalito, Colombia",Colombia,,1.85777778,-76.08611111,1
14286,PTY,Tocumen International,"Panama City, Panama",Panama,,9.07138889,-79.38333333,1
14287,PTZ,Rio Amazonas,"Pastaza, Ecuador",Ecuador,,-1.50527778,-78.06277778,1
14288,PUB,Pueblo Memorial,"Pueblo, CO",United States,Colorado,38.29,-104.49805556,1
14289,PUC,Carbon County Regional/Buck Davis Field,"Price, UT",United States,Utah,39.61388889,-110.75166667,1
14290,PUD,Puerto Deseado Airport,"Puerto Deseado, Argentina",Argentina,,-47.73527778,-65.90416667,1
14291,PUF,Pau Pyrenees,"Pau, France",France,,43.38111111,-0.42083333,1
14292,PUG,Port Augusta Airport,"Port Augusta, Australia",Australia,,-32.50694444,137.71666667,1
14293,PUJ,Punta Cana International,"Punta Cana, Dominican Republic",Dominican Republic,,18.57083333,-68.36611111,1
14294,PUK,Pukarua Airport,"Pukarua, French Polynesia",French Polynesia,,-18.29583333,-137.01611111,1
14295,PUL,Port of Poulsbo Marina Moorage Seaplane Base,"Poulsbo, WA",United States,Washington,47.73388889,-122.64722222,1
14296,PUO,Prudhoe Bay Airport,"Prudhoe Bay, AK",United States,Alaska,70.25194444,-148.34277778,1
14297,PUQ,Carlos Ibanez del Campo International,"Punta Arenas, Chile",Chile,,-53.00277778,-70.85361111,1
14298,PUR,Puerto Rico Airport,"Puerto Rico, Bolivia",Bolivia,,-11.1125,-67.52,1
14299,PUS,Gimhae International,"Busan, South Korea",South Korea,,35.18055556,128.93805556,1
14300,PUT,Puttaprathe,"Puttaparthi, India",India,,14.13333333,77.78333333,1
14301,PUU,Puerto Asis Airport,"Puerto Asis, Colombia",Colombia,,0.53333333,-76.53333333,1
14302,PUV,Poum Sommet,"Poum, New Caledonia",New Caledonia,,-20.26666667,164.03333333,1
14303,PUW,Pullman Moscow Regional,"Pullman, WA",United States,Washington,46.74166667,-117.11166667,1
14304,PUY,Pula Airport,"Pula, Croatia",Croatia,,44.89361111,13.92222222,1
14305,PUZ,Puerto Cabezas Airport,"Puerto Cabezas, Nicaragua",Nicaragua,,14.04611111,-83.38694444,1
14306,PVC,Provincetown Municipal,"Provincetown, MA",United States,Massachusetts,42.07222222,-70.22083333,1
14307,PVD,Rhode Island Tf Green International,"Providence, RI",United States,Rhode Island,41.72222222,-71.42777778,1
14308,PVF,Placerville Airport,"Placerville, CA",United States,California,38.72416667,-120.75333333,1
14309,PVG,Pudong,"Shanghai, China",China,,31.14416667,121.7925,1
14310,PVH,Governador Jorge Teixeira de Oliveira,"Porto Velho, Brazil",Brazil,,-8.70916667,-63.90222222,1
14311,PVK,Aktion,"Preveza, Greece",Greece,,38.92555556,20.76472222,1
14312,PVR,Puerto Vallarta International,"Puerto Vallarta, Mexico",Mexico,,20.68,-105.25416667,1
14313,PVS,Provideniya Bay,"Provideniya, Russia",Russia,,64.37916667,-173.2425,1
14314,PVU,Provo Municipal,"Provo, UT",United States,Utah,40.21888889,-111.7225,1
14315,PVW,Hale County,"Plainview, TX",United States,Texas,34.16805556,-101.71722222,1
14316,PVY,Pope Vanoy Airport,"Pope Vanoy, AK",United States,Alaska,59.31666667,-154.91666667,1
14317,PVZ,Casement,"Painesville, OH",United States,Ohio,41.73527778,-81.22055556,1
14318,PWA,Wiley Post,"Oklahoma City, OK",United States,Oklahoma,35.53388889,-97.64722222,1
14319,PWE,Pevek Airport,"Pevek, Russia",Russia,,69.78333333,170.59694444,1
14320,PWK,Chicago Executive,"Chicago, IL",United States,Illinois,42.11416667,-87.90166667,1
14321,PWM,Portland International Jetport,"Portland, ME",United States,Maine,43.64555556,-70.30861111,1
14322,PWR,Big and Little Port Walter,"Big Port Walter, AK",United States,Alaska,56.38333333,-134.65,1
14323,PWT,Bremerton National,"Bremerton, WA",United States,Washington,47.49027778,-122.76472222,1
14324,PXM,Puerto Escondido International,"Puerto Escondido, Mexico",Mexico,,15.87694444,-97.08916667,1
14325,PXO,Porto Santo Airport,"Porto Santo, Portugal",Portugal,,33.07333333,-16.35,1
14326,PXU,Pleiku Airport,"Pleiku, Vietnam",Vietnam,,14.00444444,108.01472222,1
14327,PYA,Port Ashton Airport,"Port Ashton, AK",United States,Alaska,60.0575,-148.05111111,1
14328,PYB,Jeypore Airport,"Jeypore, India",India,,18.88027778,82.55222222,1
14329,PYH,Puerto Ayacucho Airport,"Puerto Ayacucho, Venezuela",Venezuela,,5.6,-67.56666667,1
14330,PYJ,Polyarnyj Airport,"Polyarnyj, Russia",Russia,,66.41666667,112.05,1
14331,PYL,Perry Island Seaplane Base,"Perry Island, AK",United States,Alaska,60.68583333,-147.91666667,1
14332,PYM,Plymouth Municipal,"Plymouth, MA",United States,Massachusetts,41.90888889,-70.7275,1
14333,PYR,Andravida,"Pyrgos, Greece",Greece,,37.92,21.29138889,1
14334,PZA,Paz de Ariporo Airport,"Paz de Ariporo, Colombia",Colombia,,5.87611111,-71.88666667,1
14335,PZB,Pietermaritzburg Airport,"Pietermaritzburg, South Africa",South Africa,,-29.64944444,30.39916667,1
14336,PZE,Penzance Airport,"Penzance, United Kingdom",United Kingdom,,50.11194444,-5.51611111,1
14337,PZO,General Manuel Carlos Piar,"Puerto Ordaz, Venezuela",Venezuela,,8.28861111,-62.76027778,1
14338,PZU,Port Sudan Airport,"Port Sudan, Sudan",Sudan,,19.43361111,37.23416667,1
14339,PZY,Piestany Airport,"Piestany, Slovakia",Slovakia,,48.625,17.82861111,1
14341,QAF,Jackpot/Hayden Field,"Jackpot, NV",United States,Nevada,41.97583333,-114.65805556,1
14343,QAH,Centro de Lancamento de Alcantara,"Alcantara, Brazil",Brazil,,-2.37305556,-44.39638889,1
14344,QAJ,San Carlos Apache,"Globe, AZ",United States,Arizona,33.35305556,-110.66722222,1
14345,QAK,Erie Ottawa International,"Port Clinton, OH",United States,Ohio,41.51638889,-82.86944444,1
14346,QAL,Kelleys Island Land Field,"Kelleys Island, OH",United States,Ohio,41.60305556,-82.685,1
14347,LLX,Caledonia County,"Lyndonville, VT",United States,Vermont,44.56916667,-72.01805556,1
14348,QAS,Astrodomain Helipad,"Houston, TX",United States,Texas,29.67777778,-95.41194444,1
14352,QAX,Marina del Ray Airport,"Marina del Ray, CA",United States,California,33.96666667,-118.45,1
14355,QBC,Bella Coola Airport,"Bella Coola, Canada",Canada,British Columbia,52.3875,-126.59583333,1
14358,QBH,Jackass Aeropark,"Lathrop Wells, NV",United States,Nevada,36.63472222,-116.4125,1
14359,QBI,Oman Ranch,"Green River, UT",United States,Utah,38.78055556,-110.32916667,1
14360,QBM,Put-In-Bay Airport,"Put-In-Bay, OH",United States,Ohio,41.63666667,-82.82833333,1
14361,QBN,Middle Bass Island Airport,"Middle Bass Island, OH",United States,Ohio,41.68833333,-82.80805556,1
14365,QBT,Indian Creek Usfs,"Indian Creek, ID",United States,Idaho,44.76111111,-115.10722222,1
14366,QBX,Abilene Airport,"Abilene, KS",United States,Kansas,38.9,-97.23333333,1
14367,QBY,North Bass Island Airport,"North Bass Island, OH",United States,Ohio,41.71805556,-82.82111111,1
14368,QC1,Mont Laurier Airport,"Mont Laurier, Canada",Canada,Quebec,46.56472222,-75.57611111,1
14371,CJR,Culpeper Regional,"Culpeper, VA",United States,Virginia,38.52555556,-77.85972222,1
14373,ZBR,Konarak,"Chah Bahar, Iran",Iran,,25.44333333,60.38222222,1
14375,QCT,Levelland Airport,"Levelland, TX",United States,Texas,33.55,-102.36666667,1
14377,QCW,Crane Island Airport,"Crane Island, WA",United States,Washington,48.6,-123.0,1
14378,QCX,Blue Ridge,"Martinsville, VA",United States,Virginia,36.62972222,-80.01666667,1
14379,QDC,Dracena Airport,"Dracena, Brazil",Brazil,,-21.46055556,-51.60694444,1
14380,DMM,King Fahd International,"Dammam, Saudi Arabia",Saudi Arabia,,26.47111111,49.79777778,1
14383,QEM,Emerald Bay Airport,"Emerald Bay, CA",United States,California,33.55833333,-117.71111111,1
14384,QFD,Boufarik Airport,"Boufarik, Algeria",Algeria,,36.54583333,2.87638889,1
14386,QFX,Camp Fox,"Avalon, CA",United States,California,33.40027778,-118.38333333,1
14387,QGS,Grognet Seaplane Base,"Houghton, MI",United States,Michigan,47.16666667,-88.5,1
14388,QHI,Astroworld Helipad,"Houston, TX",United States,Texas,29.68361111,-95.5,1
14391,QHO,Houston Metro-/Ho,"Houston, TX",United States,Texas,29.81416667,-95.30916667,1
14392,QIR,Isle Royale National Park,"Isle Royale Park, MI",United States,Michigan,47.83333333,-88.83333333,1
14393,QJB,Jubail Airport,"Jubail, Saudi Arabia",Saudi Arabia,,27.03888889,49.405,1
14395,QKV,Kona Keahole,"Kona Village, HI",United States,Hawaii,19.64722222,-156.01194444,1
14397,QMA,Cobb County International McCollum Field,"Kennesaw, GA",United States,Georgia,34.01305556,-84.59694444,1
14399,QMH,Marriot Helipad Hou.,"Houston, TX",United States,Texas,29.69777778,-95.4075,1
14400,QMN,Mansfield Municipal,"Mansfield, MA",United States,Massachusetts,42.00083333,-71.19805556,1
14403,QNE,Aeroclube de Rio Negrinho,"Rio Negrinho, Brazil",Brazil,,-26.32138889,-49.52138889,1
14406,QOR,Orange County,"Orange, VA",United States,Virginia,38.24666667,-78.04722222,1
14408,QPG,Paya Lebar,"Singapore, Singapore",Singapore,,1.36055556,103.90944444,1
14409,QPO,Post Oak Manor,"Houston, TX",United States,Texas,29.74111111,-95.45638889,1
14410,QPT,Pittsfield Municipal,"Pittsfield, ME",United States,Maine,44.76861111,-69.37444444,1
14412,QQB,Keyes Point Airport,"Keyes Point, AK",United States,Alaska,60.15,-154.61666667,1
14413,QQC,Nimiuk Point Airport,"Nimiuk Point, AK",United States,Alaska,66.78333333,-162.01666667,1
14414,QQD,Nashua Street Heliport,"Boston, MA",United States,Massachusetts,42.3675,-71.06666667,1
14415,QQE,Sealing Point Airport,"Sealing Point, AK",United States,Alaska,67.11666667,-163.75,1
14417,QQG,Carroll County Regional/Jack B. Poage Field,"Westminster, MD",United States,Maryland,39.60833333,-77.00777778,1
14420,QQJ,Stevensville Airport,"Stevensville, MT",United States,Montana,46.525,-114.05277778,1
14422,QQL,Boundary County,"Bonners Ferry, ID",United States,Idaho,48.72583333,-116.29527778,1
14423,QQM,Shingletown Airport,"Shingletown, CA",United States,California,40.52222222,-121.81666667,1
14424,QQN,Woodlake Airport,"Woodlake, CA",United States,California,36.39888889,-119.10694444,1
14427,QQQ,Nevada County,"Grass Valley, CA",United States,California,39.22416667,-121.0025,1
14430,QQT,Atlanta Regional Falcon Field,"Peachtree City, GA",United States,Georgia,33.35777778,-84.5725,1
14431,QQU,Window Rock Airport,"Window Rock, AZ",United States,Arizona,35.65194444,-109.0675,1
14432,QQV,Lupin Airport,"Lupin, Canada",Canada,Northwest Territories,65.75916667,-111.25138889,1
14434,QQX,Healdsburg Municipal,"Healdsburg, CA",United States,California,38.65277778,-122.89861111,1
14435,QQY,San Marcos Regional,"San Marcos, TX",United States,Texas,29.89277778,-97.86277778,1
14438,QRD,Redondo Beach Airport,"Redondo Beach, CA",United States,California,33.81694444,-118.36666667,1
14440,QRO,Queretaro International,"Queretaro, Mexico",Mexico,,20.62388889,-100.36888889,1
14441,QSO,Southbridge Municipal,"Southbridge, MA",United States,Massachusetts,42.10111111,-72.03888889,1
14444,WPO,North Fork Valley,"Paonia, CO",United States,Colorado,38.83138889,-107.64583333,1
14446,RAB,Tokua,"Rabaul, Papua New Guinea",Papua New Guinea,,-4.34055556,152.37972222,1
14447,RAC,Batten International,"Racine, WI",United States,Wisconsin,42.76111111,-87.81388889,1
14448,RAD,Roadtown Seaplane Base,"Tortola, British Virgin Islands",British Virgin Islands,,18.42777778,-64.62083333,1
14449,RAE,Arar Airport,"Arar, Saudi Arabia",Saudi Arabia,,30.90666667,41.13833333,1
14450,RAH,Rafha Airport,"Rafha, Saudi Arabia",Saudi Arabia,,29.62638889,43.49055556,1
14451,RAI,Praia International,"Praia, Cape Verde",Cape Verde,,14.94111111,-23.48472222,1
14452,RAJ,Rajkot Airport,"Rajkot, India",India,,22.30944444,70.77972222,1
14453,RAK,Menara,"Marrakech, Morocco",Morocco,,31.60694444,-8.03638889,1
14454,RAL,Riverside Municipal,"Riverside, CA",United States,California,33.95194444,-117.445,1
14455,RAN,Ravenna Airport,"Ravenna, Italy",Italy,,44.36444444,12.225,1
14456,RAO,Leite Lopes,"Ribeirao Preto, Brazil",Brazil,,-21.13416667,-47.77416667,1
14457,RAP,Rapid City Regional,"Rapid City, SD",United States,South Dakota,44.04888889,-103.06138889,1
14458,RAR,Rarotonga International,"Avarua, Cook Islands",Cook Islands,,-21.2025,-159.80555556,1
14459,RAS,Sardar E Jangal,"Rasht, Iran",Iran,,37.32555556,49.60555556,1
14460,RAT,Raduzhnyi Airport,"Raduzhnyi, Russia",Russia,,62.15861111,77.32861111,1
14461,RAX,Greely Helipad,"Red Bank, NJ",United States,New Jersey,40.31694444,-74.03805556,1
14462,RAZ,Rawalakot,"Rawala Kot, Pakistan",Pakistan,,33.84972222,73.79805556,1
14463,RBA,Rabat/Sale International,"Rabat, Morocco",Morocco,,34.05138889,-6.75166667,1
14464,RBB,Randy Field,"Ugashik, AK",United States,Alaska,57.51638889,-157.38777778,1
14465,RBD,Dallas Executive,"Dallas/Fort Worth, TX",United States,Texas,32.67916667,-96.86666667,1
14466,RBF,Big Bear City Airport,"Big Bear City, CA",United States,California,34.26388889,-116.85611111,1
14467,RBG,Roseburg Regional,"Roseburg, OR",United States,Oregon,43.23944444,-123.35583333,1
14468,RBH,Brooks Lodge Airport,"Brooks Lodge, AK",United States,Alaska,58.55,-155.8,1
14469,RBL,Red Bluff Municipal,"Red Bluff, CA",United States,California,40.15027778,-122.25222222,1
14470,RBN,Fort Jefferson Airport,"Fort Jefferson, FL",United States,Florida,24.62861111,-82.87333333,1
14471,RBO,Robore Airport,"Robore, Bolivia",Bolivia,,-18.32777778,-59.76555556,1
14472,RBR,Placido de Castro International,"Rio Branco, Brazil",Brazil,,-9.86916667,-67.89388889,1
14474,RBY,Ruby Airport,"Ruby, AK",United States,Alaska,64.72722222,-155.47,1
14475,RCA,Ellsworth AFB,"Rapid City, SD",United States,South Dakota,44.145,-103.10361111,1
14476,RCB,Richards Bay Airport,"Richards Bay, South Africa",South Africa,,-28.74111111,32.09194444,1
14477,RCE,Roche Harbor Airport,"Roche Harbor, WA",United States,Washington,48.61222222,-123.13861111,1
14478,RCH,Almirante Padilla,"Riohacha, Colombia",Colombia,,11.52611111,-72.92666667,1
14479,RCM,Richmond Airport,"Richmond, Australia",Australia,,-20.70111111,143.11361111,1
14480,RCO,Rochefort Charente Maritime,"Rochefort, France",France,,45.89055556,-0.985,1
14481,RCQ,Reconquista Airport,"Reconquista, Argentina",Argentina,,-29.21027778,-59.69083333,1
14482,RCT,Miller Field,"Reed City, MI",United States,Michigan,43.89166667,-85.51666667,1
14483,RCU,Rio Cuarto,"Rio Curato, Argentina",Argentina,,-33.16555556,-64.33166667,1
14484,RDA,Rockhampton Downs Airport,"Rockhampton Downs, Australia",Australia,,-18.95,135.2,1
14485,RDB,Red Dog Airport,"Red Dog, AK",United States,Alaska,68.03222222,-162.89916667,1
14486,RDC,Redencao Airport,"Redencao, Brazil",Brazil,,-8.03111111,-49.97972222,1
14487,RDD,Redding Regional,"Redding, CA",United States,California,40.50972222,-122.295,1
14488,RDG,Reading Regional/Carl A Spaatz Field,"Reading, PA",United States,Pennsylvania,40.37861111,-75.96527778,1
14489,RDM,Roberts Field,"Bend/Redmond, OR",United States,Oregon,44.25416667,-121.15055556,1
14490,RDR,Grand Forks AFB,"Red River, ND",United States,North Dakota,47.96138889,-97.40083333,1
14491,RDT,Richard-Toll Airport,"Richard-Toll, Senegal",Senegal,,16.43805556,-15.65722222,1
14492,RDU,Raleigh-Durham International,"Raleigh/Durham, NC",United States,North Carolina,35.87583333,-78.78555556,1
14493,RDV,Red Devil Airport,"Red Devil, AK",United States,Alaska,61.78805556,-157.35027778,1
14494,RDZ,Rodez Aveyron,"Rodez, France",France,,44.40777778,2.48277778,1
14495,REB,Redlands Municipal,"Redlands, CA",United States,California,34.08527778,-117.14638889,1
14496,REC,Guararapes Gilberto Freyre International,"Recife, Brazil",Brazil,,-8.12722222,-34.92277778,1
14497,RED,Mifflin County,"Reedsville, PA",United States,Pennsylvania,40.6775,-77.62694444,1
14498,REE,Reese AFB,"Lubbock, TX",United States,Texas,33.59638889,-102.04194444,1
14499,REG,Reggio Calabria Airport,"Reggio Calabria, Italy",Italy,,38.07111111,15.65166667,1
14500,REH,Rehoboth Aircrafters,"Rehoboth, DE",United States,Delaware,38.71944444,-75.12666667,1
14501,REK,Reykjavik Metropolitan Area,"Reykjavik, Iceland",Iceland,,64.05722222,-22.27138889,1
14502,REL,Almirante Zar,"Trelew, Argentina",Argentina,,-43.21055556,-65.27027778,1
14504,REN,Orenburg Airport,"Orenburg, Russia",Russia,,51.79583333,55.45666667,1
14505,SAI,Siem Reap International,"Siem Reap, Cambodia",Cambodia,,13.41083333,103.81222222,1
14506,RER,Retalhuleu Airport,"Retalhuleu, Guatemala",Guatemala,,14.52138889,-91.69694444,1
14507,RES,Resistencia Airport,"Resistencia, Argentina",Argentina,,-27.45,-59.05611111,1
14508,RET,Rost Airport,"Rost, Norway",Norway,,67.52638889,12.10166667,1
14509,REU,Reus Airport,"Reus, Spain",Spain,,41.1475,1.16722222,1
14510,REX,Reynosa International,"Reynosa, Mexico",Mexico,,26.00861111,-98.22833333,1
14511,REY,Reyes Airport,"Reyes, Bolivia",Bolivia,,-14.30555556,-67.35361111,1
14512,RFD,Chicago/Rockford International,"Rockford, IL",United States,Illinois,42.19527778,-89.09722222,1
14513,RFP,Raiatea Uturoa,"Raiatea, French Polynesia",French Polynesia,,-16.72305556,-151.46583333,1
14514,RGA,Rio Grande Airport,"Rio Grande, Argentina",Argentina,,-53.7775,-67.74944444,1
14515,RGI,Rangiroa,"Tuamoto Islands, French Polynesia",French Polynesia,,-14.95361111,-147.66333333,1
14516,RGL,Rio Gallegos Airport,"Rio Gallegos, Argentina",Argentina,,-51.60888889,-69.31277778,1
14517,RGN,Yangon International,"Yangon, Burma",Burma,,16.91083333,96.13555556,1
14518,RGT,Japura,"Rengat, Indonesia",Indonesia,,-0.3525,102.33444444,1
14519,RHE,Champagne,"Reims, France",France,,49.31,4.05,1
14520,RHI,Rhinelander/Oneida County,"Rhinelander, WI",United States,Wisconsin,45.63083333,-89.46666667,1
14521,RHO,Diagoras,"Rhodes, Greece",Greece,,36.40527778,28.08611111,1
14522,RIA,Santa Maria Airport,"Santa Maria, Brazil",Brazil,,-29.71138889,-53.69,1
14523,RIB,Cap Av Selin Zeitun Lopez,"Riberalta, Bolivia",Bolivia,,-11.01055556,-66.07333333,1
14524,RIC,Richmond International,"Richmond, VA",United States,Virginia,37.51722222,-77.32416667,1
14525,RID,Richmond Municipal,"Richmond, IN",United States,Indiana,39.75611111,-84.84277778,1
14526,RIE,Rice Lake Airport,"Rice Lake, WI",United States,Wisconsin,45.47916667,-91.72277778,1
14527,RIF,Richfield Municipal,"Richfield, UT",United States,Utah,38.73416667,-112.10166667,1
14528,RIG,Regional de Rio Grande,"Rio Grande, Brazil",Brazil,,-32.08333333,-52.1675,1
14529,RIJ,Rioja Airport,"Rioja, Peru",Peru,,-6.05,-77.15,1
14530,RIL,Rifle Garfield County,"Rifle, CO",United States,Colorado,39.52666667,-107.72805556,1
14531,RIO,Rio de Janeiro Metropolitan Area,"Rio de Janeiro, Brazil",Brazil,,-22.80888889,-43.22694444,1
14532,RIR,Flabob,"Riverside, CA",United States,California,33.98888889,-117.41,1
14533,RIV,March ARB,"Riverside, CA",United States,California,33.88083333,-117.25944444,1
14534,RIW,Central Wyoming Regional,"Riverton/Lander, WY",United States,Wyoming,43.06555556,-108.46055556,1
14535,RIX,Riga International,"Riga, Latvia",Latvia,,56.92083333,23.97083333,1
14536,RIY,Mukalla International,"Riyan Mukalla, Yemen",Yemen,,14.6625,49.375,1
14537,RJK,Rijeka Airport,"Rijeka, Croatia",Croatia,,45.21666667,14.57083333,1
14538,RJL,Logrono Airport,"Logrono, Spain",Spain,,42.46055556,-2.32055556,1
14539,RKD,Knox County Regional,"Rockland, ME",United States,Maine,44.06027778,-69.09972222,1
14540,RKE,Roskilde,"Copenhagen, Denmark",Denmark,,55.58555556,12.13138889,1
14541,RKP,Aransas County,"Rockport, TX",United States,Texas,28.08611111,-97.04361111,1
14542,RKR,Robert S Kerr,"Poteau, OK",United States,Oklahoma,35.02166667,-94.62138889,1
14543,RKS,Southwest Wyoming Regional,"Rock Springs, WY",United States,Wyoming,41.59416667,-109.06527778,1
14544,RKT,Ras Al Khaimah International,"Ras Al Khaimah, United Arab Emirates",United Arab Emirates,,25.61333333,55.93888889,1
14545,RKV,Reykjavik Airport,"Reykjavik, Iceland",Iceland,,64.12861111,-21.9375,1
14546,RKW,Rockwood Municipal,"Rockwood, TN",United States,Tennessee,35.92222222,-84.68972222,1
14547,RLA,Rolla Downtown,"Rolla, MO",United States,Missouri,37.93555556,-91.81361111,1
14548,RLD,Richland Airport,"Richland, WA",United States,Washington,46.30555556,-119.30416667,1
14549,RLG,Laage,"Rostock-Laage, Germany",Germany,,53.91805556,12.27916667,1
14550,RLT,Arlit Airport,"Arlit, Niger",Niger,,18.79083333,7.36555556,1
14551,RLU,Bornite Upper,"Bornite/Ruby Creek, AK",United States,Alaska,67.10166667,-156.92916667,1
14552,RMA,Roma Airport,"Roma, Australia",Australia,,-26.54416667,148.77555556,1
14553,RME,Griffiss International,"Rome, NY",United States,New York,43.23388889,-75.40694444,1
14554,RMG,Richard B Russell Regional J H Towers Field,"Rome, GA",United States,Georgia,34.35083333,-85.15861111,1
14555,RMI,Rimini Miramare,"Rimini, Italy",Italy,,44.02027778,12.61166667,1
14556,RML,Colombo International Ratmalana,"Colombo, Sri Lanka",Sri Lanka,,6.82166667,79.88611111,1
14557,RMN,Stafford Regional,"Stafford, VA",United States,Virginia,38.39916667,-77.45666667,1
14558,OMC,Ormoc Airport,"Ormoc, Philippines",Philippines,,11.05916667,124.56583333,1
14559,RMP,Rampart Airport,"Rampart, AK",United States,Alaska,65.50777778,-150.14083333,1
14560,RMQ,Taichung Ching Chuan Kang,"Taichung, Taiwan",Taiwan,,24.265,120.62083333,1
14561,RMS,Ramstein AB,"Ramstein, Germany",Germany,,49.43694444,7.60027778,1
14562,RMT,Rimatara Airport,"Rimatara, French Polynesia",French Polynesia,,-22.63722222,-152.80611111,1
14563,RNB,Ronneby Airport,"Ronneby, Sweden",Sweden,,56.26722222,15.26527778,1
14564,RNC,Warren County Memorial,"McMinnville, TN",United States,Tennessee,35.69861111,-85.84388889,1
14565,RND,Randolph AFB,"San Antonio, TX",United States,Texas,29.52888889,-98.27805556,1
14566,RNE,Roanne Airport,"Roanne, France",France,,46.05583333,4.00083333,1
14567,RNG,Rangely Airport,"Rangely, CO",United States,Colorado,40.09388889,-108.76305556,1
14568,RNI,Corn Island Airport,"Corn Island, Nicaragua",Nicaragua,,12.17472222,-83.05944444,1
14569,RNN,Bornholm Ronne,"Ronne, Denmark",Denmark,,55.06333333,14.75944444,1
14570,RNO,Reno/Tahoe International,"Reno, NV",United States,Nevada,39.49916667,-119.76805556,1
14571,RNS,Rennes Saint Jacques,"Rennes, France",France,,48.06944444,-1.73472222,1
14572,RNT,Renton Municipal,"Renton, WA",United States,Washington,47.49305556,-122.21583333,1
14573,RNU,Ranau Airport,"Ranau, Malaysia",Malaysia,,5.96111111,116.67916667,1
14574,ROA,Roanoke Blacksburg Regional,"Roanoke, VA",United States,Virginia,37.32583333,-79.97861111,1
14575,ROB,Monrovia Roberts International,"Monrovia, Liberia",Liberia,,6.23388889,-10.36222222,1
14576,ROC,Frederick Douglass Grtr Rochester International,"Rochester, NY",United States,New York,43.11916667,-77.67194444,1
14577,ROG,Rogers Executive Carter Field,"Rogers, AR",United States,Arkansas,36.3725,-94.10694444,1
14578,ROK,Rockhampton Airport,"Rockhampton, Australia",Australia,,-23.37638889,150.47388889,1
14579,ROL,Roosevelt Municipal,"Roosevelt, UT",United States,Utah,40.27833333,-110.05138889,1
14580,ROM,Rome Metropolitan Area,"Rome, Italy",Italy,,41.8,12.41611111,1
14581,ROO,Maestro Marinho Franco,"Rondonopolis, Brazil",Brazil,,-16.58611111,-54.72472222,1
14582,ROP,Benjamin Taisacan Manglona International,"Rota, TT",United States,U.S. Pacific Trust Territories and Possessions,14.17444444,145.24111111,1
14583,ROR,Palau International,"Koror, Palau",Palau,,7.36722222,134.54416667,1
14584,ROS,Rosario Airport,"Rosario, Argentina",Argentina,,-32.90361111,-60.78472222,1
14585,ROT,Rotorua Airport,"Rotorua, New Zealand",New Zealand,,-38.10777778,176.31583333,1
14586,ROU,Bulg,"Russe, Bulgaria",Bulgaria,,43.68333333,26.05,1
14587,ROV,Rostov Airport,"Rostov, Russia",Russia,,47.25833333,39.81805556,1
14588,ROW,Roswell Air Center,"Roswell, NM",United States,New Mexico,33.3,-104.52944444,1
14589,ROX,Roseau Municipal/Rudy Billberg Field,"Roseau, MN",United States,Minnesota,48.85638889,-95.69694444,1
14590,RPN,Izhak Ben Yaakov,"Rosh-Pina, Israel",Israel,,32.98083333,35.57194444,1
14591,RPR,Swami Vivekananda,"Raipur, India",India,,21.18333333,81.74416667,1
14592,RPX,Roundup Airport,"Roundup, MT",United States,Montana,46.475,-108.54333333,1
14593,RQA,Lone Pine Death Valley,"Lone Pine, CA",United States,California,36.58861111,-118.04944444,1
14594,RQB,Big Southern Butte,"Atomic City, ID",United States,Idaho,43.4325,-113.05555556,1
14595,RQC,Wheatland County at Harlowton,"Harlowton, MT",United States,Montana,46.44861111,-109.85277778,1
14596,RQD,William Robert Johnston Municipal,"Mendota, CA",United States,California,36.75861111,-120.37138889,1
14597,RQE,Prosser Airport,"Prosser, WA",United States,Washington,46.21333333,-119.79555556,1
14598,RQF,Lincolnton-Lincoln County Regional,"Lincolnton, NC",United States,North Carolina,35.48305556,-81.16138889,1
14599,RQG,Covington Municipal,"Covington, TN",United States,Tennessee,35.58333333,-89.58722222,1
14600,RQH,Pennridge,"Perkasie, PA",United States,Pennsylvania,40.38916667,-75.29055556,1
14601,RQI,Nixon Fork Mine Airport,"Nixon Fork Mine, AK",United States,Alaska,62.23388889,-154.73472222,1
14602,RQJ,King Feisal AB,"Jafr, Jordan",Jordan,,30.34416667,36.15166667,1
14603,RQK,China Lake Naws,"China Lake, CA",United States,California,35.68555556,-117.69472222,1
14604,RQL,Lowell Airport,"Lowell, IN",United States,Indiana,41.23027778,-87.50777778,1
14605,RQM,Sterling Airport,"Sterling, MA",United States,Massachusetts,42.42583333,-71.79277778,1
14606,RQN,Illinois Valley,"Cave Junction, OR",United States,Oregon,42.10361111,-123.6825,1
14607,RQO,Seneca AAF,"Seneca, NY",United States,New York,42.71527778,-76.88222222,1
14608,RQP,Lea County-Zip Franklin Memorial,"Lovington, NM",United States,New Mexico,32.95388889,-103.40888889,1
14609,RQQ,Watts/Woodland,"Woodland, CA",United States,California,38.67388889,-121.87194444,1
14610,RQR,Harbor Springs Airport,"Harbor Springs, MI",United States,Michigan,45.42555556,-84.91333333,1
14611,RQS,Springwater Barrie Airpark,"Springwater, Canada",Canada,Ontario,44.40694444,-79.73166667,1
14612,RQT,Lubbock Executive Airpark,"Lubbock, TX",United States,Texas,33.48388889,-101.81305556,1
14613,RQU,Wasco-Kern County,"Wasco, CA",United States,California,35.61972222,-119.35361111,1
14614,RQV,South Valley Regional,"Salt Lake City, UT",United States,Utah,40.61944444,-111.99277778,1
14615,RQW,Parowan Airport,"Parowan, UT",United States,Utah,37.85972222,-112.81583333,1
14616,RQX,Kit Carson County,"Burlington, CO",United States,Colorado,39.2425,-102.28527778,1
14617,RQY,Comanche County-City,"Comanche, TX",United States,Texas,31.92027778,-98.59916667,1
14618,RQZ,Hurlburt Field,"Mary Esther, FL",United States,Florida,30.42888889,-86.68888889,1
14620,RRG,Plaine Corail,"Rodrigues Island, Mauritius",Mauritius,,-19.75777778,63.36111111,1
14621,RRK,Rourkela Airport,"Rourkela, India",India,,22.25666667,84.81444444,1
14622,RRS,Roros Airport,"Roros, Norway",Norway,,62.57916667,11.34472222,1
14623,RRT,Warroad International Memorial,"Warroad, MN",United States,Minnesota,48.94138889,-95.34833333,1
14624,RSA,Santa Rosa Airport,"Santa Rosa, Argentina",Argentina,,-36.58805556,-64.27555556,1
14625,RSC,Skulte Airport,"Skulte, U.S.S.R.",U.S.S.R.,,57.36666667,24.5,1
14626,RSD,Rock Sound Airport,"Rock Sound, The Bahamas",The Bahamas,,24.89166667,-76.17777778,1
14627,RSH,Russian Mission Airport,"Russian Mission, AK",United States,Alaska,61.775,-161.31944444,1
14628,RSJ,Rosario Seaplane Base,"Rosario, WA",United States,Washington,48.63333333,-122.85,1
14629,RSL,Russell Municipal,"Russell, KS",United States,Kansas,38.87138889,-98.81166667,1
14630,RSN,Ruston Regional,"Ruston, LA",United States,Louisiana,32.51333333,-92.58833333,1
14631,RSP,Raspberry Straits,"Raspberry Strait, AK",United States,Alaska,58.03333333,-153.0,1
14632,RSS,Roseires Airport,"Roseires, Sudan",Sudan,,11.78333333,34.4,1
14633,RST,Rochester International,"Rochester, MN",United States,Minnesota,43.91,-92.49666667,1
14634,RSU,Yeosu,"Yosu, South Korea",South Korea,,34.84222222,127.61722222,1
14635,RSW,Southwest Florida International,"Fort Myers, FL",United States,Florida,26.53611111,-81.75527778,1
14636,RTA,Rotuma Airport,"Rotuma, Fiji",Fiji,,-12.48277778,177.07111111,1
14637,RTB,Juan Manuel Galvez International,"Roatan Island, Honduras",Honduras,,16.31722222,-86.52222222,1
14638,RTE,Marguerite Bay Airport,"Marguerite Bay, AK",United States,Alaska,55.7,-131.63333333,1
14639,RTM,Rotterdam Airport,"Rotterdam, Netherlands",Netherlands,,51.9575,4.44166667,1
14640,RTN,Raton Municipal/Crews Field,"Raton, NM",United States,New Mexico,36.74027778,-104.50611111,1
14641,RTO,Morrow Field,"Colton, CA",United States,California,34.05638889,-117.365,1
14642,RTS,Rottnest Island Airport,"Rottnest Island, Australia",Australia,,-32.00638889,115.53972222,1
14643,RU1,Keperveyem Airport,"Keperveyem, Russia",Russia,,67.84722222,166.13833333,1
14644,RU2,Ramenskoye Airport,"Ramenskoye, Russia",Russia,,55.55,38.16666667,1
14645,RUH,King Khalid International,"Riyadh, Saudi Arabia",Saudi Arabia,,24.9575,46.69888889,1
14646,RUI,Sierra Blanca Regional,"Ruidoso, NM",United States,New Mexico,33.46388889,-105.53111111,1
14647,RUN,La Reunion Roland Garros,"Reunion Island, Reunion",Reunion,,-20.88722222,55.51027778,1
14648,RUT,Rutland - Southern Vermont Regional,"Rutland, VT",United States,Vermont,43.52972222,-72.94972222,1
14649,RUV,Rubelsanto Airport,"Rubelsanto, Guatemala",Guatemala,,15.99194444,-90.44527778,1
14651,RVA,Farafangana Airport,"Farafangana, Madagascar",Madagascar,,-22.80527778,47.82083333,1
14652,RVN,Rovaniemi Airport,"Rovaniemi, Finland",Finland,,66.56472222,25.83055556,1
14653,RVS,Tulsa Riverside,"Tulsa, OK",United States,Oklahoma,36.03944444,-95.98472222,1
14654,RVY,Cerro Chapeu,"Rivera, Uruguay",Uruguay,,-30.97083333,-55.47916667,1
14655,RWB,Rowan Bay Airport,"Rowan Bay, AK",United States,Alaska,56.65,-134.28333333,1
14656,RWI,Rocky Mount-Wilson Regional,"Rocky Mount, NC",United States,North Carolina,35.85638889,-77.89194444,1
14657,RWL,Rawlins Municipal/Harvey Field,"Rawlins, WY",United States,Wyoming,41.80583333,-107.20027778,1
14658,RXB,Rodman Bay Airport,"Rodman Bay, AK",United States,Alaska,57.46666667,-135.4,1
14659,RXS,Roxas,"Roxas City, Philippines",Philippines,,11.59777778,122.75277778,1
14660,RYE,Weld County Municipal,"Greeley, CO",United States,Colorado,40.42638889,-104.63,1
14661,RYG,Rygge,"Moss, Norway",Norway,,59.37888889,10.78527778,1
14662,RYK,Sheikh Zayed International,"Rahim Yar Khan, Pakistan",Pakistan,,28.38555556,70.27972222,1
14663,RZA,Santa Cruz Airport,"Santa Cruz, Argentina",Argentina,,-50.01694444,-68.57916667,1
14664,RZE,Jasionka,"Rzeszow, Poland",Poland,,50.11,22.02388889,1
14665,RZR,Ramsar Airport,"Ramsar, Iran",Iran,,36.90833333,50.68388889,1
14666,RZS,Sawan Airport,"Sawan, Pakistan",Pakistan,,26.96666667,68.86666667,1
14668,1NC,Halifax Northampton Regional,"Roanoke Rapids, NC",United States,North Carolina,36.43944444,-77.70944444,1
14669,S27,Kalispell City,"Kalispell, MT",United States,Montana,48.17861111,-114.30361111,1
14670,SAA,Shively Field,"Saratoga, WY",United States,Wyoming,41.44361111,-106.8275,1
14671,SAB,Juancho E. Yrausquin,"Saba, Bonaire, Sint Eustatius, and Saba","Bonaire, Sint Eustatius, and Saba",,17.64444444,-63.22222222,1
14672,SAC,Sacramento Executive,"Sacramento, CA",United States,California,38.51277778,-121.49333333,1
14673,SAD,Safford Regional1lt Duane Spalsbury Field,"Safford, AZ",United States,Arizona,32.85333333,-109.635,1
14674,SAF,Santa Fe Regional,"Santa Fe, NM",United States,New Mexico,35.61666667,-106.08916667,1
14675,SAG,Sagwon Airport,"Sagwon, AK",United States,Alaska,69.36638889,-148.70444444,1
14676,SAH,Sana'a International,"Sana'a, Yemen",Yemen,,15.47611111,44.21972222,1
14677,SAL,San Oscar A Romero and Galdamez International,"San Salvador, El Salvador",El Salvador,,13.44083333,-89.05583333,1
14678,SAM,Salamo Airport,"Salamo, Papua New Guinea",Papua New Guinea,,-9.67,150.79027778,1
14679,SAN,San Diego International,"San Diego, CA",United States,California,32.73361111,-117.18972222,1
14680,SAO,Sao Paulo Metropolitan Area,"Sao Paulo, Brazil",Brazil,,-23.31694444,-46.89166667,1
14681,SAP,Ramon Villeda Morales International,"San Pedro Sula, Honduras",Honduras,,15.45194444,-87.92416667,1
14682,SAQ,San Andros Airport,"San Andros, The Bahamas",The Bahamas,,25.05388889,-78.04888889,1
14683,SAT,San Antonio International,"San Antonio, TX",United States,Texas,29.53416667,-98.46944444,1
14684,SAU,Tardamu,"Sabu, Indonesia",Indonesia,,-10.4925,121.84805556,1
14685,SAV,Savannah/Hilton Head International,"Savannah, GA",United States,Georgia,32.12861111,-81.2,1
14686,SAW,Sabiha Gokcen,"Istanbul, Turkey",Turkey,,40.895,29.315,1
14687,SAX,Sambu Airport,"Sambu, Panama",Panama,,8.02666667,-78.21,1
14688,SAY,Ampugnano,"Sienna, Italy",Italy,,43.25638889,11.255,1
14689,SBA,Santa Barbara Municipal,"Santa Barbara, CA",United States,California,34.42583333,-119.84111111,1
14690,SBC,Selbang Airport,"Selbang, Papua New Guinea",Papua New Guinea,,-5.315,141.75194444,1
14691,SBD,San Bernardino International,"San Bernardino, CA",United States,California,34.09527778,-117.235,1
14692,SBH,Saint Barthelemy Airport,"Saint Barthelemy, Saint Barthelemy",Saint Barthelemy,,17.90444444,-62.84361111,1
14693,SBK,St. Brieuc Airport,"St. Brieuc, France",France,,48.51305556,-2.80583333,1
14694,SBL,Santa Ana del Yacuma,"Santa Ana, Bolivia",Bolivia,,-13.76222222,-65.43527778,1
14695,SBM,Sheboygan County Memorial International,"Sheboygan, WI",United States,Wisconsin,43.76972222,-87.85166667,1
14696,SBN,South Bend International,"South Bend, IN",United States,Indiana,41.70833333,-86.31722222,1
14697,SBO,Salina-Gunnison,"Salina, UT",United States,Utah,39.02916667,-111.83833333,1
14698,SBP,San Luis Obispo County Regional,"San Luis Obispo, CA",United States,California,35.23694444,-120.64027778,1
14699,SBS,Steamboat Springs/Bob Adams Field,"Steamboat Springs, CO",United States,Colorado,40.51638889,-106.86638889,1
14700,SBT,Tri-City,"San Bernardino, CA",United States,California,34.0675,-117.27472222,1
14701,SBU,Springbok Airport,"Springbok, South Africa",South Africa,,-29.68944444,17.93972222,1
14702,SBV,William M Tuck,"South Boston, VA",United States,Virginia,36.70861111,-78.84861111,1
14703,SBW,Sibu Airport,"Sibu, Malaysia",Malaysia,,2.26194444,111.98527778,1
14704,SBY,Salisbury-Ocean City/Wicomico Regional,"Salisbury, MD",United States,Maryland,38.34194444,-75.50944444,1
14705,SBZ,Sibiu Airport,"Sibiu, Romania",Romania,,45.78583333,24.08555556,1
14706,SC1,Beaufort MCAS,"Beaufort, SC",United States,South Carolina,32.48055556,-80.71916667,1
14707,SC2,Fairfield County,"Winnsboro, SC",United States,South Carolina,34.31583333,-81.10861111,1
14708,SC3,Conway-Horry County,"Conway, SC",United States,South Carolina,33.82861111,-79.12222222,1
14709,SCC,Deadhorse Airport,"Deadhorse, AK",United States,Alaska,70.19472222,-148.46527778,1
14711,SCE,State College Regional,"State College, PA",United States,Pennsylvania,40.85,-77.8475,1
14712,SCF,Scottsdale,"Phoenix, AZ",United States,Arizona,33.62277778,-111.91055556,1
14713,SCH,Schenectady County,"Schenectady, NY",United States,New York,42.84861111,-73.93277778,1
14714,SCI,San Cristobal Airport,"San Cristobal, Venezuela",Venezuela,,7.76666667,-72.23333333,1
14715,SCJ,Smith Cove Airport,"Smith Cove, AK",United States,Alaska,55.45472222,-132.35194444,1
14716,SCK,Stockton Metro,"Stockton, CA",United States,California,37.89472222,-121.24,1
14717,SCL,Arturo Merino Benitez International,"Santiago, Chile",Chile,,-33.39111111,-70.79416667,1
14718,SCM,Scammon Bay Airport,"Scammon Bay, AK",United States,Alaska,61.84444444,-165.57361111,1
14719,SCN,Saarbruecken,"Saarbrucken, Germany",Germany,,49.21444444,7.11,1
14720,SCO,Shevchenko,"Aktau, Kazakhstan",Kazakhstan,,43.86666667,51.1,1
14721,SCQ,Santiago,"Santiago de Compostela, Spain",Spain,,42.89777778,-8.41555556,1
14722,SCU,Antonio Maceo International,"Santiago, Cuba",Cuba,,19.97,-75.83555556,1
14723,SCV,Suceava Airport,"Suceava, Romania",Romania,,47.68638889,26.35444444,1
14724,SCX,Nas Salina Cruz,"Salina Cruz, Mexico",Mexico,,16.21388889,-95.20138889,1
14725,SCY,San Cristobal Airport,"San Cristobal, Ecuador",Ecuador,,-0.91027778,-89.6175,1
14726,SD1,Onida Municipal,"Onida, SD",United States,South Dakota,44.70055556,-100.10138889,1
14727,SDA,Baghdad International,"Baghdad, Iraq",Iraq,,33.26194444,44.23388889,1
14728,SDD,Lubango Airport,"Lubango, Angola",Angola,,-14.92472222,13.57666667,1
14729,SDE,Santiago del Estero Airport,"Santiago del Estero, Argentina",Argentina,,-27.76555556,-64.31,1
14730,SDF,Louisville Muhammad Ali International,"Louisville, KY",United States,Kentucky,38.17416667,-85.73638889,1
14732,SDH,Santa Rosa de Copan Airport,"Santa Rosa de Copan, Honduras",Honduras,,14.77722222,-88.77666667,1
14733,SDJ,Sendai Airport,"Sendai, Japan",Japan,,38.13972222,140.91694444,1
14734,SDK,Sandakan Airport,"Sandakan, Malaysia",Malaysia,,5.90111111,118.05805556,1
14735,SDL,Sundsvall Timra,"Sundsvall, Sweden",Sweden,,62.52777778,17.44416667,1
14736,SDM,Brown Field Municipal,"San Diego, CA",United States,California,32.57194444,-116.98,1
14737,SDN,Sandane,"Anda, Norway",Norway,,61.83027778,6.10944444,1
14738,SDP,Sand Point,"Sandpoint, AK",United States,Alaska,55.31361111,-160.52138889,1
14739,SDQ,De Las Americas International,"Santo Domingo, Dominican Republic",Dominican Republic,,18.42916667,-69.66972222,1
14740,SDR,Santander Airport,"Santander, Spain",Spain,,43.42694444,-3.82,1
14741,SDT,Saidu Sharif Airport,"Saidu Sharif, Pakistan",Pakistan,,34.81333333,72.35222222,1
14742,SDU,Santos Dumont,"Rio de Janeiro, Brazil",Brazil,,-22.91055556,-43.16333333,1
14743,SDV,Sde Dov,"Tel Aviv, Israel",Israel,,32.11472222,34.78222222,1
14744,SDX,Sedona Airport,"Sedona, AZ",United States,Arizona,34.84861111,-111.78833333,1
14745,SDY,Sidney Richland Regional,"Sidney, MT",United States,Montana,47.71138889,-104.19194444,1
14746,SE1,Solleftea Airport,"Solleftea, Sweden",Sweden,,63.17111111,16.98611111,1
14747,SEA,Seattle/Tacoma International,"Seattle, WA",United States,Washington,47.45,-122.31166667,1
14748,SEB,Sebha Airport,"Sebha, Libya",Libya,,26.98694444,14.4725,1
14749,SEE,Gillespie Field,"San Diego, CA",United States,California,32.82611111,-116.9725,1
14750,SEF,Sebring Regional,"Sebring, FL",United States,Florida,27.45861111,-81.34305556,1
14751,SEG,Penn Valley,"Selinsgrove, PA",United States,Pennsylvania,40.82111111,-76.86416667,1
14752,SEL,Kimpo International/Seoul Metropolitan Area,"Seoul, South Korea",South Korea,,37.555,126.79638889,1
14753,SEM,Craig Field,"Selma, AL",United States,Alabama,32.34388889,-86.98777778,1
14754,SEN,Southend,"Southend-On-Sea, United Kingdom",United Kingdom,,51.57055556,0.69333333,1
14755,SEQ,Sungai Pakning Airport,"Sungai Pakning, Indonesia",Indonesia,,1.36972222,102.14,1
14756,SER,Freeman Municipal,"Seymour, IN",United States,Indiana,38.92416667,-85.90972222,1
14757,SES,Selfield,"Selma, AL",United States,Alabama,32.45,-86.95,1
14758,SEY,Selibaby Airport,"Selibaby, Mauritania",Mauritania,,15.18194444,-12.20388889,1
14759,SEZ,Seychelles International,"Mahe Islands, Seychelles",Seychelles,,-4.67444444,55.52194444,1
14760,SFA,El Maou,"Sfax, Tunisia",Tunisia,,34.71805556,10.69166667,1
14761,SFB,Orlando Sanford International,"Sanford, FL",United States,Florida,28.77638889,-81.23444444,1
14762,SFC,Saint Francois Airport,"Saint Francois, Guadeloupe",Guadeloupe,,16.25777778,-61.26222222,1
14763,SFD,Las Flecheras,"San Fernando, Venezuela",Venezuela,,7.88333333,-67.44388889,1
14764,SFF,Felts Field,"Spokane, WA",United States,Washington,47.68305556,-117.3225,1
14765,SFG,L'Esperance,"Grand Case, Saint Martin",Saint Martin,,18.1,-63.04722222,1
14766,SFH,San Felipe International,"San Felipe, Mexico",Mexico,,30.93027778,-114.80861111,1
14767,SFJ,Sondrestrom Air Base,"Sondre Stromfjord, Greenland",Greenland,,67.01222222,-50.71972222,1
14768,SFL,Sao Filipe Airport,"Sao Filipe, Cape Verde",Cape Verde,,14.88611111,-24.48138889,1
14769,SFM,Sanford Seacoast Regional,"Sanford, ME",United States,Maine,43.39388889,-70.70805556,1
14770,SFN,Sauce Viejo,"Santa Fe, Argentina",Argentina,,-31.71083333,-60.81138889,1
14771,SFO,San Francisco International,"San Francisco, CA",United States,California,37.61888889,-122.37555556,1
14772,SFP,Surfers Paradise Airport,"Surfers Paradise, Australia",Australia,,-28.0,153.43333333,1
14773,SFQ,Sanliurfa Airport,"Sanliurfa, Turkey",Turkey,,37.09416667,38.84722222,1
14774,SFS,Subic Bay International,"Subic Bay, Philippines",Philippines,,14.79444444,120.27138889,1
14775,SFT,Skelleftea Airport,"Skelleftea, Sweden",Sweden,,64.62416667,21.08111111,1
14776,SFU,Safia Airport,"Safia, Papua New Guinea",Papua New Guinea,,-9.59694444,148.64055556,1
14777,SFW,Santa Fe Airport,"Santa Fe, Panama",Panama,,8.53333333,-81.08333333,1
14778,SFZ,North Central State,"Smithfield, RI",United States,Rhode Island,41.92083333,-71.49138889,1
14779,SGB,Singaua Airport,"Singaua, Papua New Guinea",Papua New Guinea,,-6.7,147.13333333,1
14780,SGC,Surgut Airport,"Surgut, Russia",Russia,,61.34388889,73.40222222,1
14781,SGD,Sonderborg Airport,"Sonderborg, Denmark",Denmark,,54.96444444,9.79166667,1
14782,SGE,Siegerland,"Siegen, Germany",Germany,,50.70833333,8.08166667,1
14783,SGF,Springfield-Branson National,"Springfield, MO",United States,Missouri,37.24555556,-93.38861111,1
14784,SGG,Simanggang Airport,"Simanggang, Malaysia",Malaysia,,1.22138889,111.46361111,1
14785,SGH,Springfield-Beckley Municipal,"Springfield, OH",United States,Ohio,39.83888889,-83.84472222,1
14786,SGJ,Sagarai Airport,"Sagarai, Papua New Guinea",Papua New Guinea,,-10.465,150.15916667,1
14788,SGM,San Ignacio Airport,"San Ignacio, Mexico",Mexico,,27.29722222,-112.93861111,1
14789,SGN,Tan Son Nhat International,"Ho Chi Minh City, Vietnam",Vietnam,,10.81861111,106.65166667,1
14790,SGO,Saint George,"St. George, Australia",Australia,,-28.05027778,148.59555556,1
14791,SGP,Shay Gap Airport,"Shay Gap, Australia",Australia,,-20.42444444,120.14,1
14792,SGR,Sugar Land Regional,"Sugar Land, TX",United States,Texas,29.62222222,-95.65666667,1
14793,SGT,Stuttgart Municipal Carl Humphrey Field,"Stuttgart, AR",United States,Arkansas,34.59944444,-91.575,1
14794,SGU,St George Regional,"St. George, UT",United States,Utah,37.03638889,-113.51027778,1
14795,SGW,Saginaw,"Saginaw Bay, AK",United States,Alaska,56.88333333,-134.15,1
14796,SGX,Songea Airport,"Songea, Tanzania",Tanzania,,-10.68138889,35.58166667,1
14797,SGY,Skagway Airport,"Skagway, AK",United States,Alaska,59.46027778,-135.31694444,1
14798,SGZ,Songkhla,"Singora, Thailand",Thailand,,7.18638889,100.60805556,1
14799,SHA,Hongqiao International,"Shanghai, China",China,,31.19805556,121.33444444,1
14800,SHB,Nakashibetsu Airport,"Nakashibetsu, Japan",Japan,,43.5775,144.95972222,1
14801,SHC,Shire Major General Haelom,"Shire Indasilase, Ethiopia",Ethiopia,,14.07611111,38.27333333,1
14802,SHD,Shenandoah Valley Regional,"Staunton, VA",United States,Virginia,38.26388889,-78.89638889,1
14803,SHE,Taoxian,"Shenyang, China",China,,41.64,123.48361111,1
14804,SHG,Shungnak Airport,"Shungnak, AK",United States,Alaska,66.88805556,-157.1625,1
14805,SHH,Shishmaref Airport,"Shishmaref, AK",United States,Alaska,66.24944444,-166.08944444,1
14806,SHI,Shimojishima Airport,"Shimojishima, Japan",Japan,,24.82694444,125.145,1
14807,SHJ,Sharjah International,"Sharjah, United Arab Emirates",United Arab Emirates,,25.33055556,55.51861111,1
14808,SHL,Barapani,"Shillong, India",India,,25.70388889,91.97805556,1
14809,SHM,Nanki Shirahama Airport,"Nanki Shirahama, Japan",Japan,,33.66222222,135.36444444,1
14810,SHN,Sanderson Field,"Shelton, WA",United States,Washington,47.23361111,-123.1475,1
14811,SHO,G 407,"Sokcho, South Korea",South Korea,,38.1425,128.59861111,1
14812,SHR,Sheridan County,"Sheridan, WY",United States,Wyoming,44.77166667,-106.98444444,1
14813,SHU,Smith Point Airport,"Smith Point, Australia",Australia,,-11.31666667,132.15,1
14814,SHV,Shreveport Regional,"Shreveport, LA",United States,Louisiana,32.44694444,-93.82861111,1
14815,SHW,Sharurah Airport,"Sharurah, Saudi Arabia",Saudi Arabia,,17.46694444,47.12138889,1
14816,SHX,Shageluk Airport,"Shageluk, AK",United States,Alaska,62.69222222,-159.56916667,1
14817,SIA,Xi'an Xiguan,"Xi'an, China",China,,34.25,108.86666667,1
14818,SID,Amilcar Cabral International,"Sal Island, Cape Verde",Cape Verde,,16.7375,-22.94888889,1
14819,SIG,Isla Grande,"San Juan, PR",United States,Puerto Rico,18.45888889,-66.10277778,1
14820,SIH,Silgadi Doti Airport,"Silgadi Doti, Nepal",Nepal,,29.26666667,80.96666667,1
14821,SII,Sidi Ifni Airport,"Sidi Ifni, Morocco",Morocco,,29.36888889,-10.18027778,1
14822,SIK,Sikeston Memorial Municipal,"Sikeston, MO",United States,Missouri,36.89888889,-89.56166667,1
14823,SIM,Simbai Airport,"Simbai, Papua New Guinea",Papua New Guinea,,-5.27833333,144.54416667,1
14824,SIN,Singapore Changi International,"Singapore, Singapore",Singapore,,1.35,103.99444444,1
14825,SIO,Smithton Airport,"Smithton, Australia",Australia,,-40.835,145.08361111,1
14826,SIP,Simferopol International,"Simferopol, Ukraine",Ukraine,,45.0375,33.98138889,1
14827,SIS,Sishen Airport,"Sishen, South Africa",South Africa,,-27.64638889,22.99805556,1
14828,SIT,Sitka Rocky Gutierrez,"Sitka, AK",United States,Alaska,57.04694444,-135.36111111,1
14829,SIU,Siuna Airport,"Siuna, Nicaragua",Nicaragua,,13.72888889,-84.7775,1
14830,SIY,Siskiyou County,"Montague, CA",United States,California,41.78138889,-122.46805556,1
14831,SJC,Norman Y. Mineta San Jose International,"San Jose, CA",United States,California,37.36305556,-121.92861111,1
14832,SJD,San Jose del Cabo International,"San Jose del Cabo, Mexico",Mexico,,23.15194444,-109.72083333,1
14833,SJF,St. John Airport,"St. John, VI",United States,U.S. Virgin Islands,18.33333333,-64.75,1
14834,SJI,San Jose Airport,"San Jose, Philippines",Philippines,,12.36166667,121.04666667,1
14835,SJJ,Sarajevo Airport,"Sarajevo, Bosnia and Herzegovina",Bosnia and Herzegovina,,43.82472222,18.33138889,1
14836,SJK,Professor Urbano Ernesto Stumpf,"Sao Jose Dos Campos, Brazil",Brazil,,-23.22833333,-45.86277778,1
14837,SJN,St. Johns Industrial Air Park,"St. Johns, AZ",United States,Arizona,34.51861111,-109.37888889,1
14838,SJO,Juan Santamaria International,"San Jose, Costa Rica",Costa Rica,,9.99388889,-84.20888889,1
14839,SJP,Professor Eriberto Manoel Reino,"Sao Jose Do Rio Preto, Brazil",Brazil,,-20.81694444,-49.40666667,1
14840,SJQ,Sesheke Airport,"Sesheke, Zambia",Zambia,,-17.47638889,24.30611111,1
14841,SJS,San Jose de Chiquitos,"San Jose, Bolivia",Bolivia,,-17.83222222,-60.74305556,1
14842,SJT,San Angelo Regional/Mathis Field,"San Angelo, TX",United States,Texas,31.35777778,-100.49638889,1
14843,SJU,Luis Munoz Marin International,"San Juan, PR",United States,Puerto Rico,18.43944444,-66.00222222,1
14844,SJV,San Javier Airport,"San Javier, Bolivia",Bolivia,,-16.26583333,-62.47055556,1
14845,SJW,Zhengding,"Shijiazhuang, China",China,,38.28083333,114.69722222,1
14846,SJY,Seinajoki Airport,"Seinajoki, Finland",Finland,,62.69055556,22.83527778,1
14847,SJZ,Sao Jorge,"Sao Jorge Island, Portugal",Portugal,,38.66527778,-28.17472222,1
14848,SKA,Fairchild AFB,"Spokane, WA",United States,Washington,47.615,-117.65583333,1
14849,SKB,Robert L Bradshaw International,"St. Kitts, Saint Kitts and Nevis",Saint Kitts and Nevis,,17.31111111,-62.71861111,1
14850,SKC,Suki Airport,"Suki, Papua New Guinea",Papua New Guinea,,-8.04694444,141.72222222,1
14851,SKD,Samarkand Airport,"Samarkand, Uzbekistan",Uzbekistan,,39.70166667,66.9825,1
14852,SKE,Geiteryggen,"Skien, Norway",Norway,,59.185,9.56694444,1
14853,SKF,Kelly Field,"San Antonio, TX",United States,Texas,29.38416667,-98.58111111,1
14854,SKG,Makedonia,"Thessaloniki, Greece",Greece,,40.51972222,22.97111111,1
14855,SKJ,Sitkinak CGS,"Sitkinak, AK",United States,Alaska,56.53277778,-154.11388889,1
14856,SKK,Shaktoolik Airport,"Shaktoolik, AK",United States,Alaska,64.37111111,-161.22388889,1
14857,SKL,Isle of Skye Airport,"Isle of Skye, United Kingdom",United Kingdom,,57.25305556,-5.8275,1
14858,SKN,Skagen,"Stokmarknes, Norway",Norway,,68.58083333,15.02111111,1
14859,SKO,Sokoto Airport,"Sokoto, Nigeria",Nigeria,,13.00638889,5.24222222,1
14860,SKP,Skopje International,"Skopje, Macedonia",Macedonia,,41.95944444,21.62222222,1
14861,SKS,Skrydstrup Airport,"Skrydstrup, Denmark",Denmark,,55.22,9.26638889,1
14862,SKU,Skiros Airport,"Skiros, Greece",Greece,,38.9675,24.4875,1
14863,SKW,Skwentna Airport,"Skwentna, AK",United States,Alaska,61.96611111,-151.19527778,1
14864,SKX,Saransk Airport,"Saransk, Russia",Russia,,54.12527778,45.21277778,1
14865,SKY,Griffing Sandusky,"Sandusky, OH",United States,Ohio,41.43333333,-82.65222222,1
14866,SKZ,Begum Nusrat Bhutto,"Sukkur, Pakistan",Pakistan,,27.72194444,68.79194444,1
14867,SLA,General Don Martin Miguel de Guemes,"Salta, Argentina",Argentina,,-24.85583333,-65.48611111,1
14868,SLB,Storm Lake Municipal,"Storm Lake, IA",United States,Iowa,42.59722222,-95.24055556,1
14869,SLC,Salt Lake City International,"Salt Lake City, UT",United States,Utah,40.78833333,-111.97777778,1
14870,SLD,Sliac Airport,"Sliac, Slovakia",Slovakia,,48.63805556,19.13416667,1
14871,SLE,McNary Field,"Salem, OR",United States,Oregon,44.91194444,-123.00333333,1
14872,SLH,Sola Airport,"Sola, Vanuatu",Vanuatu,,-13.85277778,167.53722222,1
14873,SLI,Solwezi Airport,"Solwezi, Zambia",Zambia,,-12.17388889,26.365,1
14874,SLJ,Stellar Airpark,"Chandler, AZ",United States,Arizona,33.29888889,-111.91583333,1
14875,SLK,Adirondack Regional,"Saranac Lake/Lake Placid, NY",United States,New York,44.38055556,-74.21277778,1
14876,SLL,Salalah Airport,"Salalah, Oman",Oman,,17.04027778,54.0875,1
14877,SLN,Salina Regional,"Salina, KS",United States,Kansas,38.78972222,-97.65444444,1
14878,SLO,Salem/Leckrone,"Salem, IL",United States,Illinois,38.64277778,-88.96416667,1
14879,SLP,San Luis Potosi International,"San Luis Potosi, Mexico",Mexico,,22.25416667,-100.93083333,1
14880,SLQ,Sleetmute Airport,"Sleetmute, AK",United States,Alaska,61.70055556,-157.16583333,1
14881,SLR,Sulphur Springs Municipal,"Sulphur Springs, TX",United States,Texas,33.15972222,-95.62111111,1
14882,SLS,Silistra Polkovnik-Lambrinovo,"Silistra, Bulgaria",Bulgaria,,44.055,27.18,1
14883,SLT,Salida Airport Harriett Alexander Field,"Salida, CO",United States,Colorado,38.53833333,-106.04861111,1
14884,SLU,George F Charles,"St. Lucia, Saint Lucia",Saint Lucia,,14.02,-60.99305556,1
14885,SLV,Shimla Airport,"Shimla, India",India,,31.08222222,77.0675,1
14886,SLW,Saltillo International,"Saltillo, Mexico",Mexico,,25.53861111,-100.92833333,1
14887,SLX,Salt Cay Airport,"Salt Cay, Turks and Caicos Islands",Turks and Caicos Islands,,21.33444444,-71.19944444,1
14888,SLZ,Marechal Cunha Machado International,"Sao Luiz, Brazil",Brazil,,-2.58555556,-44.23416667,1
14889,SMA,Santa Maria Airport,"Santa Maria, Portugal",Portugal,,36.97222222,-25.17083333,1
14890,SMB,Franco Bianco,"Cerro El Sombrero, Chile",Chile,,-52.73444444,-69.3375,1
14891,SMC,Santa Maria Airport,"Santa Maria, Colombia",Colombia,,8.1675,-77.05555556,1
14892,SME,Lake Cumberland Regional,"Somerset, KY",United States,Kentucky,37.05361111,-84.61555556,1
14893,SMF,Sacramento International,"Sacramento, CA",United States,California,38.69555556,-121.59083333,1
14894,SMI,Samos Airport,"Samos, Greece",Greece,,37.68916667,26.91222222,1
14895,SMK,St. Michael Airport,"St. Michael, AK",United States,Alaska,63.49,-162.11027778,1
14896,SML,Estate Airstrip,"Stella Maris, The Bahamas",The Bahamas,,23.58333333,-75.26805556,1
14897,SMN,Lemhi County,"Salmon, ID",United States,Idaho,45.12333333,-113.88138889,1
14898,SMO,Santa Monica Municipal,"Santa Monica, CA",United States,California,34.01583333,-118.45138889,1
14899,NJ3,Somerset,"Somerville, NJ",United States,New Jersey,40.62611111,-74.67,1
14900,SMR,Simon Bolivar,"Santa Marta, Colombia",Colombia,,11.11944444,-74.23055556,1
14901,SMS,Sainte Marie,"St. Marie, Madagascar",Madagascar,,-17.09583333,49.81611111,1
14902,SMT,Stone Mountain Airport,"Stone Mountain, GA",United States,Georgia,33.81111111,-84.11944444,1
14903,SMU,Sheep Mountain Airport,"Sheep Mountain, AK",United States,Alaska,61.81138889,-147.50916667,1
14904,SMV,Samedan,"St. Moritz, Switzerland",Switzerland,,46.53416667,9.88388889,1
14905,SMX,Santa Maria Public/Capt. G. Allan Hancock Field,"Santa Maria, CA",United States,California,34.90361111,-120.45888889,1
14906,SMY,Simenti Airport,"Simenti, Senegal",Senegal,,13.04638889,-13.29527778,1
14907,SMZ,Stoelmanseiland Airport,"Stoelmanseiland, Suriname",Suriname,,4.35055556,-54.42,1
14908,SNA,John Wayne Airport-Orange County,"Santa Ana, CA",United States,California,33.67611111,-117.86777778,1
14909,SNB,Snake Bay Airport,"Snake Bay, Australia",Australia,,-11.41777778,130.64861111,1
14910,SNC,General Ulpiano Paez,"Salinas, Ecuador",Ecuador,,-2.20666667,-80.98166667,1
14911,SNE,Preguica,"Sao Nicolau, Cape Verde",Cape Verde,,16.58833333,-24.28416667,1
14912,SNF,Sub Teniente Nestor Arias,"San Felipe, Venezuela",Venezuela,,10.27888889,-68.75527778,1
14913,SNG,Cap. Av. Juan Cochamanidis Saucedo,"San Ignacio de Velasco, Bolivia",Bolivia,,-16.38527778,-60.96277778,1
14914,SNI,Greenville/Sinoe Airport,"Greenville/Sinoe, Liberia",Liberia,,5.03305556,-9.06416667,1
14915,SNK,Winston Field,"Snyder, TX",United States,Texas,32.69333333,-100.95055556,1
14916,SNL,Shawnee Regional,"Shawnee, OK",United States,Oklahoma,35.35722222,-96.94277778,1
14917,SNM,San Ignacio de Moxos Airport,"San Ignacio de Moxos, Bolivia",Bolivia,,-14.96555556,-65.63361111,1
14918,SNN,Shannon Airport,"Shannon, Ireland",Ireland,,52.70194444,-8.92472222,1
14919,SNP,St. Paul Island,"St. Paul, AK",United States,Alaska,57.16638889,-170.2225,1
14920,SNQ,San Quintin Southeast,"San Quintin, Mexico",Mexico,,30.36944444,-115.83611111,1
14921,SNR,Saint Nazaire Montoir,"St. Nazaire, France",France,,47.31222222,-2.14916667,1
14922,SNS,Salinas Municipal,"Salinas/Monterey, CA",United States,California,36.66166667,-121.60444444,1
14923,SNT,Las Cruces Airport,"Las Cruces, Colombia",Colombia,,7.38333333,-73.50555556,1
14924,SNU,Abel Santamaria International,"Santa Clara, Cuba",Cuba,,22.49222222,-79.94361111,1
14925,SNV,Wonkin,"Santa Elena, Venezuela",Venezuela,,4.55,-61.11666667,1
14926,SNW,Thandwe Airport,"Thandwe, Burma",Burma,,18.46416667,94.30111111,1
14927,SNY,Sidney Municipal/Lloyd W. Carr Field,"Sidney, NE",United States,Nebraska,41.09972222,-102.985,1
14928,SOC,Adi Soemarmo,"Solo City, Indonesia",Indonesia,,-7.51611111,110.75722222,1
14929,SOF,Vasil Levski Sofia,"Sofia, Bulgaria",Bulgaria,,42.69638889,23.41777778,1
14930,SOG,Sogndal Airport,"Sogndal, Norway",Norway,,61.15583333,7.13638889,1
14931,SOI,S Molle,"South Molle Island, Australia",Australia,,-20.26666667,148.83333333,1
14932,SOJ,Sorkjosen Airport,"Sorkjosen, Norway",Norway,,69.78666667,20.95972222,1
14933,SOK,Semonkong Airport,"Semonkong, Lesotho",Lesotho,,-29.83944444,28.05777778,1
14934,SOL,Solomon State Field,"Solomon, AK",United States,Alaska,64.56055556,-164.44222222,1
14935,SOM,Don Edmundo Barrios International,"San Tome, Venezuela",Venezuela,,8.945,-64.15111111,1
14936,SON,Espiritu,"Espiritu Santo, Vanuatu",Vanuatu,,-15.51666667,167.13333333,1
14938,SOP,Moore County,"Pinehurst/Southern Pines, NC",United States,North Carolina,35.2375,-79.38916667,1
14939,SOQ,Sorong Airport,"Sorong, Indonesia",Indonesia,,-0.75,131.41666667,1
14941,SOU,Southampton Airport,"Southampton, United Kingdom",United Kingdom,,50.95083333,-1.35638889,1
14942,SOV,Seldovia Airport,"Seldovia, AK",United States,Alaska,59.44388889,-151.705,1
14943,SOW,Show Low Regional,"Show Low, AZ",United States,Arizona,34.26833333,-109.99722222,1
14944,SPA,Spartanburg Downtown Memorial Simpson Field,"Spartanburg, SC",United States,South Carolina,34.91638889,-81.95583333,1
14945,SPB,Charlotte Amalie Harbor Seaplane Base,"Charlotte Amalie, VI",United States,U.S. Virgin Islands,18.33861111,-64.94083333,1
14946,SPC,La Palma,"Santa Cruz de la Palma, Spain",Spain,,28.62611111,-17.75555556,1
14947,SPD,Saidpur Airport,"Saidpur, Bangladesh",Bangladesh,,25.75916667,88.90888889,1
14948,SPE,Sepulot Airport,"Sepulot, Malaysia",Malaysia,,4.71222222,116.45694444,1
14949,SPF,Black Hills Clyde Ice Field,"Spearfish, SD",United States,South Dakota,44.48111111,-103.78611111,1
14950,SPG,Albert Whitted,"Tampa, FL",United States,Florida,27.765,-82.62694444,1
14951,SPH,Sopu Airport,"Sopu, Papua New Guinea",Papua New Guinea,,-8.3025,147.16555556,1
14952,SPI,Abraham Lincoln Capital,"Springfield, IL",United States,Illinois,39.84416667,-89.67833333,1
14953,RJQ,Chitose AB,"Sapporo, Japan",Japan,,42.79583333,141.66638889,1
14954,SPM,Spangdahlem AB,"Spangdahlem, Germany",Germany,,49.97666667,6.69861111,1
14955,SPN,Francisco C. Ada Saipan International,"Saipan, TT",United States,U.S. Pacific Trust Territories and Possessions,15.12027778,145.73,1
14957,SPP,Menongue Airport,"Menongue, Angola",Angola,,-14.6575,17.71972222,1
14958,SPQ,Catalina Air-Sea Terminal Heliport,"San Pedro, CA",United States,California,33.74861111,-118.275,1
14959,SPR,San Pedro Airport,"San Pedro, Belize",Belize,,17.91361111,-87.97166667,1
14960,SPS,Sheppard AFB/Wichita Falls Municipal,"Wichita Falls, TX",United States,Texas,33.98888889,-98.49194444,1
14961,SPU,Split Airport,"Split, Croatia",Croatia,,43.53888889,16.29805556,1
14962,SPW,Spencer Municipal,"Spencer, IA",United States,Iowa,43.16555556,-95.20277778,1
14963,SPY,San Pedro Airport,"San Pedro, Cote d'Ivoire",Cote d'Ivoire,,4.74666667,-6.66055556,1
14964,SPZ,Springdale Municipal,"Springdale, AR",United States,Arkansas,36.17638889,-94.11916667,1
14965,SQA,Santa Ynez Kunkle Field,"Santa Ynez, CA",United States,California,34.60694444,-120.07555556,1
14966,SQI,Whiteside County-Jos H. Bittorf Field,"Sterling/Rockfalls, IL",United States,Illinois,41.74027778,-89.68083333,1
14967,SQL,San Carlos Airport,"San Carlos, CA",United States,California,37.51194444,-122.24944444,1
14968,SQN,Emalamo,"Sanana, Indonesia",Indonesia,,-2.10027778,125.96583333,1
14969,SQO,Storuman Airport,"Storuman, Sweden",Sweden,,64.96083333,17.69666667,1
14970,SQQ,Siauliai International,"Siauliai, Lithuania",Lithuania,,55.89305556,23.39361111,1
14971,SQR,Sorowako,"Soroako, Indonesia",Indonesia,,-2.53055556,121.35611111,1
14972,SQV,Sequim Valley,"Sequim, WA",United States,Washington,48.09805556,-123.18805556,1
14973,SRA,Luis Alberto Lehr,"Santa Rosa, Brazil",Brazil,,-27.90666667,-54.52055556,1
14974,SRB,Santa Rosa Airport,"Santa Rosa, Bolivia",Bolivia,,-14.16666667,-66.88333333,1
14975,SRC,Searcy Regional,"Searcy, AR",United States,Arkansas,35.21055556,-91.7375,1
14976,SRE,Juana Azurduy de Padilla,"Sucre, Bolivia",Bolivia,,-19.00722222,-65.28916667,1
14977,SRF,Hamilton AFB,"Novato, CA",United States,California,38.06833333,-122.50194444,1
14978,SRG,Jenderal Ahmad Yani,"Semarang, Indonesia",Indonesia,,-6.96972222,110.37222222,1
14979,SRH,Sarh Airport,"Sarh, Chad",Chad,,9.14472222,18.37472222,1
14980,SRI,Samarinda Airport,"Samarinda, Indonesia",Indonesia,,-0.5,117.15,1
14981,SRJ,Capitan German Quiroga Guardia,"San Borja, Bolivia",Bolivia,,-14.85777778,-66.7375,1
14982,SRL,San Lucas,"Santa Rosalia, Mexico",Mexico,,27.21083333,-112.21722222,1
14983,SRN,Strahan Airport,"Strahan, Australia",Australia,,-42.15583333,145.29,1
14984,SRO,Santana Ramos Airport,"Santana Ramos, Colombia",Colombia,,2.21666667,-75.25,1
14985,SRP,Stord Airport,"Stord, Norway",Norway,,59.8,5.35,1
14986,SRQ,Sarasota/Bradenton International,"Sarasota/Bradenton, FL",United States,Florida,27.39555556,-82.55444444,1
14987,SRV,Stony River Airport,"Stony River, AK",United States,Alaska,61.78972222,-156.58861111,1
14988,SRW,Mid Carolina Regional,"Salisbury, NC",United States,North Carolina,35.64583333,-80.52027778,1
14989,SRX,Sirte International,"Sert, Libya",Libya,,31.06333333,16.595,1
14990,SRZ,El Trompillo,"Santa Cruz, Bolivia",Bolivia,,-17.81166667,-63.17138889,1
14991,SSA,Deputado Luis Eduardo Magalhaes International,"Salvador, Brazil",Brazil,,-12.91222222,-38.34055556,1
14992,SSB,Christiansted Harbor Seaplane Base,"Christiansted, VI",United States,U.S. Virgin Islands,17.74916667,-64.70527778,1
14993,SSC,Shaw AFB,"Sumter, SC",United States,South Carolina,33.97277778,-80.47027778,1
14994,SSG,Malabo Airport,"Malabo, Equatorial Guinea",Equatorial Guinea,,3.75527778,8.70861111,1
14995,SSH,Sharm El Sheikh International,"Sharm El Sheikh, Egypt",Egypt,,27.97722222,34.395,1
14996,SSI,St Simons Island,"Brunswick, GA",United States,Georgia,31.15194444,-81.39111111,1
14997,SSJ,Sandnessjoen Airport,"Sandnessjoen, Norway",Norway,,65.95805556,12.47055556,1
14998,SSL,Santa Rosalia Airport,"Santa Rosalia, Colombia",Colombia,,1.46666667,-72.23333333,1
14999,SSM,Sault Ste. Marie Metropolitan Area,"Sault Ste. Marie, MI",United States,Michigan,46.48055556,-84.36805556,1
15000,SSN,Seoul AB,"Seoul, South Korea",South Korea,,37.44611111,127.11416667,1
15001,SSS,Siassi Airport,"Siassi, Papua New Guinea",Papua New Guinea,,-5.59666667,147.81027778,1
15002,SST,Santa Teresita Airport,"Santa Teresita, Argentina",Argentina,,-36.54222222,-56.72138889,1
15003,SSW,Stuart Island Airpark,"Stuart Island, WA",United States,Washington,48.67277778,-123.17583333,1
15004,SSX,Samsun Airport,"Samsun, Turkey",Turkey,,41.27666667,36.30388889,1
15005,SSY,Mbanza Congo Airport,"Mbanza Congo, Angola",Angola,,-6.26916667,14.24666667,1
15006,STA,Stauning Airport,"Stauning, Denmark",Denmark,,55.99,8.35388889,1
15007,STB,Santa Barbara Airport,"Santa Barbara, Venezuela",Venezuela,,9.03333333,-71.95,1
15008,STC,St. Cloud Regional,"St. Cloud, MN",United States,Minnesota,45.54611111,-94.05861111,1
15009,STD,Mayor Guerrero Vivas,"Santo Domingo, Venezuela",Venezuela,,7.57,-72.04083333,1
15010,STE,Stevens Point Municipal,"Stevens Point, WI",United States,Wisconsin,44.545,-89.53027778,1
15011,STF,George M. Bryan,"Starkville, MS",United States,Mississippi,33.43305556,-88.84861111,1
15012,STG,St. George Island Airport,"St. George Island, AK",United States,Alaska,56.60083333,-169.56416667,1
15013,STI,Cibao International,"Santiago, Dominican Republic",Dominican Republic,,19.40611111,-70.60472222,1
15014,STJ,Rosecrans Memorial,"St. Joseph, MO",United States,Missouri,39.76333333,-94.90694444,1
15015,STK,Sterling Municipal,"Sterling, CO",United States,Colorado,40.61416667,-103.26416667,1
15016,STL,St Louis Lambert International,"St. Louis, MO",United States,Missouri,38.74861111,-90.37,1
15017,STM,Eduardo Gomes,"Santarem, Brazil",Brazil,,-2.45,-54.7,1
15018,STN,London Stansted,"London, United Kingdom",United Kingdom,,51.885,0.235,1
15019,STO,Stockholm Metropolitan Area,"Stockholm, Sweden",Sweden,,59.5075,17.94027778,1
15020,STP,St. Paul Downtown Holman Field,"Minneapolis/St. Paul, MN",United States,Minnesota,44.93472222,-93.06027778,1
15021,STQ,St. Marys Municipal,"St. Marys, PA",United States,Pennsylvania,41.4125,-78.5025,1
15022,STR,Stuttgart Airport,"Stuttgart, Germany",Germany,,48.69,9.22194444,1
15023,STS,Charles M. Schulz - Sonoma County,"Santa Rosa, CA",United States,California,38.50972222,-122.81305556,1
15024,STT,Cyril E King,"Charlotte Amalie, VI",United States,U.S. Virgin Islands,18.33722222,-64.97333333,1
15026,STW,Shpakovskoye,"Stavropol, Russia",Russia,,45.10916667,42.1125,1
15027,STX,Henry E. Rohlsen,"Christiansted, VI",United States,U.S. Virgin Islands,17.70166667,-64.80194444,1
15028,STY,Nueva Hesperides International,"Salto, Uruguay",Uruguay,,-31.43861111,-57.98527778,1
15029,STZ,Santa Terezinha Airport,"Santa Terezinha, Brazil",Brazil,,-10.30027778,-50.45,1
15030,SUA,Witham Field,"Stuart, FL",United States,Florida,27.18166667,-80.22138889,1
15031,SUB,Juanda,"Surabaya, Indonesia",Indonesia,,-7.37972222,112.78694444,1
15032,SUC,Schloredt,"Sundance, WY",United States,Wyoming,44.39027778,-104.39833333,1
15033,SUE,Door County Cherryland,"Sturgeon Bay, WI",United States,Wisconsin,44.84361111,-87.42166667,1
15034,SUF,Lamezia Terme Airport,"Lamezia Terme, Italy",Italy,,38.90527778,16.24222222,1
15035,SUG,Surigao Airport,"Surigao, Philippines",Philippines,,9.75777778,125.48111111,1
15036,SUI,Babusheri,"Sukhumi, Georgia",Georgia,,42.86666667,41.11666667,1
15037,SUJ,Satu Mare Airport,"Satu Mare, Romania",Romania,,47.70333333,22.88555556,1
15039,SUL,Sui Airport,"Sui, Pakistan",Pakistan,,28.64555556,69.17638889,1
15040,SUM,Sumter Airport,"Sumter, SC",United States,South Carolina,33.995,-80.36138889,1
15041,SUN,Friedman Memorial,"Sun Valley/Hailey/Ketchum, ID",United States,Idaho,43.50388889,-114.29555556,1
15042,SUO,Sunriver Airport,"Sunriver, OR",United States,Oregon,43.87638889,-121.45305556,1
15043,SUS,Spirit of St. Louis,"St. Louis, MO",United States,Missouri,38.66277778,-90.65333333,1
15044,SUT,Sumbawanga Airport,"Sumbawanga, Tanzania",Tanzania,,-7.94861111,31.61083333,1
15045,SUU,Travis AFB,"Fairfield, CA",United States,California,38.26444444,-121.92416667,1
15046,SUV,Nausori International,"Suva, Fiji",Fiji,,-18.04388889,178.56111111,1
15047,SUW,Richard I Bong,"Superior, WI",United States,Wisconsin,46.68972222,-92.09472222,1
15048,SUX,Sioux Gateway Brig Gen Bud Day Field,"Sioux City, IA",United States,Iowa,42.40138889,-96.38444444,1
15049,SVA,Savoonga Airport,"Savoonga, AK",United States,Alaska,63.68638889,-170.49305556,1
15050,SVB,Sambava Airport,"Sambava, Madagascar",Madagascar,,-14.28055556,50.17583333,1
15051,SVC,Grant County,"Silver City/Hurley, NM",United States,New Mexico,32.63666667,-108.15638889,1
15052,SVD,E. T. Joshua,"St. Vincent, Saint Vincent and the Grenadines",Saint Vincent and the Grenadines,,13.14361111,-61.21194444,1
15053,SVG,Stavanger Airport,"Stavanger, Norway",Norway,,58.87666667,5.63777778,1
15054,SVH,Statesville Regional,"Statesville, NC",United States,North Carolina,35.765,-80.95388889,1
15055,SVJ,Svolvaer Airport,"Svolvaer, Norway",Norway,,68.2425,14.66861111,1
15056,SVL,Savonlinna Airport,"Savonlinna, Finland",Finland,,61.94305556,28.945,1
15057,SVN,Hunter AAF,"Savannah, GA",United States,Georgia,32.01,-81.14611111,1
15058,SVO,Sheremetyevo,"Moscow, Russia",Russia,,55.97277778,37.41472222,1
15059,SVP,Kuito Airport,"Kuito, Angola",Angola,,-12.40444444,16.94805556,1
15060,SVQ,Seville Airport,"Seville, Spain",Spain,,37.41805556,-5.89305556,1
15061,SVS,Stevens Village Airport,"Stevens Village, AK",United States,Alaska,66.01694444,-149.05444444,1
15062,SVU,Savusavu Airport,"Savusavu, Fiji",Fiji,,-16.80305556,179.34027778,1
15063,SVW,Sparrevohn LRRS,"Sparrevohn, AK",United States,Alaska,61.09722222,-155.57472222,1
15064,SVX,Koltsovo,"Ekaterinburg, Russia",Russia,,56.74305556,60.80333333,1
15065,SVZ,General Cipriano Castro International,"San Antonio, Venezuela",Venezuela,,7.84083333,-72.43972222,1
15066,SWA,Waisha,"Shantou, China",China,,23.42694444,116.76222222,1
15067,SWB,Shaw River Airport,"Shaw River, Australia",Australia,,-21.51666667,119.36666667,1
15068,SWC,Stawell Airport,"Stawell, Australia",Australia,,-37.07111111,142.74166667,1
15069,SWD,Seward Airport,"Seward, AK",United States,Alaska,60.13,-149.41666667,1
15070,SWF,New York Stewart International,"Newburgh/Poughkeepsie, NY",United States,New York,41.50416667,-74.10472222,1
15072,SWK,Segrate,"Milan, Italy",Italy,,45.48333333,9.31666667,1
15073,SWL,Spanish Wells Airport,"Spanish Wells, The Bahamas",The Bahamas,,24.86666667,-77.48333333,1
15074,SWO,Stillwater Regional,"Stillwater, OK",United States,Oklahoma,36.15861111,-97.08666667,1
15075,SWQ,Sumbawa Besar,"Sumbawa, Indonesia",Indonesia,,-8.49333333,117.42083333,1
15076,SWS,Swansea Airport,"Swansea, United Kingdom",United Kingdom,,51.605,-4.06833333,1
15077,SWU,Suwon Airport,"Suwon, South Korea",South Korea,,37.23944444,127.00694444,1
15078,SWW,Avenger Field,"Sweetwater, TX",United States,Texas,32.46388889,-100.46777778,1
15079,SXB,Strasbourg Entzheim,"Strasbourg, France",France,,48.53833333,7.62833333,1
15080,SXE,West Sale,"Sale, Australia",Australia,,-38.09111111,146.96694444,1
15081,BER,Brandenburg,"Berlin, Germany",Germany,,52.36222222,13.50055556,1
15082,SXG,Senanga Airport,"Senanga, Zambia",Zambia,,-16.11305556,23.29888889,1
15083,SXL,Sligo Airport,"Sligo, Ireland",Ireland,,54.28027778,-8.59916667,1
15084,SXM,Princess Juliana International,"Philipsburg, Sint Maarten",Sint Maarten,,18.04083333,-63.10888889,1
15085,SXP,Nunam Iqua,"Sheldon Point, AK",United States,Alaska,62.52055556,-164.84777778,1
15086,SXQ,Soldotna Airport,"Soldotna, AK",United States,Alaska,60.47527778,-151.03972222,1
15087,SXR,Srinagar Airport,"Srinagar, India",India,,33.98722222,74.77388889,1
15088,SXU,Soddu Airport,"Soddu, Ethiopia",Ethiopia,,6.83611111,37.775,1
15089,SXY,Sidney Municipal,"Sidney, NY",United States,New York,42.3025,-75.41583333,1
15090,SYA,Eareckson AS,"Shemya, AK",United States,Alaska,52.71222222,174.11361111,1
15091,SYB,Seal Bay Airport,"Seal Bay, AK",United States,Alaska,58.38333333,-152.23333333,1
15092,SYD,Sydney International,"Sydney, Australia",Australia,,-33.94916667,151.18138889,1
15093,SYI,Bomar Field-Shelbyville Municipal,"Shelbyville/Tullahoma, TN",United States,Tennessee,35.55944444,-86.4425,1
15094,SYN,Stanton Airfield,"Stanton, MN",United States,Minnesota,44.47555556,-93.01638889,1
15095,SYO,Shonai Airport,"Shonai, Japan",Japan,,38.8125,139.78722222,1
15096,SYR,Syracuse Hancock International,"Syracuse, NY",United States,New York,43.11111111,-76.10638889,1
15097,SYT,Saint-Yan Airport,"Saint-Yan, France",France,,46.41222222,4.01333333,1
15098,SYX,Phoenix International,"Sanya, China",China,,18.30305556,109.41222222,1
15099,SYY,Stornoway Airport,"Stornoway, United Kingdom",United Kingdom,,58.21388889,-6.33083333,1
15100,SYZ,Shahid Dastghaib International,"Shiraz, Iran",Iran,,29.53916667,52.59,1
15101,SZA,Soyo Airport,"Soyo, Angola",Angola,,-6.14111111,12.37166667,1
15102,SZB,Sultan Abdul Aziz Shah,"Kuala Lumpur, Malaysia",Malaysia,,3.13055556,101.54944444,1
15103,SZC,Santa Cruz Airport,"Santa Cruz, Costa Rica",Costa Rica,,10.25472222,-85.58416667,1
15104,SZD,Sheffield City,"Sheffield, United Kingdom",United Kingdom,,53.33333333,-1.48333333,1
15105,SZF,Carsamba,"Samsun, Turkey",Turkey,,41.25444444,36.56722222,1
15106,SZG,Salzburg Airport,"Salzburg, Austria",Austria,,47.79361111,13.00361111,1
15107,SZK,Skukuza Airport,"Skukuza, South Africa",South Africa,,-24.96138889,31.58888889,1
15108,SZL,Whiteman AFB,"Knob Noster, MO",United States,Missouri,38.73027778,-93.54777778,1
15109,SZO,Szombathely Airport,"Szombathely, Hungary",Hungary,,47.28333333,16.63333333,1
15110,SZP,Santa Paula Airport,"Santa Paula, CA",United States,California,34.34694444,-119.06166667,1
15111,SZT,San Cristobal de Las Casas,"San Cristobal, Mexico",Mexico,,16.69027778,-92.53,1
15112,SZW,Schwerin Parchim,"Schwerin, Germany",Germany,,53.42694444,11.78333333,1
15113,SZX,Bao'an International,"Shenzhen, China",China,,22.63916667,113.80194444,1
15114,SZZ,Goleniow,"Szczecin, Poland",Poland,,53.58472222,14.90222222,1
15115,TAB,A N R Robinson International,"Tobago, Trinidad and Tobago",Trinidad and Tobago,,11.14972222,-60.83222222,1
15116,TAC,Daniel Z. Romualdez,"Tacloban, Philippines",Philippines,,11.2275,125.02777778,1
15117,TAD,Las Animas County,"Trinidad, CO",United States,Colorado,37.25972222,-104.33916667,1
15118,TAE,Taegu International,"Taegu, South Korea",South Korea,,35.89027778,128.66055556,1
15119,TAF,Tafaraoui,"Oran, Algeria",Algeria,,35.54111111,-0.53333333,1
15120,TAG,Tagbilaran Airport,"Tagbilaran, Philippines",Philippines,,9.66555556,123.85361111,1
15121,TAH,Tanna Island Airport,"Tanna Island, Vanuatu",Vanuatu,,-19.52055556,169.25277778,1
15122,TAI,Taiz International,"Taiz, Yemen",Yemen,,13.68611111,44.13888889,1
15123,TAK,Takamatsu Airport,"Takamatsu, Japan",Japan,,34.21416667,134.01583333,1
15124,TAL,Ralph M Calhoun Memorial,"Tanana, AK",United States,Alaska,65.17444444,-152.10805556,1
15125,TAM,Tampico International,"Tampico, Mexico",Mexico,,22.28916667,-97.86444444,1
15127,TAO,Liuting,"Qingdao, China",China,,36.26611111,120.37444444,1
15128,TAP,Tapachula International,"Tapachula, Mexico",Mexico,,14.79444444,-92.37,1
15129,TAR,Taranto Grottaglie,"Taranto, Italy",Italy,,40.51083333,17.405,1
15130,TAS,Tashkent Islam Karimov International,"Tashkent, Uzbekistan",Uzbekistan,,41.2575,69.28111111,1
15131,TAT,Poprad Tatry,"Poprad-Tatry, Slovakia",Slovakia,,49.07361111,20.24111111,1
15132,TAV,Tau Airport,"Tau, TT",United States,U.S. Pacific Trust Territories and Possessions,-14.22916667,-169.51111111,1
15133,TAX,Taliabu Airport,"Taliabu, Indonesia",Indonesia,,-1.8,124.8,1
15134,TBB,Tuy Hoa Airport,"Tuy Hoa, Vietnam",Vietnam,,13.04833333,109.33388889,1
15135,TBF,Tabiteuea Airport,"Tabiteuea, Kiribati",Kiribati,,-1.22388889,174.77611111,1
15136,TBI,The Bight,"New Bight, The Bahamas",The Bahamas,,24.3,-75.45,1
15137,TBL,Tableland Airport,"Tableland, Australia",Australia,,-17.3,126.91666667,1
15138,TBN,Waynesville-St. Robert Regional Forney Field,"Fort Leonard Wood, MO",United States,Missouri,37.74166667,-92.14083333,1
15139,TBO,Tabora Airport,"Tabora, Tanzania",Tanzania,,-5.07666667,32.83444444,1
15140,TBP,Cap. FAP Pedro Canga Rodriguez,"Tumbes, Peru",Peru,,-3.55222222,-80.38111111,1
15141,TBR,Statesboro-Bulloch County,"Statesboro, GA",United States,Georgia,32.48277778,-81.73694444,1
15142,TBS,Tbilisi Airport,"Tbilisi, Georgia",Georgia,,41.66805556,44.9525,1
15143,TBT,Tabatinga Airport,"Tabatinga, Brazil",Brazil,,-4.25583333,-69.93583333,1
15144,TBU,Fua Amotu International,"Tonga Tapu, Tonga",Tonga,,-21.24083333,-175.15,1
15145,TBZ,Tabriz International,"Tabriz, Iran",Iran,,38.13305556,46.235,1
15146,TCA,Tennant Creek Airport,"Tennant Creek, Australia",Australia,,-19.63416667,134.17638889,1
15147,TCB,Treasure Cay Airport,"Treasure Cay, The Bahamas",The Bahamas,,26.74527778,-77.39138889,1
15148,TCC,Tucumcari Municipal,"Tucumcari, NM",United States,New Mexico,35.18444444,-103.59972222,1
15149,TCE,Tulcea Airport,"Tulcea, Romania",Romania,,45.0625,28.71444444,1
15150,TCF,Tocoa Airport,"Tocoa, Honduras",Honduras,,15.65888889,-85.99472222,1
15151,TCH,Tchibanga Airport,"Tchibanga, Gabon",Gabon,,-2.88888889,10.95583333,1
15152,TCI,Tenerife Metropolitan Area,"Tenerife, Spain",Spain,,28.25888889,-16.45055556,1
15153,TCL,Tuscaloosa National,"Tuscaloosa, AL",United States,Alabama,33.22444444,-87.60444444,1
15154,TCM,McChord Field,"Tacoma, WA",United States,Washington,47.13777778,-122.47638889,1
15155,TCN,Tehuacan Airport,"Tehuacan, Mexico",Mexico,,18.49694444,-97.42,1
15156,TCO,La Florida,"Tumaco, Colombia",Colombia,,1.81444444,-78.74916667,1
15157,TCP,Taba International,"Taba, Egypt",Egypt,,29.58888889,34.77694444,1
15158,TCQ,Coronel Carlos Ciriani Santa Rosa International,"Tacna, Peru",Peru,,-18.05333333,-70.27583333,1
15159,TCS,Truth Or Consequences Municipal,"Truth Or Consequences, NM",United States,New Mexico,33.23527778,-107.27,1
15160,TCT,Takotna Airport,"Takotna, AK",United States,Alaska,62.99305556,-156.02972222,1
15161,TDA,San Luis de Palenque,"Trinidad, Colombia",Colombia,,5.41388889,-71.72861111,1
15162,TDD,Tte Av Jorge Henrich Arauz International,"Trinidad, Bolivia",Bolivia,,-14.81861111,-64.91805556,1
15163,TDF,Raleigh Regional at Person County,"Roxboro, NC",United States,North Carolina,36.28472222,-78.98472222,1
15164,TDW,Tradewind,"Amarillo, TX",United States,Texas,35.17,-101.82583333,1
15165,TDZ,Metcalf Field,"Toledo, OH",United States,Ohio,41.65,-83.53333333,1
15166,TEA,Tela Airport,"Tela, Honduras",Honduras,,15.77555556,-87.47638889,1
15167,TEB,Teterboro Airport,"Teterboro, NJ",United States,New Jersey,40.85416667,-74.05916667,1
15168,TED,Thisted Airport,"Thisted, Denmark",Denmark,,57.06888889,8.70527778,1
15170,TEH,Tetlin Airport,"Tetlin, AK",United States,Alaska,63.12472222,-142.51861111,1
15171,TEK,Tatitlek Airport,"Tatitlek, AK",United States,Alaska,60.8725,-146.69111111,1
15173,TEP,Teptep Airport,"Teptep, Papua New Guinea",Papua New Guinea,,-5.95527778,146.56277778,1
15174,TER,Lajes Airport,"Lajes, Portugal",Portugal,,38.76444444,-27.09361111,1
15175,TET,Tete Chingodzi,"Tete, Mozambique",Mozambique,,-16.10472222,33.64027778,1
15176,TEU,Te Anau Airport,"Te Anau, New Zealand",New Zealand,,-45.53305556,167.65305556,1
15177,TEX,Telluride Regional,"Telluride, CO",United States,Colorado,37.95388889,-107.90888889,1
15178,TEZ,Tezpur Airport,"Tezpur, India",India,,26.70972222,92.78444444,1
15179,TFF,Prefeito Orlando Marinho,"Tefe, Brazil",Brazil,,-3.38222222,-64.72472222,1
15180,TFI,Tufi Airport,"Tufi, Papua New Guinea",Papua New Guinea,,-9.07583333,149.32,1
15181,TFN,Tenerife Norte,"Tenerife, Spain",Spain,,28.48277778,-16.34166667,1
15182,TFR,Tarbes-Lourdes-Pyrenees,"Tarbes/Lourdes/Pyrenees, France",France,,43.17944444,-0.00555556,1
15183,TFS,Tenerife Sur,"Tenerife, Spain",Spain,,28.04444444,-16.5725,1
15184,TGD,Podgorica Airport,"Podgorica, Montenegro",Montenegro,,42.35944444,19.25194444,1
15185,TGE,Sharpe Field,"Tuskegee, AL",United States,Alabama,32.49194444,-85.77555556,1
15186,TGG,Kuala Trengganu Airport,"Kuala Trengganu, Malaysia",Malaysia,,5.38111111,103.10972222,1
15187,TGH,Tongoa Airport,"Tongoa, Vanuatu",Vanuatu,,-16.89111111,168.55138889,1
15188,TGI,Tingo Maria Airport,"Tingo Maria, Peru",Peru,,-9.28944444,-76.005,1
15189,TGM,Targu Mures Airport,"Targu Mures, Romania",Romania,,46.46777778,24.4125,1
15190,TGR,Touggourt/Sidi Mahdi,"Touggourt, Algeria",Algeria,,33.05833333,6.08472222,1
15191,TGT,Tanga Airport,"Tanga, Tanzania",Tanzania,,-5.09222222,39.07166667,1
15192,TGU,Toncontin International,"Tegucigalpa, Honduras",Honduras,,14.06027778,-87.2175,1
15194,TGZ,Francisco Sarabia,"Tuxtla Gutierrez, Mexico",Mexico,,16.76972222,-93.34138889,1
15195,THA,Tullahoma Regional Airport/William Northern Field,"Tullahoma, TN",United States,Tennessee,35.38,-86.24666667,1
15196,THE,Senador Petronio Portella,"Teresina, Brazil",Brazil,,-5.05972222,-42.82388889,1
15197,THF,Tempelhof,"Berlin, Germany",Germany,,52.47472222,13.40333333,1
15198,THG,Biloela (Thangool),"Biloela, Australia",Australia,,-24.49527778,150.57888889,1
15199,THN,Trollhattan Vanersborg,"Trollhattan, Sweden",Sweden,,58.31805556,12.345,1
15200,THP,Hot Springs County Thermopolis Municipal,"Thermopolis, WY",United States,Wyoming,43.65833333,-108.21305556,1
15201,THR,Mehrabad International,"Tehran, Iran",Iran,,35.68916667,51.31361111,1
15202,THU,Pituffik Space Base,"Thule, Greenland",Greenland,,76.53111111,-68.70305556,1
15203,THV,York Airport,"York, PA",United States,Pennsylvania,39.91694444,-76.87305556,1
15204,THZ,Tahoua Airport,"Tahoua, Niger",Niger,,14.87555556,5.26583333,1
15205,TIA,Tirana International,"Tirana, Albania",Albania,,41.41472222,19.72055556,1
15206,TIC,Turiacu Airport,"Turiacu, Brazil",Brazil,,-1.73333333,-45.48333333,1
15207,TIE,Tippi Airport,"Tippi, Ethiopia",Ethiopia,,7.20111111,35.41527778,1
15208,TIF,Taif International,"Taif, Saudi Arabia",Saudi Arabia,,21.48333333,40.54444444,1
15209,TIH,Tikehau Airport,"Tikehau, French Polynesia",French Polynesia,,-15.11972222,-148.23111111,1
15210,TIJ,Tijuana International,"Tijuana, Mexico",Mexico,,32.54111111,-116.97,1
15211,TIK,Tinker AFB,"Oklahoma City, OK",United States,Oklahoma,35.40916667,-97.38222222,1
15212,TIM,Mozes Kilangin,"Tembagapura, Indonesia",Indonesia,,-4.53194444,136.88944444,1
15213,TIN,Tindouf Airport,"Tindouf, Algeria",Algeria,,27.70027778,-8.16722222,1
15214,TIP,Tripoli International,"Tripoli, Libya",Libya,,32.66805556,13.15888889,1
15215,TIQ,Francisco Manglona Borja Tinian International,"Tinian, TT",United States,U.S. Pacific Trust Territories and Possessions,14.99916667,145.61944444,1
15216,TIR,Tirupati Airport,"Tirupati, India",India,,13.63194444,79.53888889,1
15217,TIS,Horn Island,"Thursday Island, Australia",Australia,,-10.58555556,142.29277778,1
15218,TIU,Timaru Airport,"Timaru, New Zealand",New Zealand,,-44.29888889,171.22583333,1
15219,TIV,Tivat Airport,"Tivat, Montenegro",Montenegro,,42.40472222,18.72333333,1
15220,TIW,Tacoma Narrows,"Tacoma, WA",United States,Washington,47.26805556,-122.57805556,1
15221,TIX,Space Coast Regional,"Titusville, FL",United States,Florida,28.51472222,-80.79916667,1
15222,TIY,Tidjikja Airport,"Tidjikja, Mauritania",Mauritania,,18.57027778,-11.42333333,1
15223,TIZ,Tari Airport,"Tari, Papua New Guinea",Papua New Guinea,,-5.84444444,142.94722222,1
15224,TJA,Cap Av Oriel Lea Plaza International,"Tarija, Bolivia",Bolivia,,-21.55472222,-64.7025,1
15225,TJI,Trujillo Airport,"Trujillo, Honduras",Honduras,,15.92694444,-85.93833333,1
15226,TJM,Roshchino,"Tyumen, Russia",Russia,,57.17972222,65.31944444,1
15227,TK1,Murted,"Ankara, Turkey",Turkey,,40.07888889,32.56555556,1
15228,TKA,Talkeetna Airport,"Talkeetna, AK",United States,Alaska,62.32138889,-150.09277778,1
15229,TKC,Tiko Airport,"Tiko, Cameroon",Cameroon,,4.09,9.36055556,1
15230,TKD,Takoradi Airport,"Takoradi, Ghana",Ghana,,4.89611111,-1.77472222,1
15231,TKE,Tenakee Airport,"Tenakee, AK",United States,Alaska,57.71666667,-135.2,1
15232,TKF,Truckee Tahoe,"Truckee, CA",United States,California,39.31805556,-120.1375,1
15233,TKG,Branti,"Bandar Lampung, Indonesia",Indonesia,,-5.24277778,105.17888889,1
15234,TKH,Takhli Airport,"Takhli, Thailand",Thailand,,15.27722222,100.29583333,1
15235,TKI,Tokeen Airport,"Tokeen, AK",United States,Alaska,55.9375,-133.325,1
15236,TKJ,Tok Junction,"Tok, AK",United States,Alaska,63.32944444,-142.95361111,1
15237,TKK,Chuuk International,"Chuuk, Federated States of Micronesia",Federated States of Micronesia,,7.46194444,151.84305556,1
15238,TKL,Taku Seaplane Base,"Taku Lodge, AK",United States,Alaska,58.49,-133.94166667,1
15239,TKM,Tikal Airport,"Tikal, Guatemala",Guatemala,,17.22638889,-89.605,1
15240,TKQ,Kigoma Airport,"Kigoma, Tanzania",Tanzania,,-4.88638889,29.67111111,1
15241,TKR,Thakurgaon Stol Port,"Thakurgaon, Bangladesh",Bangladesh,,26.01638889,88.40222222,1
15242,TKS,Tokushima Airport,"Tokushima, Japan",Japan,,34.13222222,134.60916667,1
15243,TKT,Tak Airport,"Tak, Thailand",Thailand,,16.89611111,99.25333333,1
15244,TKU,Turku Airport,"Turku, Finland",Finland,,60.51416667,22.26277778,1
15245,TLA,Teller Airport,"Teller, AK",United States,Alaska,65.24027778,-166.33944444,1
15246,TLC,Toluca International,"Toluca, Mexico",Mexico,,19.33722222,-99.56611111,1
15247,TLE,Tulear Airport,"Tulear, Madagascar",Madagascar,,-23.38972222,43.72416667,1
15248,TLF,Telida Airport,"Telida, AK",United States,Alaska,63.37888889,-153.28416667,1
15249,TLH,Tallahassee International,"Tallahassee, FL",United States,Florida,30.39666667,-84.35083333,1
15250,TLJ,Tatalina LRRS,"Tatalina, AK",United States,Alaska,62.895,-155.97805556,1
15252,TLL,Lennart Meri Tallinn,"Tallinn, Estonia",Estonia,,59.41333333,24.83305556,1
15253,TLM,Zenata-Messali El Hadj,"Tlemcen, Algeria",Algeria,,35.01333333,-1.45722222,1
15254,TLN,Hyeres Le Palyvestre,"Toulon/Hyeres, France",France,,43.09722222,6.14611111,1
15255,TLR,Mefford Field,"Tulare, CA",United States,California,36.15666667,-119.32666667,1
15256,TLS,Toulouse Blagnac,"Toulouse, France",France,,43.62888889,1.36388889,1
15257,TLT,Tuluksak Airport,"Tuluksak, AK",United States,Alaska,61.08777778,-160.92333333,1
15258,TLV,Ben Gurion,"Tel Aviv, Israel",Israel,,32.01166667,34.88611111,1
15259,TMA,Henry Tift Myers,"Tifton, GA",United States,Georgia,31.42944444,-83.48916667,1
15260,TMB,Miami Executive,"Miami, FL",United States,Florida,25.64777778,-80.43361111,1
15261,TMD,Timbedra Airport,"Timbedra, Mauritania",Mauritania,,16.23666667,-8.15416667,1
15262,TMI,Tumlingtar Airport,"Tumlingtar, Nepal",Nepal,,27.31527778,87.19416667,1
15263,TML,Tamale Airport,"Tamale, Ghana",Ghana,,9.55416667,-0.86638889,1
15264,TMM,Toamasina,"Tamatave, Madagascar",Madagascar,,-18.10944444,49.3925,1
15265,TMP,Tampere-Pirkkala,"Tampere, Finland",Finland,,61.41416667,23.60444444,1
15266,TMR,Aguemar,"Tamanrasset, Algeria",Algeria,,22.81472222,5.45916667,1
15267,TMS,Salazar,"Sao Tome Island, Sao Tome and Principe",Sao Tome and Principe,,0.37833333,6.725,1
15268,TMT,Trombetas Airport,"Trombetas, Brazil",Brazil,,-1.48944444,-56.39694444,1
15269,TMW,Tamworth Airport,"Tamworth, Australia",Australia,,-31.08138889,150.84138889,1
15270,TN1,Lebanon Municipal,"Lebanon, TN",United States,Tennessee,36.19027778,-86.31555556,1
15271,TN2,Upper Cumberland Regional,"Sparta, TN",United States,Tennessee,36.05666667,-85.53,1
15272,TN3,Ellington,"Lewisburg, TN",United States,Tennessee,35.50694444,-86.80388889,1
15273,TN4,Abernathy Field,"Pulaski, TN",United States,Tennessee,35.15416667,-87.05694444,1
15274,TN5,Franklin Wilkins,"Lexington, TN",United States,Tennessee,35.65138889,-88.37888889,1
15275,TN6,Dyersburg Regional,"Dyersburg, TN",United States,Tennessee,35.99638889,-89.4075,1
15276,TN7,Winchester Municipal,"Winchester, TN",United States,Tennessee,35.1775,-86.06611111,1
15277,TNA,Yaoqiang,"Jinan, China",China,,36.85722222,117.21611111,1
15278,TNC,Tin City LRRS,"Tin City, AK",United States,Alaska,65.56416667,-167.9225,1
15279,TNE,Tanegashima Airport,"Tanegashima, Japan",Japan,,30.605,130.99166667,1
15280,TNG,Tanger Ibn Batouta International,"Tangier, Morocco",Morocco,,35.73166667,-5.92111111,1
15281,TNJ,Kidjang,"Tandjungpinang, Indonesia",Indonesia,,0.91916667,104.53611111,1
15282,TNK,Tununak Airport,"Tununak, AK",United States,Alaska,60.56944444,-165.24638889,1
15283,TNN,Tainan Airport,"Tainan, Taiwan",Taiwan,,22.95027778,120.20583333,1
15284,TNP,Twentynine Palms Airport,"Twentynine Palms, CA",United States,California,34.13166667,-115.94583333,1
15285,TNR,Ivato,"Antananarivo, Madagascar",Madagascar,,-18.79694444,47.47888889,1
15286,TNT,Dade-Collier Training and Transition,"Miami, FL",United States,Florida,25.86166667,-80.89694444,1
15287,TNU,Newton Municipal Earl Johnson Field,"Newton, IA",United States,Iowa,41.67444444,-93.02166667,1
15288,TNX,Stung Treng Airport,"Stung Treng, Cambodia",Cambodia,,13.53166667,106.01444444,1
15289,TOA,Zamperini Field,"Torrance, CA",United States,California,33.80333333,-118.33972222,1
15290,TOB,Tobruk Airport,"Tobruk, Libya",Libya,,31.86194444,23.89916667,1
15292,TOE,Nefta,"Tozeur, Tunisia",Tunisia,,33.93972222,8.10111111,1
15293,TOG,Togiak Airport,"Togiak, AK",United States,Alaska,59.05361111,-160.39666667,1
15294,TOJ,Torrejon AFB,"Madrid, Spain",Spain,,40.48888889,-3.45611111,1
15295,TOL,Eugene F Kranz Toledo Express,"Toledo, OH",United States,Ohio,41.59083333,-83.80083333,1
15296,TOM,Tombouctou Airport,"Tombouctou, Mali",Mali,,16.73055556,-3.0075,1
15297,TOP,Philip Billard Municipal,"Topeka, KS",United States,Kansas,39.06861111,-95.6225,1
15298,TOQ,Barriles,"Tocopilla, Chile",Chile,,-22.14083333,-70.0625,1
15299,TOR,Torrington Municipal,"Torrington, WY",United States,Wyoming,42.06444444,-104.15277778,1
15300,TOS,Tromso Airport,"Tromso, Norway",Norway,,69.68305556,18.91888889,1
15301,TOU,Touho Airport,"Touho, New Caledonia",New Caledonia,,-20.79,165.25944444,1
15302,TOV,Tortola West End Seaplane Base,"Tortola, British Virgin Islands",British Virgin Islands,,18.45,-64.58333333,1
15303,TOY,Toyama Airport,"Toyama, Japan",Japan,,36.64833333,137.1875,1
15304,TPA,Tampa International,"Tampa, FL",United States,Florida,27.97555556,-82.53333333,1
15305,TPB,Allen Air Park,"Topeka, KS",United States,Kansas,39.025,-95.75805556,1
15306,TPE,Taiwan Taoyuan International,"Taipei, Taiwan",Taiwan,,25.07777778,121.23361111,1
15307,TPF,Peter O'Knight,"Tampa, FL",United States,Florida,27.91555556,-82.44944444,1
15308,TPH,Tonopah Airport,"Tonopah, NV",United States,Nevada,38.05972222,-117.08666667,1
15309,TPI,Tapini Airport,"Tapini, Papua New Guinea",Papua New Guinea,,-8.35666667,146.98972222,1
15310,TPL,Draughon-Miller Central Texas Regional,"Temple, TX",United States,Texas,31.15194444,-97.40777778,1
15312,TPP,Tarapoto Airport,"Tarapoto, Peru",Peru,,-6.51111111,-76.39861111,1
15313,TPQ,Tepic International,"Tepic, Mexico",Mexico,,21.41611111,-104.84416667,1
15314,TPR,Tom Price Airport,"Tom Price, Australia",Australia,,-22.65,117.66666667,1
15315,TPS,Trapani/Birgi,"Trapani/Marsala, Italy",Italy,,37.9125,12.48833333,1
15316,TRB,Turbo Airport,"Turbo, Colombia",Colombia,,8.07833333,-76.74805556,1
15317,TRC,Torreon International,"Torreon, Mexico",Mexico,,25.56833333,-103.41055556,1
15318,TRD,Trondheim Airport,"Trondheim, Norway",Norway,,63.4575,10.91666667,1
15319,TRE,Tiree Island Airport,"Tiree Island, United Kingdom",United Kingdom,,56.50055556,-6.87138889,1
15320,TRF,Torp,"Sandefjord, Norway",Norway,,59.18666667,10.25861111,1
15321,TRG,Tauranga Airport,"Tauranga, New Zealand",New Zealand,,-37.67333333,176.19861111,1
15322,TRH,Trona Airport,"Trona, CA",United States,California,35.81277778,-117.32694444,1
15323,TRI,Tri Cities,"Bristol/Johnson City/Kingsport, TN",United States,Tennessee,36.47527778,-82.4075,1
15324,TRK,Juwata,"Tarakan, Indonesia",Indonesia,,3.32527778,117.56416667,1
15325,TRM,Jacqueline Cochran Regional,"Thermal, CA",United States,California,33.61805556,-116.15638889,1
15326,TRN,Torino,"Turin, Italy",Italy,,45.20083333,7.64972222,1
15327,TRO,Taree Airport,"Taree, Australia",Australia,,-31.88805556,152.51555556,1
15328,TRR,China Bay,"Trincomalee, Sri Lanka",Sri Lanka,,8.53916667,81.18138889,1
15329,TRS,Trieste Airport,"Trieste, Italy",Italy,,45.82777778,13.46666667,1
15331,TRU,Cap FAP Carlos Martinez de Pinillos,"Trujillo, Peru",Peru,,-8.08166667,-79.10861111,1
15332,TRV,Thiruvananthapuram International,"Trivandrum, India",India,,8.48222222,76.91972222,1
15333,TRW,Bonriki International,"Tarawa, Kiribati",Kiribati,,1.38166667,173.14666667,1
15334,TRZ,Tiruchirappalli International,"Trichinopoly, India",India,,10.76611111,78.71777778,1
15335,TSA,Taipei Songshan,"Taipei, Taiwan",Taiwan,,25.06972222,121.5525,1
15336,TSB,Tsumeb Airport,"Tsumeb, Namibia",Namibia,,-19.26194444,17.7325,1
15337,NQZ,Astana Airport,"Astana, Kazakhstan",Kazakhstan,,51.0225,71.46611111,1
15338,TSF,Treviso,"Venice, Italy",Italy,,45.64833333,12.19388889,1
15339,TSG,Tanacross Airport,"Tanacross, AK",United States,Alaska,63.37416667,-143.32888889,1
15340,TSH,Tshikapa Airport,"Tshikapa, Congo (Kinshasa)",Congo (Kinshasa),,-6.44194444,20.79611111,1
15341,TSJ,Tsushima Airport,"Tsushima, Japan",Japan,,34.285,129.33055556,1
15342,TSM,Taos Regional,"Taos, NM",United States,New Mexico,36.45361111,-105.68083333,1
15343,TSN,Tianjin Binhai International,"Tianjin, China",China,,39.12722222,117.35777778,1
15344,TSP,Tehachapi Municipal,"Tehachapi, CA",United States,California,35.135,-118.43916667,1
15345,TSR,Traian Vuia,"Timisoara, Romania",Romania,,45.80972222,21.33777778,1
15346,TSS,East 34th Street Heliport,"New York, NY",United States,New York,40.7425,-73.97222222,1
15348,TSV,Townsville International,"Townsville, Australia",Australia,,-19.25138889,146.765,1
15349,TTB,Tortoli Airport,"Tortoli, Italy",Italy,,39.91916667,9.68222222,1
15350,TTC,Argolla,"Taltal, Chile",Chile,,-25.51777778,-70.42222222,1
15351,TTD,Portland Troutdale,"Troutdale, OR",United States,Oregon,45.54944444,-122.40138889,1
15352,TTG,Tartagal Airport,"Tartagal, Argentina",Argentina,,-22.49305556,-63.8125,1
15353,TTH,Thumrait Airport,"Thumrait, Oman",Oman,,17.66611111,54.02472222,1
15354,TTJ,Tottori Airport,"Tottori, Japan",Japan,,35.53,134.165,1
15355,TTL,Turtle Island Airport,"Turtle Island, Fiji",Fiji,,-16.95,177.36666667,1
15356,TTN,Trenton Mercer,"Trenton, NJ",United States,New Jersey,40.27666667,-74.81333333,1
15358,TTS,Tsaratanana Airport,"Tsaratanana, Madagascar",Madagascar,,-16.75083333,47.61972222,1
15359,TTT,Fongnian,"Taitung, Taiwan",Taiwan,,22.755,121.10166667,1
15360,TTU,Tetouan/Sania Ramel,"Tetuan, Morocco",Morocco,,35.595,-5.31611111,1
15361,TUA,Tulcan Airport,"Tulcan, Ecuador",Ecuador,,0.8,-77.71666667,1
15362,TUB,Tubuai Is Fr. Polynesia,"Tubuai Island, French Polynesia",French Polynesia,,-23.35,-149.46666667,1
15363,TUC,Tucuman Airport,"Tucuman, Argentina",Argentina,,-26.83333333,-65.2,1
15364,TUD,Tambacounda Airport,"Tambacounda, Senegal",Senegal,,13.73666667,-13.65305556,1
15365,TUF,Tours Val de Loire,"Tours, France",France,,47.43222222,0.7275,1
15366,TUG,Tuguegarao Airport,"Tuguegarao, Philippines",Philippines,,17.64361111,121.73305556,1
15367,TUH,Arnold AFB,"Tullahoma, TN",United States,Tennessee,35.3925,-86.08583333,1
15368,TUI,Turaif Airport,"Turaif, Saudi Arabia",Saudi Arabia,,31.69472222,38.73194444,1
15369,TUK,Turbat International,"Turbat, Pakistan",Pakistan,,25.98527778,63.02972222,1
15370,TUL,Tulsa International,"Tulsa, OK",United States,Oklahoma,36.19833333,-95.88944444,1
15371,TUM,Tumut Airport,"Tumut, Australia",Australia,,-35.26833333,148.24055556,1
15372,TUN,Carthage,"Tunis, Tunisia",Tunisia,,36.85111111,10.22694444,1
15373,TUO,Taupo Airport,"Taupo, New Zealand",New Zealand,,-38.74083333,176.085,1
15374,TUP,Tupelo Regional,"Tupelo, MS",United States,Mississippi,34.26888889,-88.77,1
15375,TUR,Tucurui Airport,"Tucurui, Brazil",Brazil,,-3.78611111,-49.72027778,1
15376,TUS,Tucson International,"Tucson, AZ",United States,Arizona,32.125,-110.94972222,1
15377,TUT,Tauta Airport,"Tauta, Papua New Guinea",Papua New Guinea,,-5.8325,145.93361111,1
15378,TUU,Prince Sultan Bin Abdulaziz,"Tabuk, Saudi Arabia",Saudi Arabia,,28.37166667,36.63,1
15379,TVA,Morafenobe Airport,"Morafenobe, Madagascar",Madagascar,,-17.85055556,44.92027778,1
15380,TVC,Cherry Capital,"Traverse City, MI",United States,Michigan,44.74166667,-85.58194444,1
15381,TVF,Thief River Falls Regional,"Thief River Falls, MN",United States,Minnesota,48.06555556,-96.185,1
15382,TVI,Thomasville Regional,"Thomasville, GA",United States,Georgia,30.90277778,-83.88027778,1
15383,TVL,Lake Tahoe Airport,"Lake Tahoe, CA",United States,California,38.89388889,-119.99527778,1
15384,TVU,Matei,"Taveuni, Fiji",Fiji,,-16.69305556,179.87416667,1
15385,TWA,Twin Hills Airport,"Twin Hills, AK",United States,Alaska,59.07444444,-160.275,1
15386,WTB,Toowoomba Airport,"Toowoomba, Australia",Australia,,-27.54277778,151.91805556,1
15387,TWD,Jefferson County International,"Port Townsend, WA",United States,Washington,48.05388889,-122.81055556,1
15388,TWE,Taylor Airport,"Taylor, AK",United States,Alaska,65.67916667,-164.79888889,1
15389,TWF,Joslin Field - Magic Valley Regional,"Twin Falls, ID",United States,Idaho,42.48083333,-114.48555556,1
15390,TWH,Two Harbors Airport,"Two Harbors, CA",United States,California,33.425,-118.50833333,1
15392,TWU,Tawau Airport,"Tawau, Malaysia",Malaysia,,4.31333333,118.12194444,1
15393,TX1,Mesquite Metro,"Mesquite, TX",United States,Texas,32.74694444,-96.53055556,1
15394,TX2,Denver City Airport,"Denver City, TX",United States,Texas,32.97472222,-102.845,1
15395,TX3,Cameron County,"Port Isabel, TX",United States,Texas,26.16638889,-97.34666667,1
15396,TX4,Bruce Field,"Ballinger, TX",United States,Texas,31.67444444,-99.97694444,1
15397,TX5,Cleburne Regional,"Cleburne, TX",United States,Texas,32.35361111,-97.43388889,1
15398,TX6,Horseshoe Bay Resort,"Horseshoe Bay, TX",United States,Texas,30.52694444,-98.35888889,1
15399,TX7,Post Garza County Municipal,"Post, TX",United States,Texas,33.20333333,-101.33833333,1
15400,TXG,Taichung Airport,"Taichung, Taiwan",Taiwan,,24.18638889,120.65388889,1
15401,TXK,Texarkana Regional-Webb Field,"Texarkana, AR",United States,Arkansas,33.45638889,-93.98916667,1
15402,TXL,Tegel,"Berlin, Germany",Germany,,52.55916667,13.29027778,1
15403,TXN,Tunxi Airport,"Tunxi, China",China,,29.73361111,118.25611111,1
15404,TXU,Tabou Airport,"Tabou, Cote d'Ivoire",Cote d'Ivoire,,4.43805556,-7.36277778,1
15405,TYB,Tibooburra Airport,"Tibooburra, Australia",Australia,,-29.45277778,142.05722222,1
15406,TYE,Tyonek Airport,"Tyonek, AK",United States,Alaska,61.07666667,-151.13805556,1
15408,TYL,Capitan FAP Victor Montes International,"Talara, Peru",Peru,,-4.57666667,-81.25416667,1
15409,TYN,Wusu,"Taiyuan, China",China,,37.74583333,112.63055556,1
15410,TYO,Tokyo Metropolitan Area,"Tokyo, Japan",Japan,,35.6525,139.73194444,1
15411,TYR,Tyler Pounds Regional,"Tyler, TX",United States,Texas,32.35388889,-95.40277778,1
15412,TYS,McGhee Tyson,"Knoxville, TN",United States,Tennessee,35.81111111,-83.99416667,1
15413,TYZ,Taylor Airport,"Taylor, AZ",United States,Arizona,34.45277778,-110.115,1
15414,TZA,Belize Municipal,"Belize City, Belize",Belize,,17.5175,-88.19611111,1
15415,TZF,Maya Beach Airport,"Maya Beach, Belize",Belize,,16.62944444,-88.36888889,1
15416,TZL,Tuzla Airport,"Tuzla, Bosnia and Herzegovina",Bosnia and Herzegovina,,44.45861111,18.72472222,1
15417,TZN,Congo Town,"South Andos, The Bahamas",The Bahamas,,24.15888889,-77.59,1
15418,TZX,Trabzon Airport,"Trabzon, Turkey",Turkey,,40.995,39.78972222,1
15419,UAB,Incirlik AB,"Adana, Turkey",Turkey,,37.00194444,35.42583333,1
15420,UAH,Ua Huka Airport,"Ua Huka, French Polynesia",French Polynesia,,-8.93611111,-139.55388889,1
15421,UAK,Narsarsuaq Airport,"Narsarsuaq, Greenland",Greenland,,61.16027778,-45.42666667,1
15422,UAM,Andersen AFB,"Guam, TT",United States,U.S. Pacific Trust Territories and Possessions,13.58388889,144.93,1
15423,UAQ,San Juan Airport,"San Juan, Argentina",Argentina,,-31.57138889,-68.41833333,1
15424,UAS,Samburu Airport,"Samburu, Kenya",Kenya,,0.53416667,37.53166667,1
15425,UAX,Uaxactun Airport,"Uaxactun, Guatemala",Guatemala,,17.39388889,-89.63277778,1
15426,UBA,Mario de Almeida Franco,"Uberaba, Brazil",Brazil,,-19.765,-47.96472222,1
15427,UBF,Chatham Municipal,"Chatham, MA",United States,Massachusetts,41.68833333,-69.98972222,1
15428,UBJ,Yamaguchi Ube,"Ube, Japan",Japan,,33.93,131.27888889,1
15429,UBP,Ubon Ratchathani Airport,"Ubon Ratchathani, Thailand",Thailand,,15.25138889,104.87027778,1
15430,UBS,Columbus-Lowndes County,"Columbus, MS",United States,Mississippi,33.46527778,-88.38083333,1
15431,UCA,Oneida County,"Utica/Rome, NY",United States,New York,43.14138889,-75.38027778,1
15433,UCY,Everett-Stewart Regional,"Union City, TN",United States,Tennessee,36.37972222,-88.98583333,1
15434,UDD,Bermuda Dunes Airport,"Bermuda Dunes, CA",United States,California,33.74833333,-116.27472222,1
15435,UDG,Darlington County,"Darlington, SC",United States,South Carolina,34.4475,-79.88638889,1
15436,UDI,Uberlandia Airport,"Uberlandia, Brazil",Brazil,,-18.88361111,-48.22583333,1
15437,UDR,Maharana Pratap,"Udaipur, India",India,,24.6175,73.89638889,1
15438,UEL,Quelimane Airport,"Quelimane, Mozambique",Mozambique,,-17.85138889,36.86833333,1
15439,UEO,Kumejima Airport,"Kumejima, Japan",Japan,,26.36361111,126.71388889,1
15440,UES,Waukesha County,"Waukesha, WI",United States,Wisconsin,43.04111111,-88.23694444,1
15441,UET,Samungli International,"Quetta, Pakistan",Pakistan,,30.25138889,66.93777778,1
15442,UFA,Ufa Airport,"Ufa, Russia",Russia,,54.55777778,55.87388889,1
15443,UGA,Ugashik Airport,"Ugashik, AK",United States,Alaska,57.50638889,-157.39166667,1
15444,UGB,Ugashik Bay,"Pilot Point, AK",United States,Alaska,57.42527778,-157.74,1
15445,UGC,Urgench Airport,"Urgench, Uzbekistan",Uzbekistan,,41.5825,60.64361111,1
15446,UGI,Uganik Airport,"Uganik, AK",United States,Alaska,57.75,-153.31666667,1
15447,UGN,Waukegan National,"Waukegan, IL",United States,Illinois,42.42138889,-87.86694444,1
15448,UGS,Ugashik Airport,"Ugashik, AK",United States,Alaska,57.52333333,-157.39611111,1
15449,UHE,Uherske Hradiste Airport,"Uherske Hradiste, Czech Republic",Czech Republic,,49.06666667,17.45,1
15450,UHF,Upper Heyford Airport,"Upper Heyford, United Kingdom",United Kingdom,,51.93666667,-1.24916667,1
15451,UIB,El Carano,"Quibdo, Colombia",Colombia,,5.69083333,-76.64111111,1
15452,UIH,Phu Cat,"Qui Nhon, Vietnam",Vietnam,,13.955,109.04222222,1
15453,UII,Utila Island Hond.,"Utila Island, Honduras",Honduras,,16.08666667,-86.89111111,1
15454,UIN,Quincy Regional-Baldwin Field,"Quincy, IL",United States,Illinois,39.94305556,-91.19444444,1
15455,UIO,Old Mariscal Sucre International,"Quito, Ecuador",Ecuador,,-0.14138889,-78.48805556,1
15456,UIP,Quimper Pluguffan,"Quimper, France",France,,47.975,-4.17083333,1
15457,UKB,Kobe,"Kobe Honshu Island, Japan",Japan,,34.63277778,135.22388889,1
15458,UKI,Ukiah Municipal,"Ukiah, CA",United States,California,39.12583333,-123.20083333,1
15459,ULA,San Julian Airport,"San Julian, Argentina",Argentina,,-49.30666667,-67.80277778,1
15460,ULC,Los Cerrillos,"Santiago, Chile",Chile,,-33.48972222,-70.69472222,1
15461,ULI,Ulithi Airport,"Ulithi, Federated States of Micronesia",Federated States of Micronesia,,10.02,139.78972222,1
15462,ULM,New Ulm Municipal,"New Ulm, MN",United States,Minnesota,44.31833333,-94.50166667,1
15463,UBN,Buyant Ukhaa International,"Ulaanbaator, Mongolia",Mongolia,,47.8425,106.76722222,1
15464,ULQ,Heriberto Gil Martinez,"Tulua, Colombia",Colombia,,4.09444444,-76.22388889,1
15465,ULS,Ulysses Airport,"Ulysses, KS",United States,Kansas,37.60388889,-101.37361111,1
15466,ULY,Ulyanovsk Vostochny,"Ulyanovsk, Russia",Russia,,54.40083333,48.8025,1
15467,UMB,North Shore,"Umnak, AK",United States,Alaska,53.37666667,-167.8875,1
15468,UMD,Uummannaq Airport,"Uummannaq, Greenland",Greenland,,70.67972222,-52.11722222,1
15469,UME,Umea Airport,"Umea, Sweden",Sweden,,63.79083333,20.28472222,1
15470,UMM,Summit Airport,"Summit, AK",United States,Alaska,63.33111111,-149.12888889,1
15471,UMR,Woomera Airport,"Woomera, Australia",Australia,,-31.14416667,136.81694444,1
15472,UMT,Umiat Airport,"Umiat, AK",United States,Alaska,69.37111111,-152.135,1
15473,UMU,Orlando de Carvalho,"Umuarama, Brazil",Brazil,,-23.79916667,-53.31388889,1
15475,UND,Kunduz,"Konduz, Afghanistan",Afghanistan,,36.66444444,68.91333333,1
15476,UNG,Kiunga Airport,"Kiunga, Papua New Guinea",Papua New Guinea,,-6.12527778,141.28194444,1
15477,UNI,Union Island Airport,"Union Island, Saint Vincent and the Grenadines",Saint Vincent and the Grenadines,,12.60027778,-61.41166667,1
15478,UNK,Unalakleet Airport,"Unalakleet, AK",United States,Alaska,63.88333333,-160.79666667,1
15479,UNS,Umnak Airport,"Umnak, AK",United States,Alaska,53.22388889,-168.43222222,1
15480,UNT,Unst Airport,"Unst, United Kingdom",United Kingdom,,60.74694444,-0.85416667,1
15481,UOX,University-Oxford,"Oxford, MS",United States,Mississippi,34.38444444,-89.53666667,1
15482,UPG,Hasanuddin,"Ujung Pandang, Indonesia",Indonesia,,-5.06944444,119.55,1
15483,UPN,Uruapan Airport,"Uruapan, Mexico",Mexico,,19.39638889,-102.03888889,1
15484,UPP,Upolu,"Upolo Point, HI",United States,Hawaii,20.26527778,-155.86,1
15485,UQE,The Queens,"Queens, AK",United States,Alaska,58.87194444,-158.47166667,1
15486,URA,Uralsk Airport,"Uralsk, Kazakhstan",Kazakhstan,,51.15194444,51.54388889,1
15487,URB,Urubupunga Airport,"Urubupunga, Brazil",Brazil,,-20.77722222,-51.56416667,1
15488,URC,Tianshan,"Urumqi, China",China,,43.91944444,87.47361111,1
15489,URG,Rubem Berta International,"Uruguaiana, Brazil",Brazil,,-29.78194444,-57.03777778,1
15490,URO,Rouen Vallee de Seine,"Boos, France",France,,49.38527778,1.17611111,1
15491,URT,Surat Thani Airport,"Surat Thani, Thailand",Thailand,,9.1325,99.13555556,1
15492,URY,Guriat,"Gurayat, Saudi Arabia",Saudi Arabia,,31.41222222,37.27944444,1
15493,USH,Islas Malvinas,"Ushuaia, Argentina",Argentina,,-54.80277778,-68.32777778,1
15494,USI,Usi Belli Coal Mine,"Usibelli, AK",United States,Alaska,63.86666667,-148.78333333,1
15495,USM,Samui,"Koh Samui, Thailand",Thailand,,9.54805556,100.0625,1
15496,USN,Ulsan Airport,"Ulsan, South Korea",South Korea,,35.59361111,129.35166667,1
15497,UST,Northeast Florida Regional,"St. Augustine, FL",United States,Florida,29.95916667,-81.33972222,1
15498,UT1,Heber Valley,"Heber, UT",United States,Utah,40.48194444,-111.42888889,1
15499,UTB,Muttaburra Airport,"Muttaburra, Australia",Australia,,-22.58333333,144.53333333,1
15500,UTH,Udon Thani Airport,"Udon Thani, Thailand",Thailand,,17.38638889,102.78833333,1
15501,UTK,Utirik Island,"Utirik, Marshall Islands",Marshall Islands,,11.23333333,169.86666667,1
15502,UTM,Tunica Municipal,"Tunica, MS",United States,Mississippi,34.685,-90.34777778,1
15503,UTN,Upington International,"Upington, South Africa",South Africa,,-28.40166667,21.26111111,1
15504,UTO,Indian Mountain LRRS,"Utopia, AK",United States,Alaska,65.99277778,-153.70361111,1
15505,UTP,U Tapao Rayong Pattaya International,"Utapao, Thailand",Thailand,,12.67972222,101.005,1
15506,UTT,Mthatha Airport,"Mthatha, South Africa",South Africa,,-31.54611111,28.67527778,1
15507,UTW,Queenstown Airport,"Queenstown, South Africa",South Africa,,-31.92,26.88222222,1
15508,UUK,North Kuparuk,"Kuparuk, AK",United States,Alaska,70.36222222,-149.02833333,1
15509,UUS,Khomutovo,"Yuzhno-Sakhalinsk, Russia",Russia,,46.88555556,142.7175,1
15510,UUU,Manumu Airport,"Manumu, Papua New Guinea",Papua New Guinea,,-9.07388889,147.57416667,1
15511,UVA,Garner Field,"Uvalde, TX",United States,Texas,29.21138889,-99.74361111,1
15512,UVE,Ouvea Ouloup,"Ouvea, New Caledonia",New Caledonia,,-20.64055556,166.57277778,1
15513,UVF,Hewanorra International,"St. Lucia, Saint Lucia",Saint Lucia,,13.73333333,-60.95277778,1
15514,UVL,New Valley,"Kharja, Egypt",Egypt,,25.475,30.59083333,1
15515,UXA,Lik Camp Airport,"Lik Camp, AK",United States,Alaska,68.16666667,-163.2,1
15516,UXB,Fassberg Airport,"Fassberg, Germany",Germany,,52.92166667,-10.18416667,1
15517,UXC,Hawley Municipal,"Hawley, MN",United States,Minnesota,46.88388889,-96.35055556,1
15518,UXD,Chowchilla Airport,"Chowchilla, CA",United States,California,37.11333333,-120.24694444,1
15519,UXE,Faulkton Municipal,"Faulkton, SD",United States,South Dakota,45.03055556,-99.11277778,1
15520,UXF,Stanford Field,"St. Anthony, ID",United States,Idaho,43.95027778,-111.68472222,1
15521,UXG,Dutch John Airport,"Dutch John, UT",United States,Utah,40.91777778,-109.39055556,1
15522,GML,Antonov 2 International,"Kiev, Ukraine",Ukraine,,50.60361111,30.19111111,1
15523,UXI,Calder Bay Airport,"Calder Bay, AK",United States,Alaska,56.17166667,-133.49305556,1
15524,UXJ,Central Kentucky Regional,"Richmond, KY",United States,Kentucky,37.63166667,-84.3325,1
15525,UXK,Petaluma Municipal,"Petaluma, CA",United States,California,38.25777778,-122.60527778,1
15526,UXL,Chariot Airport,"Chariot, AK",United States,Alaska,68.09722222,-165.76388889,1
15527,UXM,47-Mile Mine Airport,"47-Mile Mine, AK",United States,Alaska,61.04444444,-158.14527778,1
15528,UXN,Big Sandy Regional,"Prestonsburg, KY",United States,Kentucky,37.75083333,-82.63666667,1
15529,UXO,Fitchburg Municipal,"Fitchburg, MA",United States,Massachusetts,42.55388889,-71.75916667,1
15530,UXP,Stennis International,"Bay St. Louis, MS",United States,Mississippi,30.36777778,-89.45472222,1
15531,UXQ,Gilze-Rijen Airport,"Gilze-Rijen, Netherlands",Netherlands,,51.56666667,4.93916667,1
15532,UXR,Monument Valley Airport,"Monument Valley, UT",United States,Utah,37.01666667,-110.20055556,1
15533,UXS,Cimarron Municipal,"Cimarron, KS",United States,Kansas,37.83277778,-100.34805556,1
15534,LPR,Lorain County Regional,"Lorain/Elyria, OH",United States,Ohio,41.34416667,-82.17777778,1
15535,UXU,Cheboygan County,"Cheboygan, MI",United States,Michigan,45.65361111,-84.51916667,1
15536,UXV,Enterprise Municipal,"Enterprise, OR",United States,Oregon,45.42472222,-117.26472222,1
15537,UXW,Putnam County,"Cookeville, TN",United States,Tennessee,36.19333333,-85.48694444,1
15538,UXX,Hot Springs Airport,"Hot Springs, MT",United States,Montana,47.6125,-114.61333333,1
15539,UXY,Circle Town County,"Circle, MT",United States,Montana,47.41833333,-105.56083333,1
15540,UXZ,Garrison Municipal,"Garrison, ND",United States,North Dakota,47.65611111,-101.43666667,1
15541,UY1,Angel S Adami,"Melilla, Uruguay",Uruguay,,-34.78888889,-56.265,1
15543,UYL,Nyala Airport,"Nyala, Sudan",Sudan,,12.05361111,24.95611111,1
15544,UZU,Curuzu Cuatia Airport,"Curuzu Cuatia, Argentina",Argentina,,-29.77055556,-57.97888889,1
15545,VA1,Emporia Greensville Regional,"Emporia, VA",United States,Virginia,36.68694444,-77.48277778,1
15546,VA2,Chesapeake Regional,"Chesapeake, VA",United States,Virginia,36.66555556,-76.32055556,1
15547,VA3,Mountain Empire,"Marion/Wytheville, VA",United States,Virginia,36.89472222,-81.35,1
15548,VA4,Leesburg Executive,"Leesburg, VA",United States,Virginia,39.07805556,-77.5575,1
15549,VAA,Vaasa Airport,"Vaasa, Finland",Finland,,63.05138889,21.76166667,1
15550,VAD,Moody AFB,"Valdosta, GA",United States,Georgia,30.96861111,-83.19305556,1
15552,VAF,Valence Chabeuil,"Valence, France",France,,44.92166667,4.97,1
15553,VAI,Vanimo Airport,"Vanimo, Papua New Guinea",Papua New Guinea,,-2.6925,141.30277778,1
15554,VAK,Chevak Airport,"Chevak, AK",United States,Alaska,61.54083333,-165.60083333,1
15555,VAN,Van Airport,"Van, Turkey",Turkey,,38.46833333,43.33222222,1
15556,VAO,Suavanao Airport,"Suavanao, Solomon Islands",Solomon Islands,,-7.58527778,158.73111111,1
15557,VAR,Varna Airport,"Varna, Bulgaria",Bulgaria,,43.23194444,27.82527778,1
15558,VAS,Sivas Airport,"Sivas, Turkey",Turkey,,39.81388889,36.90361111,1
15559,VAV,Vava'u International,"Vava'u, Tonga",Tonga,,-18.58555556,-173.96277778,1
15561,VBG,Vandenberg Sfb,"Lompoc, CA",United States,California,34.73722222,-120.58444444,1
15562,VBS,Brescia Montichiari,"Brescia, Italy",Italy,,45.42861111,10.33138889,1
15563,VBY,Visby Airport,"Visby, Sweden",Sweden,,57.66277778,18.34611111,1
15564,VCA,Can Tho International,"Can Tho, Vietnam",Vietnam,,10.08361111,105.70944444,1
15565,VCB,View Cove Airport,"View Cove, AK",United States,Alaska,55.06666667,-133.01666667,1
15566,VCE,Marco Polo International,"Venice, Italy",Italy,,45.50472222,12.34972222,1
15567,VCP,Viracopos International,"Sao Paulo, Brazil",Brazil,,-23.0075,-47.13444444,1
15568,VCR,Carora Airport,"Carora, Venezuela",Venezuela,,10.17555556,-70.06527778,1
15569,VCT,Victoria Regional,"Victoria, TX",United States,Texas,28.85416667,-96.91861111,1
15570,VCV,Southern California Logistics,"Victorville, CA",United States,California,34.58388889,-117.38638889,1
15571,VDA,Ovda Airport,"Ovda, Israel",Israel,,29.94027778,34.93583333,1
15572,VDC,Vitoria Da Conquista Airport,"Vitoria Da Conquista, Brazil",Brazil,,-14.86277778,-40.86305556,1
15573,VDE,El Hierro,"Valverde, Spain",Spain,,27.81472222,-17.88694444,1
15574,VDI,Vidalia Regional,"Vidalia, GA",United States,Georgia,32.19277778,-82.37111111,1
15575,VDM,Viedma Airport,"Viedma, Argentina",Argentina,,-40.85,-63.01666667,1
15576,VDP,Valle de la Pascua Airport,"Valle de la Pascua, Venezuela",Venezuela,,9.22194444,-65.99333333,1
15577,VDR,Villa Dolores Airport,"Villa Dolores, Argentina",Argentina,,-31.94527778,-65.14611111,1
15578,VDS,Vadso Airport,"Vadso, Norway",Norway,,70.06527778,29.84555556,1
15579,VDZ,Valdez Pioneer Field,"Valdez, AK",United States,Alaska,61.13416667,-146.24472222,1
15581,VEE,Venetie Airport,"Venetie, AK",United States,Alaska,67.00861111,-146.36638889,1
15582,VEL,Vernal Regional,"Vernal, UT",United States,Utah,40.43611111,-109.51138889,1
15583,VEO,Roy Otten Memorial Airfield,"Versailles, MO",United States,Missouri,38.42777778,-92.875,1
15584,VER,Veracruz International,"Veracruz, Mexico",Mexico,,19.13916667,-96.18888889,1
15585,VEY,Vestmannaeyjar Airport,"Vestmannaeyjar, Iceland",Iceland,,63.425,-20.27916667,1
15586,VFA,Victoria Falls International,"Victoria Falls, Zimbabwe",Zimbabwe,,-18.09694444,25.83583333,1
15587,VGA,Vijayawada Airport,"Vijayawada, India",India,,16.5325,80.80527778,1
15588,VGO,Vigo Airport,"Vigo, Spain",Spain,,42.23194444,-8.62666667,1
15589,VGT,North Las Vegas,"Las Vegas, NV",United States,Nevada,36.21055556,-115.19416667,1
15590,VHM,Vilhelmina Airport,"Vilhelmina, Sweden",Sweden,,64.57916667,16.83361111,1
15591,VHY,Vichy Charmeil,"Vichy, France",France,,46.17166667,3.40416667,1
15593,VIC,Vicenza Airport,"Vicenza, Italy",Italy,,45.57333333,11.52944444,1
15594,VID,Vidin Airport,"Vidin, Bulgaria",Bulgaria,,44.0,22.83333333,1
15595,VIE,Wien Schwechat,"Vienna, Austria",Austria,,48.11,16.56972222,1
15596,VIG,Juan Pablo Perez Alfonzo,"El Vigia, Venezuela",Venezuela,,8.62388889,-71.675,1
15597,VIH,Rolla National,"Vichy, MO",United States,Missouri,38.1275,-91.76944444,1
15598,VIJ,Virgin Gorda Airport,"Virgin Gorda, British Virgin Islands",British Virgin Islands,,18.44638889,-64.42805556,1
15599,VIK,Kavik River Airport,"Kavik River, AK",United States,Alaska,69.67722222,-146.89916667,1
15600,VIL,Dakhla International,"Dakhla, Morocco",Morocco,,23.71833333,-15.93194444,1
15601,VIS,Visalia Municipal,"Visalia, CA",United States,California,36.31861111,-119.39277778,1
15602,VIT,Vitoria Airport,"Vitoria, Spain",Spain,,42.88277778,-2.72444444,1
15603,VIX,Eurico de Aguiar Salles International,"Vitoria, Brazil",Brazil,,-20.25777778,-40.28666667,1
15604,VKO,Vnukovo,"Moscow, Russia",Russia,,55.59583333,37.26583333,1
15605,VKS,Vicksburg Municipal,"Vicksburg, MS",United States,Mississippi,32.23916667,-90.92805556,1
15606,VLC,Valencia Airport,"Valencia, Spain",Spain,,39.49,-0.48333333,1
15607,VLD,Valdosta Regional,"Valdosta, GA",United States,Georgia,30.79,-83.275,1
15608,VLI,Port Vila Airport,"Port Vila, Vanuatu",Vanuatu,,-17.69805556,168.3175,1
15609,VLL,Valladolid Airport,"Valladolid, Spain",Spain,,41.70638889,-4.85194444,1
15610,VLN,Arturo Michelena International,"Valencia, Venezuela",Venezuela,,10.14972222,-67.92805556,1
15612,VLR,Vallenar Airport,"Vallenar, Chile",Chile,,-28.59611111,-70.755,1
15613,VLV,Dr. Antonio Nicolas Briceno,"Valera, Venezuela",Venezuela,,9.34083333,-70.58444444,1
15614,VME,Mercedes,"Villa Mercedes, Argentina",Argentina,,-33.64611111,-65.42138889,1
15615,VNC,Venice Municipal,"Venice, FL",United States,Florida,27.07138889,-82.44,1
15616,VNO,Vilnius International,"Vilnius, Lithuania",Lithuania,,54.63416667,25.28583333,1
15617,VNS,Lal Bahadur Shastri Varanasi International,"Varanasi, India",India,,25.45222222,82.86194444,1
15618,VNY,Van Nuys Airport,"Van Nuys, CA",United States,California,34.20972222,-118.49,1
15619,VOG,Gumrak,"Volgograd, Russia",Russia,,48.78027778,44.33555556,1
15620,VOK,Volk Field,"Camp Douglas, WI",United States,Wisconsin,43.93916667,-90.25305556,1
15621,VOL,Volos Airport,"Volos, Greece",Greece,,39.38333333,22.93111111,1
15622,GA9,Cartersville Airport,"Cartersville, GA",United States,Georgia,34.12305556,-84.84861111,1
15623,VPE,Ondjiva Airport,"Ondjiva, Angola",Angola,,-17.04333333,15.68388889,1
15624,VPS,Eglin AFB Destin Fort Walton Beach,"Valparaiso, FL",United States,Florida,30.48333333,-86.52611111,1
15625,VPZ,Porter County Regional,"Valparaiso, IN",United States,Indiana,41.45444444,-87.00694444,1
15626,VQS,Antonio Rivera Rodriguez,"Vieques, PR",United States,Puerto Rico,18.13472222,-65.49361111,1
15627,VRA,Juan Gualberto Gomez International,"Varadero, Cuba",Cuba,,23.03444444,-81.43527778,1
15628,VRB,Vero Beach Regional,"Vero Beach, FL",United States,Florida,27.65555556,-80.41805556,1
15629,VRC,Virac Airport,"Virac, Philippines",Philippines,,13.57694444,124.205,1
15630,VRK,Varkaus Airport,"Varkaus, Finland",Finland,,62.17333333,27.86611111,1
15631,VRN,Verona Villafranca,"Verona, Italy",Italy,,45.39694444,10.89027778,1
15632,VSA,Villahermosa International,"Villahermosa, Mexico",Mexico,,17.99694444,-92.81722222,1
15633,VSE,Viseu Airport,"Viseu, Portugal",Portugal,,40.72555556,-7.88916667,1
15634,VSF,Hartness State,"Springfield, VT",United States,Vermont,43.34361111,-72.51722222,1
15635,VST,Vasteras Airport,"Vasteras, Sweden",Sweden,,59.58972222,16.63388889,1
15636,VTE,Wattay International,"Vientiane, Laos",Laos,,17.98833333,102.56333333,1
15637,VTN,Miller Field,"Valentine, NE",United States,Nebraska,42.85666667,-100.54888889,1
15638,VTZ,Visakhapatnam Airport,"Visakhapatnam, India",India,,17.72361111,83.22777778,1
15639,VUJ,Stanly County,"Albemarle, NC",United States,North Carolina,35.41722222,-80.15083333,1
15640,VUO,Pearson Field,"Vancouver, WA",United States,Washington,45.62055556,-122.65638889,1
15641,VUP,Alfonso Lopez Pumarejo,"Valledupar, Colombia",Colombia,,10.435,-73.24944444,1
15642,API,Capt Luis F Gomez Nino,"Villavicencio, Colombia",Colombia,,4.07611111,-73.56277778,1
15643,VVI,Viru Viru International,"Santa Cruz, Bolivia",Bolivia,,-17.64472222,-63.13527778,1
15644,VVK,Vastervik Airport,"Vastervik, Sweden",Sweden,,57.77833333,16.52527778,1
15645,VVO,Knevichi,"Vladivostok, Russia",Russia,,43.39805556,132.14888889,1
15646,VWA,Headland Municipal,"Headland, AL",United States,Alabama,31.36416667,-85.3125,1
15647,VWB,Myrtle Creek Municipal,"Myrtle Creek, OR",United States,Oregon,42.99722222,-123.31527778,1
15648,VWC,Music City Exec,"Gallatin, TN",United States,Tennessee,36.375,-86.40833333,1
15649,VWD,Hanford Municipal,"Hanford, CA",United States,California,36.31666667,-119.62777778,1
15650,VWE,Lake Chelan,"Chelan, WA",United States,Washington,47.86611111,-119.94277778,1
15651,VWF,Custer County,"Custer, SD",United States,South Dakota,43.73361111,-103.61944444,1
15652,VWG,Tillamook,"Garibaldi, OR",United States,Oregon,45.41833333,-123.81444444,1
15653,VWH,Odessa Schlemeyer Field,"Midland/Odessa, TX",United States,Texas,31.92138889,-102.38722222,1
15654,VWI,California City Municipal,"California City, CA",United States,California,35.15111111,-118.01666667,1
15655,VWJ,McNeil,"Cameron, SC",United States,South Carolina,33.55944444,-80.64833333,1
15656,VWK,Saratoga County,"Saratoga Springs, NY",United States,New York,43.05111111,-73.86138889,1
15657,VWL,Nary National Shefland Field,"Bemidji, MN",United States,Minnesota,47.37527778,-94.79861111,1
15658,VWM,Weed Airport,"Weed, CA",United States,California,41.48083333,-122.45444444,1
15659,VWN,Avi Suquilla,"Parker, AZ",United States,Arizona,34.14972222,-114.26777778,1
15660,VWO,Arlington Municipal,"Arlington, WA",United States,Washington,48.16083333,-122.15916667,1
15661,VWP,Bernard Usfs,"Bernard, ID",United States,Idaho,44.97972222,-114.73472222,1
15662,VWQ,Kingdon Airpark,"Lodi, CA",United States,California,38.09194444,-121.35833333,1
15663,VWR,Independence Airport,"Independence, CA",United States,California,36.81638889,-118.205,1
15664,VWS,Colonel James Jabara,"Wichita, KS",United States,Kansas,37.7475,-97.22111111,1
15665,VWT,Jimmy Carter Regional,"Americus, GA",United States,Georgia,32.11166667,-84.18666667,1
15668,VWW,Deer Lodge-City-County,"Deer Lodge, MT",United States,Montana,46.38777778,-112.765,1
15669,VWX,South Texas Regional at Hondo,"Hondo, TX",United States,Texas,29.35944444,-99.17833333,1
15670,VWY,Landsberg-Lech,"Landsberg Am Lech, Germany",Germany,,48.07055556,10.90611111,1
15671,VWZ,Granite Creek Mine Airport,"Granite Creek Mine, AK",United States,Alaska,62.36305556,-156.97416667,1
15672,VXE,Sao Pedro International,"Sao Vicente, Cape Verde",Cape Verde,,16.83361111,-25.05472222,1
15673,VXO,Smaland,"Vaxjo, Sweden",Sweden,,56.92916667,14.72805556,1
15674,VYD,Vryheid Airport,"Vryheid, South Africa",South Africa,,-27.78666667,30.79361111,1
15675,VYS,Illinois Valley Regional,"Peru, IL",United States,Illinois,41.35027778,-89.15305556,1
15676,VZA,Marvel Creek Mine Airport,"Marvel Creek Mine, AK",United States,Alaska,60.90611111,-159.63916667,1
15677,VZB,Mitrofania Airport,"Mitrofania, AK",United States,Alaska,56.00166667,-158.83333333,1
15678,VZC,Mush Bay Airport,"Mush Bay, AK",United States,Alaska,57.7,-153.47333333,1
15679,VZD,Campbell Lagoon Airport,"Campbell Lagoon, AK",United States,Alaska,57.85555556,-153.63333333,1
15680,VZE,Frazer Lake Airport,"Frazer Lake, AK",United States,Alaska,57.20833333,-154.08611111,1
15681,VZF,Afognak Straits Airport,"Afognak Straits, AK",United States,Alaska,58.0,-152.81666667,1
15682,VZG,Moffet Bay Airport,"Moffet Bay, AK",United States,Alaska,55.42833333,-162.63,1
15683,VZH,Mineola Wisener Field,"Mineola, TX",United States,Texas,32.67666667,-95.51083333,1
15684,VZI,Brundidge Municipal,"Brundidge, AL",United States,Alabama,31.73333333,-85.80472222,1
15685,VZJ,Payette Municipal,"Payette, ID",United States,Idaho,44.09388889,-116.91138889,1
15687,VZL,Los Alamitos AAF,"Los Alamitos, CA",United States,California,33.79,-118.05138889,1
15688,VZM,Jensens Strip Airport,"Jensens Strip, AK",United States,Alaska,57.95,-157.05,1
15689,VZN,Wildman Creek Airport,"Wildman Creek, AK",United States,Alaska,56.25,-159.91666667,1
15690,VZO,Stepovak Airport,"Stepovak, AK",United States,Alaska,55.83333333,-159.86666667,1
15692,VZQ,Puale Bay Airport,"Puale Bay, AK",United States,Alaska,57.73333333,-155.63333333,1
15693,VZR,Katmai Bay Airport,"Katmai Bay, AK",United States,Alaska,58.0,-154.96666667,1
15694,VZS,Kashvik Bay Airport,"Kashvik Bay, AK",United States,Alaska,57.96666667,-155.13333333,1
15695,VZT,Cinder Mountain Airport,"Cinder Mountain, AK",United States,Alaska,57.05833333,-157.8,1
15696,VZU,Hagemeister Island Airport,"Hagemeister Island, AK",United States,Alaska,58.75,-160.83333333,1
15697,VZV,Cape Peirce Airport,"Cape Peirce, AK",United States,Alaska,58.55277778,-161.76861111,1
15698,VZW,Cape Greig Airport,"Cape Greig, AK",United States,Alaska,57.71666667,-157.71666667,1
15699,YDU,Kasba Lake Airport,"Kasba Lake, Canada",Canada,Northwest Territories,60.29194444,-102.50194444,1
15700,VZY,Katmai Lodge Airport,"Katmai Lodge, AK",United States,Alaska,59.07,-156.04833333,1
15701,VZZ,South St. Paul Municipal-Richard E. Fleming Field,"South St. Paul, MN",United States,Minnesota,44.85722222,-93.03277778,1
15703,WA2,Mansfield Airport,"Mansfield, WA",United States,Washington,47.80944444,-119.63694444,1
15704,WA3,Bayview Farms,"Burlington, WA",United States,Washington,48.52083333,-122.46527778,1
15705,WA4,Isaacson,"Medical Lake, WA",United States,Washington,47.65916667,-117.68166667,1
15706,WA5,Methow Valley State,"Winthrop, WA",United States,Washington,48.425,-120.14583333,1
15707,WA6,Stehekin Seaplane Landing,"Stehekin, WA",United States,Washington,48.3,-120.65,1
15708,WA7,Chelan Seaplane Landing,"Chelan, WA",United States,Washington,47.83333333,-120.03333333,1
15709,WAA,Wales Airport,"Wales, AK",United States,Alaska,65.6225,-168.095,1
15710,WAB,Wabag Airport,"Wabag, Papua New Guinea",Papua New Guinea,,-5.48333333,143.73333333,1
15711,WAD,Andriamena Airport,"Andriamena, Madagascar",Madagascar,,-17.45,47.5125,1
15712,WAG,Whanganui,"Wanganui, New Zealand",New Zealand,,-39.96333333,175.02444444,1
15713,WAL,Wallops Flight Facility,"Chincoteague, VA",United States,Virginia,37.94027778,-75.46638889,1
15714,WAR,Warsaw Municipal,"Warsaw, IN",United States,Indiana,41.27472222,-85.84,1
15715,WAS,Washington DC Metropolitan Area,"Washington, DC",United States,District of Columbia,38.88333333,-77.03333333,1
15716,WAT,Waterford Airport,"Waterford, Ireland",Ireland,,52.18722222,-7.08694444,1
15717,WAV,Wave Hill Old,"Wave Hill, Australia",Australia,,-17.4375,130.925,1
15718,WAW,Warsaw Chopin,"Warsaw, Poland",Poland,,52.16583333,20.96722222,1
15720,WBA,Wahai Airport,"Wahai, Indonesia",Indonesia,,-2.81138889,129.48388889,1
15721,WBB,Stebbins Airport,"Stebbins, AK",United States,Alaska,63.51583333,-162.27805556,1
15722,WBH,Commerce/Montebello Heliport,"Commerce/Montebello, CA",United States,California,34.01666667,-118.13333333,1
15723,WBM,Wapenamanda Airport,"Wapenamanda, Papua New Guinea",Papua New Guinea,,-5.635,143.89222222,1
15724,WBN,Woburn Airport,"Woburn, MA",United States,Massachusetts,42.39722222,-71.15277778,1
15725,WBQ,Beaver Airport,"Beaver, AK",United States,Alaska,66.36222222,-147.40638889,1
15726,WBR,Roben-Hood,"Big Rapids, MI",United States,Michigan,43.72277778,-85.50416667,1
15727,WBS,Bennettsville Airport,"Bennettsville, SC",United States,South Carolina,34.62194444,-79.7325,1
15728,WBY,Downtown Airport,"Downtown, CA",United States,California,34.0525,-118.25944444,1
15729,WCA,Gamboa,"Castro, Chile",Chile,,-42.49111111,-73.77416667,1
15730,WCL,Whalers Cove Lodge Airport,"Whalers Cove Lodge, AK",United States,Alaska,57.46666667,-134.56666667,1
15731,WCR,Chandalar Lake,"Chandalar, AK",United States,Alaska,67.50444444,-148.48333333,1
15732,WDB,Wide Bay Airport,"Wide Bay, AK",United States,Alaska,57.37138889,-156.4125,1
15734,WDG,Enid Woodring Regional,"Enid, OK",United States,Oklahoma,36.37666667,-97.78805556,1
15735,WDH,Hosea Kutako International,"Windhoek, Namibia",Namibia,,-22.48,17.47083333,1
15736,WA8,Waldron Airstrip,"Eastsound, WA",United States,Washington,48.71166667,-123.01833333,1
15737,WDR,Barrow County,"Winder, GA",United States,Georgia,33.98277778,-83.66722222,1
15738,WEH,Dashuipo Airport,"Dashuipo, China",China,,37.18694444,122.22888889,1
15739,WEI,Weipa Airport,"Weipa, Australia",Australia,,-12.6775,141.9225,1
15740,WEL,Welkom Airport,"Welkom, South Africa",South Africa,,-27.99805556,26.66972222,1
15741,WFB,Ketchikan Waterfront Seaplane Base,"Ketchikan, AK",United States,Alaska,55.35805556,-131.66833333,1
15744,WGA,Wagga Wagga Airport,"Wagga Wagga, Australia",Australia,,-35.16333333,147.46861111,1
15745,WGE,Walgett Airport,"Walgett, Australia",Australia,,-30.03333333,148.12555556,1
15746,WGG,Bahia Tortugas Airport,"Bahia Tortugas, Mexico",Mexico,,27.70527778,-114.91111111,1
15747,WGL,Isle Baltra Off-Line Point,"Isle Baltra, Ecuador",Ecuador,,-0.45,-90.25,1
15749,WGO,Winchester Regional,"Winchester, VA",United States,Virginia,39.14361111,-78.14444444,1
15750,WGP,Mau Hau,"Waingapu, Indonesia",Indonesia,,-9.67222222,120.30833333,1
15751,WFK,Northern Aroostook Regional,"Frenchville, ME",United States,Maine,47.28555556,-68.31277778,1
15754,WHD,Hyder Seaplane Base,"Hyder, AK",United States,Alaska,55.90361111,-130.005,1
15755,WHK,Whakatane Airport,"Whakatane, New Zealand",New Zealand,,-37.92222222,176.91694444,1
15756,WHO,Franz Josef Airport,"Franz Josef, New Zealand",New Zealand,,-43.36222222,170.1325,1
15758,WHR,Vail/Avon,"Eagle, CO",United States,Colorado,39.61666667,-106.38388889,1
15759,WHT,Wharton Regional,"Wharton, TX",United States,Texas,29.25416667,-96.15444444,1
15760,WI1,Black River Falls Area,"Black River Falls, WI",United States,Wisconsin,44.25083333,-90.85527778,1
15761,WI2,Price County,"Phillips, WI",United States,Wisconsin,45.70888889,-90.4025,1
15762,WIB,Wilbur Airport,"Wilbur, WA",United States,Washington,47.75333333,-118.745,1
15763,WIC,Wick Airport,"Wick, United Kingdom",United Kingdom,,58.45888889,-3.09305556,1
15766,WIL,Nairobi/Wilson,"Nairobi, Kenya",Kenya,,-1.32333333,36.81472222,1
15767,WIN,Winton Airport,"Winton, Australia",Australia,,-22.3625,143.08611111,1
15768,WJA,Woja Airport,"Woja, Marshall Islands",Marshall Islands,,7.46666667,168.56666667,1
15769,WJF,General William J. Fox Airfield,"Lancaster, CA",United States,California,34.74111111,-118.21861111,1
15772,WKA,Wanaka Airport,"Wanaka, New Zealand",New Zealand,,-44.72194444,169.24638889,1
15773,WKJ,Wakkanai Airport,"Wakkanai, Japan",Japan,,45.40444444,141.80222222,1
15774,WKK,Aleknagik New,"Aleknagik, AK",United States,Alaska,59.2825,-158.61777778,1
15775,WKL,Waikoloa Heliport,"Waikoloa Village, HI",United States,Hawaii,19.91361111,-155.86388889,1
15776,HWN,Hwange National Park,"Hwange, Zimbabwe",Zimbabwe,,-18.63,27.02083333,1
15777,WKN,Wakunai Airport,"Wakunai, Papua New Guinea",Papua New Guinea,,-5.86027778,155.22222222,1
15778,WKR,Walker's,"Walker's Cay, The Bahamas",The Bahamas,,27.2575,-78.40194444,1
15779,WKV,Penns Landing Seaplane Base,"Philadelphia, PA",United States,Pennsylvania,39.96527778,-75.1375,1
15781,WLB,Labouchere Bay Airport,"Labouchere Bay, AK",United States,Alaska,56.28333333,-133.65,1
15782,WLD,Strother Field,"Winfield, KS",United States,Kansas,37.16861111,-97.0375,1
15783,WLG,Wellington International,"Wellington, New Zealand",New Zealand,,-41.32666667,174.80694444,1
15784,WLH,Walaha Airport,"Walaha, Vanuatu",Vanuatu,,-15.41194444,167.69111111,1
15785,WLK,Selawik Airport,"Selawik, AK",United States,Alaska,66.60027778,-159.98583333,1
15786,WLM,Waltham Hospital Heliport,"Waltham, MA",United States,Massachusetts,42.3675,-71.23472222,1
15787,WLS,Wallis Hihifo,"Wallis Island, Wallis and Futuna",Wallis and Futuna,,-13.23833333,-176.19944444,1
15789,WLW,Willows Glenn County,"Willows, CA",United States,California,39.51583333,-122.21722222,1
15790,WMB,Warrnambool Airport,"Warrnambool, Australia",Australia,,-38.29555556,142.44805556,1
15791,WMC,Winnemucca Municipal,"Winnemucca, NV",United States,Nevada,40.89666667,-117.80583333,1
15792,WMH,Baxter County,"Mountain Home, AR",United States,Arkansas,36.36888889,-92.47055556,1
15793,WMK,Meyers Chuck Seaplane Base,"Meyers Chuck, AK",United States,Alaska,55.74,-132.25333333,1
15794,WMO,White Mountain Airport,"White Mountain, AK",United States,Alaska,64.68916667,-163.41277778,1
15795,WMR,Avaratra,"Mananara, Madagascar",Madagascar,,-16.16388889,49.77388889,1
15798,WNA,Napakiak Airport,"Napakiak, AK",United States,Alaska,60.69027778,-161.97861111,1
15799,WNN,Wunnumin Lake Airport,"Wunnumin Lake, Canada",Canada,Ontario,52.89388889,-89.28916667,1
15800,WNP,Naga Airport,"Naga, Philippines",Philippines,,13.585,123.27083333,1
15801,WNR,Windorah Airport,"Windorah, Australia",Australia,,-25.41055556,142.66861111,1
15802,WNS,Nawabshah,"Nawab Shah, Pakistan",Pakistan,,26.21944444,68.38444444,1
15804,WNZ,Longwan,"Wenzhou, China",China,,27.90861111,120.85222222,1
15805,WOD,Wood River Airport,"Wood River, AK",United States,Alaska,59.06666667,-134.75,1
15807,WOW,Willow Airport,"Willow, AK",United States,Alaska,61.75416667,-150.05166667,1
15810,WPM,Wipim Airport,"Wipim, Papua New Guinea",Papua New Guinea,,-8.78805556,142.88222222,1
15812,WPU,Guardiamarina Zanartu,"Puerto Williams, Chile",Chile,,-54.93111111,-67.62638889,1
15813,WQA,Ovid Airport,"Ovid, NY",United States,New York,42.65472222,-76.79638889,1
15814,WQB,Mandan Regional Lawler Field,"Mandan, ND",United States,North Dakota,46.76805556,-100.89444444,1
15815,WQC,Ravalli County,"Hamilton, MT",United States,Montana,46.25722222,-114.12388889,1
15816,WQD,Tulelake Municipal,"Tulelake, CA",United States,California,41.89055556,-121.36055556,1
15817,WQE,Dinsmore Airport,"Dinsmore, CA",United States,California,40.49194444,-123.59833333,1
15818,WQF,Rigby Airport,"Rigby, ID",United States,Idaho,43.64277778,-111.92916667,1
15819,WQG,Hesperia Airport,"Hesperia, CA",United States,California,34.37694444,-117.31611111,1
15820,WQH,Butte Valley,"Dorris, CA",United States,California,41.88722222,-121.97555556,1
15821,WQI,Connell City,"Connell, WA",United States,Washington,46.66138889,-118.83055556,1
15822,WQJ,Peard Bay Airport,"Peard Bay, AK",United States,Alaska,70.8,-158.33333333,1
15823,WQK,Broadwater County,"Townsend, MT",United States,Montana,46.33111111,-111.4825,1
15824,WQL,Bluff Airport,"Bluff, AK",United States,Alaska,64.59055556,-163.77527778,1
15825,CWF,Chennault International,"Lake Charles, LA",United States,Louisiana,30.21055556,-93.14305556,1
15826,WQN,Taylor County,"Campbellsville, KY",United States,Kentucky,37.35833333,-85.30944444,1
15827,WQO,Rosamond Skypark,"Rosamond, CA",United States,California,34.87055556,-118.20555556,1
15828,WQP,Oceano County,"Oceano, CA",United States,California,35.10166667,-120.62222222,1
15829,WQQ,Custer State Park,"Fairburn, SD",United States,South Dakota,43.725,-103.35,1
15830,WQR,Tibbetts,"Naknek, AK",United States,Alaska,58.73416667,-157.00722222,1
15831,WQS,Poplar Municipal,"Poplar, MT",United States,Montana,48.13444444,-105.16222222,1
15832,WQT,Bridger Municipal,"Bridger, MT",United States,Montana,45.29166667,-108.92583333,1
15833,WQU,Portales Municipal,"Portales, NM",United States,New Mexico,34.14555556,-103.41027778,1
15835,WQW,David River Airport,"David River, AK",United States,Alaska,55.91444444,-161.6375,1
15836,WQX,Kiavak Airport,"Kiavak, AK",United States,Alaska,57.01666667,-153.66666667,1
15837,WQY,Port Wakefield Airport,"Port Wakefield, AK",United States,Alaska,58.05277778,-153.05,1
15838,WQZ,Chignik Lake Airport,"Chignik Lake, AK",United States,Alaska,56.25555556,-158.77777778,1
15839,WRB,Robins AFB,"Macon, GA",United States,Georgia,32.64027778,-83.59194444,1
15840,WRE,Whangarei Airport,"Whangarei, New Zealand",New Zealand,,-35.76916667,174.36361111,1
15841,WRG,Wrangell Airport,"Wrangell, AK",United States,Alaska,56.48444444,-132.36972222,1
15842,WRI,McGuire Field,"Fort Dix, NJ",United States,New Jersey,40.01555556,-74.59166667,1
15843,WRL,Worland Municipal,"Worland, WY",United States,Wyoming,43.96277778,-107.95055556,1
15845,WRO,Strachowice,"Wroclaw, Poland",Poland,,51.10388889,16.88194444,1
15846,WSB,Steamboat Bay Airport,"Steamboat Bay, AK",United States,Alaska,55.51666667,-133.63333333,1
15847,WSG,Washington County,"Washington, PA",United States,Pennsylvania,40.13638889,-80.29027778,1
15848,WSH,Brookhaven,"Shirley, NY",United States,New York,40.82194444,-72.86694444,1
15849,WSI,Wasilla Airport,"Wasilla, AK",United States,Alaska,61.58416667,-149.45666667,1
15850,WSJ,San Juan Airport,"San Juan, AK",United States,Alaska,57.73111111,-153.31833333,1
15852,WSM,Wiseman Airport,"Wiseman, AK",United States,Alaska,67.405,-150.12083333,1
15853,WSN,South Naknek 2,"South Naknek, AK",United States,Alaska,58.70194444,-157.0025,1
15854,WSP,Waspam Airport,"Waspam, Nicaragua",Nicaragua,,14.74083333,-83.96888889,1
15855,WST,Westerly State,"Westerly, RI",United States,Rhode Island,41.34972222,-71.80333333,1
15856,WSX,Westsound Airport,"Westsound, WA",United States,Washington,48.66666667,-122.88333333,1
15857,WSY,Whitsunday Airstrip,"Shute Harbour/Whitsunday, Australia",Australia,,-20.27611111,148.755,1
15858,WSZ,Westport Airport,"Westport, New Zealand",New Zealand,,-41.73722222,171.57916667,1
15859,WTC,World Trade Center Heliport,"New York, NY",United States,New York,40.7125,-74.015,1
15860,WTD,West End Airport,"West End, The Bahamas",The Bahamas,,26.68611111,-78.97583333,1
15861,WTK,Noatak Airport,"Noatak, AK",United States,Alaska,67.56111111,-162.98055556,1
15862,WTL,Tuntutuliak Airport,"Tuntutuliak, AK",United States,Alaska,60.35111111,-162.65472222,1
15863,WTN,RAF Waddington,"Waddington, United Kingdom",United Kingdom,,53.16611111,-0.52388889,1
15864,WTR,Whiteriver Airport,"Whiteriver, AZ",United States,Arizona,33.81055556,-109.98583333,1
15865,WTS,Tsiroanomandidy Airport,"Tsiroanomandidy, Madagascar",Madagascar,,-18.75944444,46.05416667,1
15866,WTT,Whittier Airport,"Whittier, AK",United States,Alaska,60.77722222,-148.72166667,1
15867,WUG,Wau Airport,"Wau, Papua New Guinea",Papua New Guinea,,-7.345,146.71888889,1
15868,WUH,Tianhe,"Wuhan, China",China,,30.77416667,114.21944444,1
15869,WUJ,Duchesne Municipal,"Duchesne, UT",United States,Utah,40.19361111,-110.3825,1
15870,WUQ,Avco,"Ocean Shores, WA",United States,Washington,47.00555556,-124.15833333,1
15871,WUU,Wau Airport,"Wau, South Sudan",South Sudan,,7.72583333,27.97472222,1
15872,WUX,Shuofang,"Wuxi, China",China,,31.4975,120.43055556,1
15873,WV1,Mcs-Pad Heliport,"Charleston, WV",United States,West Virginia,38.29444444,-81.56555556,1
15874,WVA,Washington-Virginia,"Falls Church, VA",United States,Virginia,38.83333333,-77.11666667,1
15875,WVB,Walvis Bay Airport,"Walvis Bay, Namibia",Namibia,,-22.97944444,14.64722222,1
15877,WVI,Watsonville Municipal,"Watsonville, CA",United States,California,36.93583333,-121.78972222,1
15878,WVK,Manakara Airport,"Manakara, Madagascar",Madagascar,,-22.11972222,48.02138889,1
15879,WVL,Waterville Regional,"Augusta/Waterville, ME",United States,Maine,44.53333333,-69.67555556,1
15881,WWA,Wasilla Airport,"Wasilla, AK",United States,Alaska,61.57194444,-149.53944444,1
15882,WWD,Cape May County,"Cape May, NJ",United States,New Jersey,39.00833333,-74.90861111,1
15883,WWK,Wewak Airport,"Wewak, Papua New Guinea",Papua New Guinea,,-3.58361111,143.66888889,1
15885,WWP,Whale Pass Airport,"Whale Pass, AK",United States,Alaska,56.11666667,-133.11666667,1
15886,WWR,West Woodward,"Woodward, OK",United States,Oklahoma,36.43805556,-99.52277778,1
15887,WWT,Mertarvik,"Newtok, AK",United States,Alaska,60.81027778,-164.49944444,1
15892,WY1,Ralph Wenz Field,"Pinedale, WY",United States,Wyoming,42.7975,-109.81111111,1
15893,WYA,Whyalla Airport,"Whyalla, Australia",Australia,,-33.05722222,137.51555556,1
15894,WYB,Yes Bay Lodge Seaplane Base,"Yes Bay, AK",United States,Alaska,55.91611111,-131.80111111,1
15895,WYE,Yengema Airport,"Yengema, Sierra Leone",Sierra Leone,,8.6175,-11.05,1
15896,WYN,Wyndham Airport,"Wyndham, Australia",Australia,,-15.51138889,128.15305556,1
15897,WYS,Yellowstone,"West Yellowstone, MT",United States,Montana,44.68833333,-111.11777778,1
15899,WZY,Nassau Seaplane Base,"Nassau, The Bahamas",The Bahamas,,25.0825,-77.32722222,1
15900,XAL,Alamos Airport,"Alamos, Mexico",Mexico,,27.03888889,-108.94888889,1
15901,XAP,Serafin Enoss Bertaso,"Chapeco, Brazil",Brazil,,-27.13388889,-52.65888889,1
15902,XBE,Bearskin Lake Airport,"Bearskin Lake, Canada",Canada,Ontario,53.96555556,-91.02722222,1
15903,XBR,Brockville Regional Tackaberry,"Brockville, Canada",Canada,Ontario,44.63944444,-75.75027778,1
15904,XCH,Christmas Island Airport,"Christmas Island, Christmas Island",Christmas Island,,-10.45027778,105.69111111,1
15905,XCL,Cluff Lake Airport,"Cluff Lake, Canada",Canada,Saskatchewan,58.39138889,-109.51638889,1
15906,XCR,Chalons Vatry,"Chalons-En-Champagne, France",France,,48.77611111,4.18416667,1
15907,XES,Americana,"Lake Geneva, WI",United States,Wisconsin,42.61444444,-88.39,1
15908,XIC,Qingshan,"Xichang, China",China,,27.98888889,102.18444444,1
15910,XIY,Xianyang,"Xi'an, China",China,,34.43972222,108.75944444,1
15913,XLS,Saint Louis Ousmane Masseck Ndiaye,"St. Louis, Senegal",Senegal,,16.05194444,-16.46138889,1
15914,XLW,Lemwerder Airport,"Lemwerder, Germany",Germany,,53.1425,8.62388889,1
15915,XMD,Madison Municipal,"Madison, SD",United States,South Dakota,44.01638889,-97.08555556,1
15916,XMH,Manihi Airport,"Manihi, French Polynesia",French Polynesia,,-14.43111111,-146.06833333,1
15917,XMN,Gaoqi,"Xiamen, China",China,,24.54416667,118.12777778,1
15918,XMR,Marmande Virazeil,"Marmande, France",France,,44.49916667,0.20027778,1
15919,XNA,Northwest Arkansas National,"Fayetteville, AR",United States,Arkansas,36.28166667,-94.30777778,1
15920,XNG,Quang Ngai Airport,"Quang Ngai, Vietnam",Vietnam,,15.11361111,108.77583333,1
15921,XNN,Xining Airport,"Xining, China",China,,36.55,101.75,1
15923,XPL,Palmerola International,"Comayagua, Honduras",Honduras,,14.3825,-87.62111111,1
15924,XQC,Joint Base Balad,"Al Bakr, Iraq",Iraq,,33.94027778,44.36166667,1
15925,XQP,Quepos Airport,"Quepos, Costa Rica",Costa Rica,,9.44361111,-84.12944444,1
15926,XRH,Richmond AFB,"Richmond, Australia",Australia,,-33.60444444,150.78222222,1
15927,XRS,Reston Airport,"Reston, VA",United States,Virginia,38.96194444,-77.35805556,1
15928,XRY,Jerez,"Jerez de la Frontera, Spain",Spain,,36.74472222,-6.06,1
15929,XSC,South Caicos International,"South Caicos, Turks and Caicos Islands",Turks and Caicos Islands,,21.51583333,-71.52916667,1
15930,XSD,Tonopah Test Range,"Tonopah, NV",United States,Nevada,37.79888889,-116.78083333,1
15931,XSM,St. Mary's County Regional,"Leonardtown, MD",United States,Maryland,38.31583333,-76.55222222,1
15932,XSP,Seletar Airport,"Seletar, Singapore",Singapore,,1.41555556,103.86666667,1
15933,XUZ,Xuzhou Airport,"Xuzhou, China",China,,34.26666667,117.18333333,1
15934,A8K,Granite Point Ndb,"Granite Point, AK",United States,Alaska,60.96166667,-151.33166667,1
15936,XWC,Yantarni Bay Airport,"Yantarni Bay, AK",United States,Alaska,56.88333333,-156.56666667,1
15937,EML,Emmen Airport,"Emmen, Switzerland",Switzerland,,47.0925,8.305,1
15938,XWE,Copalis State,"Copalis, WA",United States,Washington,47.14472222,-124.18916667,1
15939,XWF,Jerome County,"Jerome, ID",United States,Idaho,42.72666667,-114.45666667,1
15941,XWH,Aztec Municipal,"Aztec, NM",United States,New Mexico,36.83694444,-108.02861111,1
15943,XWJ,Dexter Regional,"Dexter, ME",United States,Maine,45.00444444,-69.2375,1
15944,XWK,Port Orchard Airport,"Port Orchard, WA",United States,Washington,47.43222222,-122.66777778,1
15945,XWL,McCarley Field,"Blackfoot, ID",United States,Idaho,43.20916667,-112.34972222,1
15946,XWM,Riyadh Military,"Riyadh, Saudi Arabia",Saudi Arabia,,24.71055556,46.72472222,1
15947,XWN,William P Gwinn,"Jupiter, FL",United States,Florida,26.90805556,-80.32833333,1
15948,XWO,Kimball Municipal/Robert E. Arraj Field,"Kimball, NE",United States,Nebraska,41.18805556,-103.6775,1
15949,AKH,Prince Sultan AB,"Al Kharj, Saudi Arabia",Saudi Arabia,,24.07027778,47.56222222,1
15950,IWK,Iwakuni MCAS,"Iwakuni, Japan",Japan,,34.145,132.24694444,1
15952,XWS,Oliktok LRRS,"Oliktok, AK",United States,Alaska,70.49972222,-149.87944444,1
15953,XWT,Nushagak Bay Airport,"Nushagak Bay, AK",United States,Alaska,57.45,-158.0,1
15954,XWU,Perry County,"Marion, AL",United States,Alabama,32.55833333,-87.30972222,1
15956,XWW,Teton Peaks,"Driggs, ID",United States,Idaho,43.74277778,-111.09666667,1
15961,WFD,Manchester Woodford,"Woodford, United Kingdom",United Kingdom,,53.33805556,-2.14888889,1
15963,XXD,Smiley Johnson Municipal/Bass Field,"Clarendon, TX",United States,Texas,34.91138889,-100.86944444,1
15964,XXE,Lakewood Airport,"Lakewood, NJ",United States,New Jersey,40.06694444,-74.1775,1
15966,XXG,Arthur D. Little Heliport,"Cambridge, MA",United States,Massachusetts,42.5,-71.11777778,1
15968,XJD,Al Udeid Air Base,"Doha, Qatar",Qatar,,25.11722222,51.315,1
15971,XXN,Ells Field-Willits Municipal,"Willits, CA",United States,California,39.45138889,-123.37222222,1
15972,XXO,General Dick Stout Field,"Hurricane, UT",United States,Utah,37.14027778,-113.30611111,1
15973,XXP,Lampson Field,"Lakeport, CA",United States,California,38.99055556,-122.90083333,1
15975,XXR,Mariposa-Yosemite,"Mariposa, CA",United States,California,37.51083333,-120.03944444,1
15976,XXS,Hobby Field,"Creswell, OR",United States,Oregon,43.93083333,-123.00666667,1
15977,XXT,Polson Airport,"Polson, MT",United States,Montana,47.69555556,-114.18527778,1
15978,XXU,Ashland Municipal-Sumner Parker Field,"Ashland, OR",United States,Oregon,42.19027778,-122.66055556,1
15979,XXV,Decatur Shores,"Decatur, WA",United States,Washington,48.49972222,-122.81388889,1
15980,LCQ,Lake City Gateway,"Lake City, FL",United States,Florida,30.18194444,-82.57694444,1
15981,XXX,Mena Intermountain Municipal,"Mena, AR",United States,Arkansas,34.54555556,-94.2025,1
15982,XXY,Rohnerville,"Fortuna, CA",United States,California,40.55388889,-124.13277778,1
15983,XXZ,Black Rock,"Zuni Pueblo, NM",United States,New Mexico,35.08333333,-108.79166667,1
15984,XYA,Yandina Airport,"Yandina, Solomon Islands",Solomon Islands,,-9.09416667,159.22055556,1
15986,YAA,Anahim Lake Airport,"Anahim Lake, Canada",Canada,British Columbia,52.45138889,-125.30361111,1
15987,YAC,Cat Lake Airport,"Cat Lake, Canada",Canada,Ontario,51.72722222,-91.82444444,1
15988,YAF,Asbestos,"Asbestos Hill, Canada",Canada,Quebec,45.79166667,-71.99111111,1
15989,YAG,Fort Frances Municipal,"Fort Frances, Canada",Canada,Ontario,48.65583333,-93.44333333,1
15990,YAH,La Grande 4 Airport,"La Grande 4, Canada",Canada,Quebec,53.75472222,-73.67527778,1
15991,YAK,Yakutat Airport,"Yakutat, AK",United States,Alaska,59.50888889,-139.65972222,1
15992,YAM,Sault Ste. Marie Airport,"Sault Ste. Marie, Canada",Canada,Ontario,46.48333333,-84.50833333,1
15993,YAO,Yaounde Ville,"Yaounde, Cameroon",Cameroon,,3.83611111,11.52333333,1
15994,YAP,Yap International,"Yap, Federated States of Micronesia",Federated States of Micronesia,,9.49888889,138.0825,1
15995,YAT,Attawapiskat Airport,"Attawapiskat, Canada",Canada,Ontario,52.9275,-82.43194444,1
15996,YAU,Kattiniq Donaldson,"Kattiniq, Canada",Canada,Quebec,61.66222222,-73.32138889,1
15997,YAV,Miners Bay Airport,"Miners Bay, Canada",Canada,British Columbia,48.51666667,-123.18333333,1
15998,YAY,St. Anthony Airport,"St. Anthony, Canada",Canada,Newfoundland and Labrador,51.39194444,-56.08305556,1
15999,YAZ,Long Beach,"Tofino, Canada",Canada,British Columbia,49.07916667,-125.77555556,1
16000,YBA,Banff Airport,"Banff, Canada",Canada,Alberta,51.2,-115.53333333,1
16001,YBB,Kugaaruk Airport,"Kugaaruk, Canada",Canada,Nunavut Territory,68.53583333,-89.80527778,1
16002,YBC,Baie Comeau Airport,"Baie Comeau, Canada",Canada,Quebec,49.1325,-68.20444444,1
16003,YBE,Uranium City Airport,"Uranium City, Canada",Canada,Saskatchewan,59.56138889,-108.48138889,1
16004,YBG,Bagotville,"Saguenay, Canada",Canada,Quebec,48.33194444,-70.9925,1
16005,YBJ,Baie Johan Beetz Airport,"Baie Johan Beetz, Canada",Canada,Quebec,50.5,-62.91666667,1
16006,YBK,Baker Lake Airport,"Baker Lake, Canada",Canada,Nunavut Territory,64.29888889,-96.07777778,1
16007,YBL,Campbell River Airport,"Campbell River, Canada",Canada,British Columbia,49.95194444,-125.27305556,1
16008,YBM,Bronson Creek Airport,"Bronson Creek, Canada",Canada,British Columbia,56.68333333,-131.08694444,1
16009,YBR,Brandon Municipal,"Brandon, Canada",Canada,Manitoba,49.9075,-99.95277778,1
16010,YBS,Opapimiskan Lake Airport,"Opapimiskan Lake, Canada",Canada,Ontario,52.60861111,-90.37694444,1
16011,YBT,Brochet Airport,"Brochet, Canada",Canada,Manitoba,57.88944444,-101.67916667,1
16012,YBV,Berens River Airport,"Berens River, Canada",Canada,Manitoba,52.35888889,-97.01805556,1
16013,YBX,Blanc Sablon Airport,"Blanc Sablon, Canada",Canada,Quebec,51.43361111,-57.21666667,1
16014,YCB,Cambridge Bay Airport,"Cambridge Bay, Canada",Canada,Nunavut Territory,69.10805556,-105.13722222,1
16015,YCC,Cornwall Regional,"Cornwall, Canada",Canada,Ontario,45.09277778,-74.56805556,1
16016,YCD,Nanaimo Airport,"Nanaimo, Canada",Canada,British Columbia,49.05444444,-123.87,1
16017,YCF,Cortes Bay Airport,"Cortes Bay, Canada",Canada,British Columbia,50.05694444,-124.83333333,1
16018,YCG,West Kootenay Regional,"Castlegar/Nelson/Trail, Canada",Canada,British Columbia,49.29611111,-117.6325,1
16019,YCH,Miramichi Airport,"Miramichi, Canada",Canada,New Brunswick,47.00777778,-65.44916667,1
16020,YCJ,Cape Saint James Airport,"Cape Saint James, Canada",Canada,British Columbia,51.93333333,-131.01666667,1
16021,YCK,Tommy Kochon,"Colville Lake, Canada",Canada,Northwest Territories,67.02111111,-126.12861111,1
16022,YCL,Charlo Airport,"Charlo, Canada",Canada,New Brunswick,47.99083333,-66.33027778,1
16023,YCM,Niagara District,"St. Catharines, Canada",Canada,Ontario,43.19166667,-79.17111111,1
16024,YCN,Cochrane Airport,"Cochrane, Canada",Canada,Ontario,49.10666667,-81.01527778,1
16025,YCO,Kugluktuk,"Kugluktuk/Coppermine, Canada",Canada,Nunavut Territory,67.81666667,-115.14388889,1
16026,YCR,Cross Lake Airport,"Cross Lake, Canada",Canada,Manitoba,54.61083333,-97.76027778,1
16027,YCS,Chesterfield Inlet Airport,"Chesterfield Inlet, Canada",Canada,Nunavut Territory,63.34722222,-90.73111111,1
16028,YCY,Clyde River Airport,"Clyde River, Canada",Canada,Nunavut Territory,70.48583333,-68.51694444,1
16029,YDA,Dawson City Airport,"Dawson City, Canada",Canada,Yukon Territory,64.04222222,-139.13,1
16030,YDB,Burwash,"Burwash Landings, Canada",Canada,Yukon Territory,61.37055556,-139.04,1
16031,YDF,Deer Lake Airport,"Deer Lake, Canada",Canada,Newfoundland and Labrador,49.20916667,-57.39444444,1
16032,YDL,Dease Lake Airport,"Dease Lake, Canada",Canada,British Columbia,58.42222222,-130.03138889,1
16033,YDN,Dauphin Barker,"Dauphin, Canada",Canada,Manitoba,51.10416667,-100.05222222,1
16034,YDP,Nain Airport,"Nain, Canada",Canada,Newfoundland and Labrador,56.55055556,-61.68222222,1
16035,YDQ,Dawson Creek Airport,"Dawson Creek, Canada",Canada,British Columbia,55.74222222,-120.18305556,1
16036,YDS,Desolation Sound Marine Park,"Desolation Sound, Canada",Canada,British Columbia,50.18333333,-124.7,1
16038,YRI,Riviere-Du-Loup Airport,"Riviere-Du-Loup, Canada",Canada,Quebec,47.76444444,-69.58444444,1
16039,YEA,Edmonton Metropolitan Area,"Edmonton, Canada",Canada,Alberta,53.43805556,-113.5525,1
16040,YEC,Yecheon Airport,"Yecheon, South Korea",South Korea,,36.63194444,128.355,1
16041,YED,Edmonton Namao Heliport,"Edmonton, Canada",Canada,Alberta,53.66805556,-113.47194444,1
16042,YEG,Edmonton International,"Edmonton, Canada",Canada,Alberta,53.30972222,-113.57944444,1
16043,YEK,Arviat Airport,"Arviat, Canada",Canada,Nunavut Territory,61.09388889,-94.07166667,1
16044,YEL,Elliot Lake Municipal,"Elliot Lake, Canada",Canada,Ontario,46.35166667,-82.56111111,1
16045,YEM,Manitoulin East Municipal,"Manitowaning, Canada",Canada,Ontario,45.8425,-81.8575,1
16046,YEO,Yeovilton Airport,"Yeovilton, United Kingdom",United Kingdom,,51.00888889,-2.63805556,1
16047,YER,Fort Severn Airport,"Fort Severn, Canada",Canada,Ontario,56.01888889,-87.67611111,1
16048,YEU,Eureka Airport,"Eureka, Canada",Canada,Nunavut Territory,79.99444444,-85.81194444,1
16049,YEV,Inuvik Airport,"Inuvik, Canada",Canada,Northwest Territories,68.29305556,-133.4875,1
16050,YFB,Iqaluit Airport,"Iqaluit, Canada",Canada,Nunavut Territory,63.75666667,-68.55611111,1
16051,YFC,Fredericton International,"Fredericton, Canada",Canada,New Brunswick,45.86861111,-66.53,1
16052,YFO,Flin Flon Airport,"Flin Flon, Canada",Canada,Manitoba,54.67805556,-101.68194444,1
16053,YFR,Fort Resolution Airport,"Fort Resolution, Canada",Canada,Northwest Territories,61.18083333,-113.68972222,1
16054,YFS,Fort Simpson Airport,"Fort Simpson, Canada",Canada,Northwest Territories,61.76027778,-121.23666667,1
16055,YGA,Gagnon Airport,"Gagnon, Canada",Canada,Quebec,51.95638889,-68.13916667,1
16056,YGB,Texada Gillies Bay,"Gillies Bay, Canada",Canada,British Columbia,49.69388889,-124.51777778,1
16057,YGE,Gorge Harbor Airport,"Gorge Harbor, Canada",Canada,British Columbia,50.08333333,-124.95,1
16058,YGG,Ganges Harbor Airport,"Ganges Harbor, Canada",Canada,British Columbia,48.85,-123.5,1
16059,YGH,Fort Good Hope Ice Strip,"Fort Good Hope, Canada",Canada,Northwest Territories,66.26666667,-128.65,1
16060,YGJ,Miho,"Yonago, Japan",Japan,,35.49333333,133.23916667,1
16061,YGK,Kingston Airport,"Kingston, Canada",Canada,Ontario,44.21944444,-76.60166667,1
16062,YGL,La Grande Riviere,"La Grande, Canada",Canada,Quebec,53.62527778,-77.70416667,1
16063,YGN,Greenway Sound Airport,"Greenway Sound, Canada",Canada,British Columbia,50.85,-126.85,1
16064,YGP,Michel Pouliot,"Gaspe, Canada",Canada,Quebec,48.775,-64.48166667,1
16065,YGQ,Geraldton Greenstone Regional,"Geraldton, Canada",Canada,Ontario,49.77861111,-86.93861111,1
16066,YGR,Iles de la Madeleine Airport,"Iles de la Madeleine, Canada",Canada,Quebec,47.42722222,-61.775,1
16067,YGT,Igloolik Airport,"Igloolik, Canada",Canada,Nunavut Territory,69.36472222,-81.81638889,1
16068,YGV,Havre St. Pierre Airport,"Havre St. Pierre, Canada",Canada,Quebec,50.28194444,-63.61111111,1
16069,YGW,Kuujjuarapik Airport,"Kuujjuarapik, Canada",Canada,Quebec,55.28194444,-77.76527778,1
16070,YGX,Gillam Airport,"Gillam, Canada",Canada,Manitoba,56.35777778,-94.71083333,1
16072,YGZ,Grise Fiord Airport,"Grise Fiord, Canada",Canada,Nunavut Territory,76.42583333,-82.90805556,1
16073,YHA,Port Hope Simpson Airport,"Port Hope Simpson, Canada",Canada,Newfoundland and Labrador,52.52805556,-56.28527778,1
16074,YHD,Dryden Regional,"Dryden, Canada",Canada,Ontario,49.83138889,-92.74361111,1
16075,YHF,Hearst Municipal,"Hearst, Canada",Canada,Ontario,49.71388889,-83.68694444,1
16076,YHH,Harbor,"Campbell River, Canada",Canada,British Columbia,50.05,-125.25,1
16077,YHI,Ulukhaktok,"Holman Island, Canada",Canada,Northwest Territories,70.76277778,-117.80611111,1
16078,YHM,John C. Munro Hamilton International,"Hamilton, Canada",Canada,Ontario,43.17388889,-79.92361111,1
16079,YHN,Hornepayne Municipal,"Hornepayne, Canada",Canada,Ontario,49.19305556,-84.75944444,1
16080,YHR,Harrington Harbour Airport,"Harrington Harbour, Canada",Canada,Quebec,50.5,-59.5,1
16081,YHS,Sechelt Airport,"Sechelt, Canada",Canada,British Columbia,49.46027778,-123.71666667,1
16082,YHT,Haines Junction Airport,"Haines Junction, Canada",Canada,Yukon Territory,60.78944444,-137.54527778,1
16083,YHU,Montreal Metropolitan,"Montreal, Canada",Canada,Quebec,45.51527778,-73.41666667,1
16084,YHY,Merlyn Carter,"Hay River, Canada",Canada,Northwest Territories,60.83972222,-115.78916667,1
16085,YHZ,Stanfield International,"Halifax, Canada",Canada,Nova Scotia,44.88777778,-63.50555556,1
16086,YIB,Atikokan Municipal,"Atikokan, Canada",Canada,Ontario,48.77416667,-91.63888889,1
16087,YIF,St Augustin,"Pakuashipi, Canada",Canada,Quebec,51.21,-58.6575,1
16088,YIG,Big Bay Marina Airport,"Big Bay Marina, Canada",Canada,British Columbia,50.38333333,-125.13333333,1
16089,YIH,Yichang Sanxia,"Yichang, China",China,,30.55472222,111.48222222,1
16090,YIO,Pond Inlet Airport,"Pond Inlet, Canada",Canada,Nunavut Territory,72.68944444,-77.96888889,1
16091,YIP,Willow Run,"Detroit, MI",United States,Michigan,42.24444444,-83.52,1
16092,YIV,Island Lake Airport,"Island Lake, Canada",Canada,Manitoba,53.85722222,-94.65361111,1
16093,YIW,Yiwu Airport,"Yiwu, China",China,,29.33972222,120.03055556,1
16094,YJO,Johnny Mountain Airport,"Johnny Mountain, Canada",Canada,British Columbia,56.66666667,-131.11666667,1
16095,YJT,Stephenville Dymond,"Stephenville, Canada",Canada,Newfoundland and Labrador,48.54444444,-58.55,1
16096,YKA,Kamloops Airport,"Kamloops, Canada",Canada,British Columbia,50.70166667,-120.43972222,1
16097,YKF,Waterloo,"Kitchener, Canada",Canada,Ontario,43.45916667,-80.38583333,1
16098,YKG,Kangirsuk Airport,"Kangirsuk, Canada",Canada,Quebec,60.02722222,-69.99916667,1
16099,YKJ,Key Lake Airport,"Key Lake, Canada",Canada,Saskatchewan,57.25638889,-105.6175,1
16100,YKL,Schefferville Airport,"Schefferville, Canada",Canada,Quebec,54.80527778,-66.80527778,1
16101,YKM,Yakima Air Terminal/McAllister Field,"Yakima, WA",United States,Washington,46.56805556,-120.54416667,1
16102,YKN,Chan Gurney Municipal,"Yankton, SD",United States,South Dakota,42.91666667,-97.38583333,1
16103,YKS,Yakutsk Airport,"Yakutsk, Russia",Russia,,62.09388889,129.77611111,1
16104,YKU,Ft. George,"Fort George, Canada",Canada,Quebec,53.82111111,-79.005,1
16105,YKX,Kirkland Lake Airport,"Kirkland Lake, Canada",Canada,Ontario,48.21027778,-79.98138889,1
16106,YKZ,Buttonville Municipal,"Toronto, Canada",Canada,Ontario,43.86083333,-79.36861111,1
16107,YLC,Lake Harbour,"Kimmirut/Lake Harbour, Canada",Canada,Nunavut Territory,62.85,-69.88333333,1
16108,YLD,Chapleau Airport,"Chapleau, Canada",Canada,Ontario,47.8225,-83.35055556,1
16109,YLH,Lansdowne House Airport,"Lansdowne House, Canada",Canada,Ontario,52.19555556,-87.93416667,1
16110,YLL,Lloydminster Airport,"Lloydminster, Canada",Canada,Alberta,53.31055556,-110.07416667,1
16111,YLP,Mingan Airport,"Mingan, Canada",Canada,Quebec,50.29,-64.15555556,1
16112,YLQ,La Tuque Airport,"La Tuque, Canada",Canada,Quebec,47.40916667,-72.78916667,1
16113,YLR,Leaf Rapids Airport,"Leaf Rapids, Canada",Canada,Manitoba,56.51333333,-99.98555556,1
16114,YLT,Alert Airport,"Alert, Canada",Canada,Nunavut Territory,82.51722222,-62.28444444,1
16115,YLW,Kelowna Airport,"Kelowna, Canada",Canada,British Columbia,49.95694444,-119.37805556,1
16116,YMA,Mayo Airport,"Mayo, Canada",Canada,Yukon Territory,63.61666667,-135.86888889,1
16117,YMB,Merritt Airport,"Merritt, Canada",Canada,British Columbia,50.12277778,-120.745,1
16118,YME,Matane Russell Burnett,"Matane, Canada",Canada,Quebec,48.85638889,-67.45222222,1
16119,YMH,Mary's Harbour Airport,"Mary's Harbour, Canada",Canada,Newfoundland and Labrador,52.30277778,-55.84777778,1
16120,YML,Charlevoix,"Murray Bay, Canada",Canada,Quebec,47.5975,-70.22388889,1
16121,YMM,Fort McMurray Airport,"Fort McMurray, Canada",Canada,Alberta,56.65333333,-111.22333333,1
16122,YMO,Moosonee Airport,"Moosonee, Canada",Canada,Ontario,51.29194444,-80.60277778,1
16123,YMP,Port McNeill Airport,"Port McNeill, Canada",Canada,British Columbia,50.57194444,-127.02555556,1
16124,YMQ,Montreal Metropolitan Area,"Montreal, Canada",Canada,Quebec,45.555,-73.73388889,1
16125,YMS,Yurimaguas Airport,"Yurimaguas, Peru",Peru,,-5.89361111,-76.11833333,1
16126,YMT,Chapais,"Chibougamau, Canada",Canada,Quebec,49.77194444,-74.52805556,1
16127,YMV,Manic-5,"Manicouagan, Canada",Canada,Quebec,50.6575,-68.8325,1
16128,YMX,Montreal Airport,"Montreal, Canada",Canada,Quebec,45.66472222,-74.03,1
16129,YNA,Natashquan Airport,"Natashquan, Canada",Canada,Quebec,50.19,-61.78888889,1
16130,YNB,Prince Abdulmohsin Bin Abdulaziz,"Yenbo, Saudi Arabia",Saudi Arabia,,24.14416667,38.06361111,1
16131,YND,Gatineau-Ottawa Executive,"Gatineau, Canada",Canada,Quebec,45.52166667,-75.56361111,1
16132,YNE,Norway House Airport,"Norway House, Canada",Canada,Manitoba,53.95833333,-97.84416667,1
16133,YNG,Youngstown-Warren Regional,"Youngstown/Warren, OH",United States,Ohio,41.26138889,-80.68083333,1
16134,YNH,Hudson's Hope Airport,"Hudson's Hope, Canada",Canada,British Columbia,56.03527778,-121.97805556,1
16135,YNJ,Chaoyangchuan,"Yanji, China",China,,42.88277778,129.45138889,1
16136,YNK,Nootka Sound Airport,"Nootka Sound, Canada",Canada,British Columbia,49.6,-126.61666667,1
16137,YNL,Points North Landing Airport,"Points North Landing, Canada",Canada,Saskatchewan,58.27666667,-104.0825,1
16138,YNM,Matagami Airport,"Matagami, Canada",Canada,Quebec,49.76166667,-77.80277778,1
16139,YNT,Laishan,"Yantai, China",China,,37.39722222,121.37,1
16140,YNY,Yangyang International,"Yangyang, South Korea",South Korea,,38.06138889,128.66916667,1
16141,YOC,Old Crow Airport,"Old Crow, Canada",Canada,Yukon Territory,67.57,-139.84,1
16142,YOD,Group Captain R W McNair,"Cold Lake, Canada",Canada,Alberta,54.40472222,-110.28444444,1
16143,YOG,Ogoki Airport,"Ogoki, Canada",Canada,Ontario,51.63333333,-85.95,1
16144,YOJ,High Level Airport,"High Level, Canada",Canada,Alberta,58.62166667,-117.16472222,1
16145,YOL,Yola Airport,"Yola, Nigeria",Nigeria,,9.25777778,12.43055556,1
16146,YOO,Oshawa Executive,"Oshawa, Canada",Canada,Ontario,43.92194444,-78.89527778,1
16147,YOP,Rainbow Lake Airport,"Rainbow Lake, Canada",Canada,Alberta,58.49111111,-119.40666667,1
16149,YOW,Macdonald Cartier International,"Ottawa, Canada",Canada,Ontario,45.31611111,-75.665,1
16150,YOX,Rea Point Airport,"Rea Point, Canada",Canada,Nunavut Territory,75.36416667,-105.72638889,1
16151,YPA,Prince Albert Glass Field,"Prince Albert, Canada",Canada,Saskatchewan,53.21805556,-105.67305556,1
16152,YPE,Peace River Airport,"Peace River, Canada",Canada,Alberta,56.22722222,-117.44833333,1
16153,YPL,Pickle Lake Airport,"Pickle Lake, Canada",Canada,Ontario,51.44638889,-90.21361111,1
16154,YPN,Port Menier Airport,"Port Menier, Canada",Canada,Quebec,49.83638889,-64.28861111,1
16155,YPO,Peawanuck Airport,"Peawanuck, Canada",Canada,Ontario,54.98805556,-85.44333333,1
16156,YPQ,Peterborough Airport,"Peterborough, Canada",Canada,Ontario,44.23055556,-78.36305556,1
16157,YPR,Prince Rupert,"Digby Island, Canada",Canada,British Columbia,54.28583333,-130.44472222,1
16158,YPS,Port Hawkesbury Airport,"Port Hawkesbury, Canada",Canada,Nova Scotia,45.65638889,-61.36833333,1
16159,YPW,Powell River Airport,"Powell River, Canada",Canada,British Columbia,49.83416667,-124.50055556,1
16160,YPX,Puvirnituq,"Povungnituk, Canada",Canada,Quebec,60.05222222,-77.2875,1
16161,YPY,Fort Chipewyan Airport,"Fort Chipewyan, Canada",Canada,Alberta,58.7675,-111.1175,1
16162,YQA,Muskoka Airport,"Muskoka, Canada",Canada,Ontario,44.97638889,-79.30666667,1
16163,YQB,Jean Lesage International,"Quebec, Canada",Canada,Quebec,46.78861111,-71.3975,1
16164,YQD,The Pas Airport,"The Pas, Canada",Canada,Manitoba,53.97138889,-101.09111111,1
16165,YQF,Red Deer Regional,"Red Deer, Canada",Canada,Alberta,52.17555556,-113.8925,1
16166,YQG,Windsor Airport,"Windsor, Canada",Canada,Ontario,42.27333333,-82.97027778,1
16167,YQH,Watson Lake Airport,"Watson Lake, Canada",Canada,Yukon Territory,60.11638889,-128.8225,1
16168,YQI,Yarmouth Airport,"Yarmouth, Canada",Canada,Nova Scotia,43.82972222,-66.08194444,1
16169,YQK,Kenora Airport,"Kenora, Canada",Canada,Ontario,49.78833333,-94.36305556,1
16170,YQL,Lethbridge County,"Lethbridge, Canada",Canada,Alberta,49.62972222,-112.79,1
16171,YQM,Greater Moncton Romeo Leblanc International,"Moncton, Canada",Canada,New Brunswick,46.10694444,-64.69305556,1
16172,YQQ,Comox Airport,"Comox, Canada",Canada,British Columbia,49.71666667,-124.895,1
16173,YQR,Regina International,"Regina, Canada",Canada,Saskatchewan,50.42916667,-104.65666667,1
16174,YQT,Thunder Bay Airport,"Thunder Bay, Canada",Canada,Ontario,48.37111111,-89.32916667,1
16175,YQU,Grande Prairie Airport,"Grande Prairie, Canada",Canada,Alberta,55.18444444,-118.89472222,1
16176,YQV,Yorkton Regional,"Yorkton, Canada",Canada,Saskatchewan,51.265,-102.46222222,1
16177,YQW,North Battleford Airport,"North Battleford, Canada",Canada,Saskatchewan,52.76916667,-108.24305556,1
16178,YQX,Gander International,"Gander, Canada",Canada,Newfoundland and Labrador,48.94777778,-54.56,1
16179,YQY,Sydney Airport,"Sydney, Canada",Canada,Nova Scotia,46.16722222,-60.04083333,1
16180,YQZ,Quesnel Airport,"Quesnel, Canada",Canada,British Columbia,53.02611111,-122.51027778,1
16181,YRB,Resolute Bay Airport,"Resolute Bay, Canada",Canada,Nunavut Territory,74.71694444,-94.96916667,1
16182,YRC,St Honore,"Chicoutimi, Canada",Canada,Quebec,48.52055556,-71.05166667,1
16183,YRD,Dean River Airport,"Dean River, Canada",Canada,British Columbia,52.81666667,-126.96666667,1
16184,YRJ,Roberval Airport,"Roberval, Canada",Canada,Quebec,48.52,-72.26583333,1
16185,YRL,Red Lake Airport,"Red Lake, Canada",Canada,Ontario,51.06722222,-93.79305556,1
16186,YRQ,Trois Rivieres Airport,"Trois Rivieres, Canada",Canada,Quebec,46.35166667,-72.68055556,1
16187,YRT,Rankin Inlet Airport,"Rankin Inlet, Canada",Canada,Nunavut Territory,62.81055556,-92.11472222,1
16188,YSB,Sudbury Airport,"Sudbury, Canada",Canada,Ontario,46.62722222,-80.79722222,1
16189,YSC,Sherbrooke Airport,"Sherbrooke, Canada",Canada,Quebec,45.43861111,-71.69138889,1
16190,YSF,Stony Rapids Airport,"Stony Rapids, Canada",Canada,Saskatchewan,59.25027778,-105.84138889,1
16191,YSJ,Saint John Airport,"Saint John, Canada",Canada,New Brunswick,45.32111111,-65.87888889,1
16192,YSL,St Leonard Cyr,"St. Leonard, Canada",Canada,New Brunswick,47.18055556,-67.89,1
16193,YSM,Fort Smith Airport,"Fort Smith, Canada",Canada,Northwest Territories,60.02027778,-111.96194444,1
16194,YSN,Salmon Arm Airport,"Salmon Arm, Canada",Canada,British Columbia,50.6825,-119.22861111,1
16195,YSP,Marathon Airport,"Marathon, Canada",Canada,Ontario,48.75722222,-86.34583333,1
16196,YSR,Nanisivik Airport,"Nanisivik, Canada",Canada,Nunavut Territory,72.98222222,-84.61361111,1
16197,YST,St. Theresa Point Airport,"St. Theresa Point, Canada",Canada,Manitoba,53.84555556,-94.85222222,1
16198,YSU,Summerside Airport,"Summerside, Canada",Canada,Prince Edward Island,46.44055556,-63.83361111,1
16199,YSV,Saglek Airport,"Saglek, Canada",Canada,Newfoundland and Labrador,58.47416667,-62.65388889,1
16201,YTA,Pembroke Airport,"Pembroke, Canada",Canada,Ontario,45.86444444,-77.25138889,1
16202,YTE,Kinngait,"Cape Dorset, Canada",Canada,Nunavut Territory,64.23027778,-76.52472222,1
16203,YTF,Chesterfield Inlet,"Alma, Canada",Canada,Quebec,48.50888889,-71.64194444,1
16204,YTG,Sullivan Bay Water Aerodrome,"Sullivan Bay, Canada",Canada,British Columbia,50.88333333,-126.8,1
16205,YTH,Thompson Airport,"Thompson, Canada",Canada,Manitoba,55.80472222,-97.8625,1
16206,YTJ,Terrace Bay Airport,"Terrace Bay, Canada",Canada,Ontario,48.81333333,-87.09944444,1
16207,YTL,Big Trout Lake Airport,"Big Trout Lake, Canada",Canada,Ontario,53.81777778,-89.89694444,1
16208,YTM,La Macaza Mont Tremblant,"La Macaza, Canada",Canada,Quebec,46.40916667,-74.78,1
16209,YTN,Riviere Au Tonnerre,"Riviere-au-Tonnerre, Canada",Canada,Quebec,50.28333333,-64.75,1
16210,YTO,Toronto Metropolitan Area,"Toronto, Canada",Canada,Ontario,43.74416667,-79.38305556,1
16211,YTP,Tofino Seaplane Base,"Tofino, Canada",Canada,British Columbia,49.15,-125.4,1
16212,YTQ,Tasiujaq,"Tasiujuaq, Canada",Canada,Quebec,58.66777778,-69.95583333,1
16213,YTR,Trenton Airport,"Trenton, Canada",Canada,Ontario,44.11916667,-77.52833333,1
16214,YTS,Victor M Power,"Timmins, Canada",Canada,Ontario,48.57,-81.37472222,1
16215,YTZ,Billy Bishop Toronto City,"Toronto, Canada",Canada,Ontario,43.62861111,-79.395,1
16216,YUB,James Gruben,"Tuktoyaktuk, Canada",Canada,Northwest Territories,69.43333333,-133.02638889,1
16217,YUL,Pierre Elliott Trudeau International,"Montreal, Canada",Canada,Quebec,45.47,-73.73944444,1
16218,YUM,Yuma MCAS/Yuma International,"Yuma, AZ",United States,Arizona,32.65666667,-114.60611111,1
16219,YUT,Naujaat,"Repulse Bay, Canada",Canada,Nunavut Territory,66.52055556,-86.22472222,1
16220,YUX,Sanirajak,"Hall Beach, Canada",Canada,Nunavut Territory,68.77583333,-81.2425,1
16221,YUY,Rouyn-Noranda Airport,"Rouyn-Noranda, Canada",Canada,Quebec,48.20611111,-78.83555556,1
16222,YVA,Iconi,"Moroni, Comoros",Comoros,,-11.71083333,43.24388889,1
16223,YVB,Bonaventure Airport,"Bonaventure, Canada",Canada,Quebec,48.07111111,-65.46027778,1
16224,YVC,La Ronge,"Lac La Ronge, Canada",Canada,Saskatchewan,55.15138889,-105.27861111,1
16225,YVN,Cape Dyer Airport,"Cape Dyer, Canada",Canada,Nunavut Territory,66.59194444,-61.57333333,1
16226,YVO,Val d'Or Airport,"Val d'Or, Canada",Canada,Quebec,48.05333333,-77.78277778,1
16227,YVP,Fort Chimo Airport,"Fort Chimo, Canada",Canada,Quebec,58.10194444,-68.40666667,1
16228,YVQ,Norman Wells Airport,"Norman Wells, Canada",Canada,Northwest Territories,65.28138889,-126.79861111,1
16229,YVR,Vancouver International,"Vancouver, Canada",Canada,British Columbia,49.19416667,-123.185,1
16230,YVT,Buffalo Narrows Airport,"Buffalo Narrows, Canada",Canada,Saskatchewan,55.84527778,-108.42138889,1
16231,YWB,Wakeham Bay,"Kangiqsujuaq, Canada",Canada,Quebec,61.58861111,-71.92944444,1
16232,YWG,James Armstrong Richardson International,"Winnipeg, Canada",Canada,Manitoba,49.90388889,-97.24,1
16233,YWH,Victoria Inner Harbour,"Victoria, Canada",Canada,British Columbia,48.42277778,-123.3875,1
16234,YWJ,Deline Airport,"Deline, Canada",Canada,Northwest Territories,65.21111111,-123.43638889,1
16235,YWK,Wabush Airport,"Wabush, Canada",Canada,Newfoundland and Labrador,52.92277778,-66.86472222,1
16236,YWL,Williams Lake Airport,"Williams Lake, Canada",Canada,British Columbia,52.18333333,-122.05444444,1
16237,YWQ,Chute-Des-Passes Airport,"Chute-Des-Passes, Canada",Canada,Quebec,49.88722222,-71.25388889,1
16238,YWR,White River Airport,"White River, Canada",Canada,Ontario,48.58333333,-85.25,1
16239,YWY,Wrigley Airport,"Wrigley, Canada",Canada,Northwest Territories,63.20972222,-123.43666667,1
16240,YXC,Canadian Rockies International,"Cranbrook, Canada",Canada,British Columbia,49.61222222,-115.78194444,1
16241,YXD,Edmonton City Centre,"Edmonton, Canada",Canada,Alberta,53.57194444,-113.51944444,1
16242,YXE,John G Diefenbaker International,"Saskatoon, Canada",Canada,Saskatchewan,52.17694444,-106.70444444,1
16243,YXH,Medicine Hat Airport,"Medicine Hat, Canada",Canada,Alberta,50.01722222,-110.72305556,1
16244,YXJ,Fort St. John Airport,"Fort St. John, Canada",Canada,British Columbia,56.2375,-120.74027778,1
16245,YXK,Rimouski Airport,"Rimouski, Canada",Canada,Quebec,48.47777778,-68.49638889,1
16246,YXL,Sioux Lookout Airport,"Sioux Lookout, Canada",Canada,Ontario,50.11416667,-91.90555556,1
16247,YXP,Pangnirtung Airport,"Pangnirtung, Canada",Canada,Nunavut Territory,66.145,-65.71361111,1
16248,YXQ,Beaver Creek Airport,"Beaver Creek, Canada",Canada,Yukon Territory,62.41027778,-140.86888889,1
16249,YXR,Earlton Timiskaming Regional,"Earlton, Canada",Canada,Ontario,47.69472222,-79.85277778,1
16250,YXS,Prince George Airport,"Prince George, Canada",Canada,British Columbia,53.88694444,-122.67333333,1
16251,YXT,Terrace Airport,"Terrace, Canada",Canada,British Columbia,54.45888889,-128.58555556,1
16252,YXU,London Airport,"London, Canada",Canada,Ontario,43.03916667,-81.15638889,1
16253,YXX,Abbotsford Airport,"Abbotsford, Canada",Canada,British Columbia,49.01916667,-122.37833333,1
16254,YXY,Erik Nielsen International,"Whitehorse, Canada",Canada,Yukon Territory,60.71,-135.06388889,1
16255,YXZ,Wawa Airport,"Wawa, Canada",Canada,Ontario,47.96694444,-84.78638889,1
16256,YYB,North Bay Airport,"North Bay, Canada",Canada,Ontario,46.36305556,-79.42472222,1
16257,YYC,Yyc Calgary International,"Calgary, Canada",Canada,Alberta,51.12166667,-114.01111111,1
16258,YYD,Smithers Airport,"Smithers, Canada",Canada,British Columbia,54.82527778,-127.18277778,1
16259,YYE,Fort Nelson Airport,"Fort Nelson, Canada",Canada,British Columbia,58.83722222,-122.60138889,1
16260,YYF,Penticton Airport,"Penticton, Canada",Canada,British Columbia,49.4625,-119.60222222,1
16261,YYG,Charlottetown Airport,"Charlottetown, Canada",Canada,Prince Edward Island,46.29444444,-63.12388889,1
16262,YYH,Taloyoak Airport,"Taloyoak, Canada",Canada,Nunavut Territory,69.54666667,-93.57694444,1
16263,YYJ,Victoria International,"Victoria, Canada",Canada,British Columbia,48.64722222,-123.42583333,1
16264,YYL,Lynn Lake Airport,"Lynn Lake, Canada",Canada,Manitoba,56.86444444,-101.07027778,1
16265,YYN,Swift Current Airport,"Swift Current, Canada",Canada,Saskatchewan,50.29388889,-107.69111111,1
16266,YYQ,Churchill Airport,"Churchill, Canada",Canada,Manitoba,58.73444444,-94.06666667,1
16267,YYR,Goose Bay Airport,"Goose Bay, Canada",Canada,Newfoundland and Labrador,53.31972222,-60.41027778,1
16268,YYT,St. John's International,"St. John's, Canada",Canada,Newfoundland and Labrador,47.62472222,-52.75027778,1
16269,YYU,Kapuskasing Airport,"Kapuskasing, Canada",Canada,Ontario,49.41166667,-82.46944444,1
16270,YYY,Mont Joli Airport,"Mont Joli, Canada",Canada,Quebec,48.60694444,-68.21194444,1
16271,YYZ,Lester B. Pearson International,"Toronto, Canada",Canada,Ontario,43.67611111,-79.63055556,1
16272,YZE,Gore Bay/Manitoulin,"Gore Bay, Canada",Canada,Ontario,45.88194444,-82.57277778,1
16273,YZF,Yellowknife Airport,"Yellowknife, Canada",Canada,Northwest Territories,62.46888889,-114.44333333,1
16274,YZH,Slave Lake Airport,"Slave Lake, Canada",Canada,Alberta,55.29305556,-114.77722222,1
16275,YZP,Sandspit Airport,"Sandspit, Canada",Canada,British Columbia,53.25416667,-131.81388889,1
16276,YZR,Sarnia Airport,"Sarnia, Canada",Canada,Ontario,42.99972222,-82.30944444,1
16277,YZS,Coral Harbour Airport,"Coral Harbour, Canada",Canada,Nunavut Territory,64.19333333,-83.35944444,1
16278,YZT,Port Hardy Airport,"Port Hardy, Canada",Canada,British Columbia,50.68083333,-127.36805556,1
16279,YZV,Sept-Iles Airport,"Sept-Iles, Canada",Canada,Quebec,50.22333333,-66.26555556,1
16280,ZAA,Alice Arm Airport,"Alice Arm, Canada",Canada,British Columbia,55.46666667,-129.48333333,1
16281,ZAD,Zadar Airport,"Zadar, Croatia",Croatia,,44.09722222,15.34805556,1
16282,ZAG,Zagreb Airport,"Zagreb, Croatia",Croatia,,45.74194444,16.06722222,1
16283,ZAH,Zahedan International,"Zahedan, Iran",Iran,,29.47555556,60.905,1
16284,ZAL,Las Marias,"Valdivia, Chile",Chile,,-39.79666667,-73.24166667,1
16285,ZAM,Zamboanga Airport,"Zamboanga, Philippines",Philippines,,6.9225,122.05972222,1
16286,ZAZ,Zaragoza AB,"Zaragoza, Spain",Spain,,41.66694444,-1.04361111,1
16288,ZBF,Bathurst Airport,"Bathurst, Canada",Canada,New Brunswick,47.62944444,-65.74027778,1
16289,ZBL,Biloela (Thangool),"Biloela, Australia",Australia,,-24.49527778,150.57888889,1
16290,ZBM,Bromont Airport,"Bromont, Canada",Canada,Quebec,45.29083333,-72.74194444,1
16291,ZBO,Bowen Airport,"Bowen, Australia",Australia,,-20.01944444,148.21388889,1
16292,ZBX,John the Diver,"Branson, MO",United States,Missouri,36.65166667,-93.34583333,1
16293,ZCL,Zacatecas International,"Zacatecas, Mexico",Mexico,,22.89583333,-102.68666667,1
16294,ZCO,Maquehue,"Temuco, Chile",Chile,,-38.76694444,-72.63722222,1
16295,ZEL,Denny Island,"Bella Bella, Canada",Canada,British Columbia,52.13972222,-128.06361111,1
16296,ZFA,Faro Airport,"Faro, Canada",Canada,Yukon Territory,62.20694444,-133.37333333,1
16297,ZFM,Fort McPherson Airport,"Fort McPherson, Canada",Canada,Northwest Territories,67.40694444,-134.85972222,1
16298,ZFN,Fort Norman Airport,"Fort Norman, Canada",Canada,Northwest Territories,64.91666667,-125.56666667,1
16299,ZGF,Grand Forks Airport,"Grand Forks, Canada",Canada,British Columbia,49.01555556,-118.43055556,1
16300,ZGM,Ngoma Airport,"Ngoma, Zambia",Zambia,,-15.96611111,25.9325,1
16301,ZGS,Gethsemani Airport,"Gethsemani, Canada",Canada,Quebec,50.33333333,-60.66666667,1
16302,ZHA,Zhanjiang Airport,"Zhanjiang, China",China,,21.215,110.35833333,1
16303,ZIG,Ziguinchor Airport,"Ziguinchor, Senegal",Senegal,,12.55555556,-16.28388889,1
16304,ZIH,Ixtapa-Zihuatanejo International,"Ixtapa/Zihuatanejo, Mexico",Mexico,,17.60166667,-101.46055556,1
16305,ZKB,Kasaba Bay Airport,"Kasaba Bay, Zambia",Zambia,,-8.52472222,30.66166667,1
16306,ZLO,Manzanillo International,"Manzanillo, Mexico",Mexico,,19.14472222,-104.55861111,1
16307,ZLT,La Tabatiere Airport,"La Tabatiere, Canada",Canada,Quebec,50.83083333,-58.97555556,1
16308,ZMD,Sena Madureira Airport,"Sena Madureira, Brazil",Brazil,,-9.07138889,-68.65472222,1
16309,ZMT,Masset Airport,"Masset, Canada",Canada,British Columbia,54.02722222,-132.125,1
16310,ZNA,Harbour,"Nanaimo, Canada",Canada,British Columbia,49.15,-123.93333333,1
16311,ZNC,Nyac Airport,"Nyac, AK",United States,Alaska,60.98111111,-159.99388889,1
16312,ZND,Zinder Airport,"Zinder, Niger",Niger,,13.77972222,8.98472222,1
16313,ZNE,Newman Airport,"Newman, Australia",Australia,,-23.41861111,119.80305556,1
16314,ZNQ,Ingolstadt Airport,"Ingolstadt, Germany",Germany,,48.76666667,11.41666667,1
16315,ZNZ,Abeid Amani Karume International,"Zanzibar, Tanzania",Tanzania,,-6.22444444,39.22527778,1
16316,ZOF,Ocean Falls Airport,"Ocean Falls, Canada",Canada,British Columbia,52.36666667,-127.7,1
16318,ZOS,Canal Bajo Carlos Hott Siebert,"Osorno, Chile",Chile,,-40.61,-73.06166667,1
16319,ZPB,Sachigo Lake Airport,"Sachigo Lake, Canada",Canada,Ontario,53.89111111,-92.19638889,1
16320,ZQN,Queenstown Airport,"Queenstown, New Zealand",New Zealand,,-45.01916667,168.74194444,1
16321,ZRH,Zurich Airport,"Zurich, Switzerland",Switzerland,,47.46333333,8.55,1
16322,ZSA,San Salvador International,"San Salvador, The Bahamas",The Bahamas,,24.06305556,-74.51777778,1
16323,ZSL,Sligo Bus Station,"Sligo, Ireland",Ireland,,54.28333333,-8.46666667,1
16324,ZSS,Sassandra Airport,"Sassandra, Cote d'Ivoire",Cote d'Ivoire,,4.92944444,-6.13277778,1
16325,ZST,Stewart Airport,"Stewart, Canada",Canada,British Columbia,55.93555556,-129.98222222,1
16326,ZSW,Prince Rupert Seal Cove Heliport,"Prince Rupert, Canada",Canada,British Columbia,54.32972222,-130.27916667,1
16327,ZTH,Dionisios Solomos,"Zakinthos, Greece",Greece,,37.75111111,20.88416667,1
16328,ZTS,Tahsis Airport,"Tahsis, Canada",Canada,British Columbia,49.91694444,-126.65,1
16329,ZUH,Zhuhai Jinwan,"Zhuhai, China",China,,22.00666667,113.37666667,1
16330,ZUM,Churchill Falls Airport,"Churchill Falls, Canada",Canada,Newfoundland and Labrador,53.5625,-64.10583333,1
16331,ZVA,Miandrivazo Airport,"Miandrivazo, Madagascar",Madagascar,,-19.55916667,45.44777778,1
16332,ZVK,Savannakhet International,"Savannakhet, Laos",Laos,,16.55666667,104.75944444,1
16333,ZWL,Wollaston Lake Airport,"Wollaston Lake, Canada",Canada,Saskatchewan,58.10694444,-103.1725,1
16334,ROZ,Rota Airport,"Rota, Spain",Spain,,36.64527778,-6.34944444,1
16335,ZXB,Double Eagle II,"Albuquerque, NM",United States,New Mexico,35.145,-106.79527778,1
16336,ZXC,Ward Field,"Gasquet, CA",United States,California,41.84555556,-123.98472222,1
16337,ZXD,San Isidro International,"San Isidro, Dominican Republic",Dominican Republic,,18.50388889,-69.76166667,1
16338,ZXE,Sculthorpe Airport,"Sculthorpe, United Kingdom",United Kingdom,,52.84583333,0.76583333,1
16339,ZXF,Illinois Creek Airport,"Illinois Creek, AK",United States,Alaska,64.11666667,-157.35,1
16340,ZXH,Chomondely Sound Airport,"Chomondely Sound, AK",United States,Alaska,55.23916667,-132.11416667,1
16341,ZXI,Coal Bay Airport,"Coal Bay, AK",United States,Alaska,55.50055556,-132.4875,1
16342,ZXJ,Happy Harbour Airport,"Happy Harbour, AK",United States,Alaska,55.48833333,-132.33333333,1
16343,ZXK,Lancaster Cove Airport,"Lancaster Cove, AK",United States,Alaska,55.21666667,-132.08638889,1
16344,ZXL,Reid Cove Airport,"Reid Cove, AK",United States,Alaska,55.2,-132.23833333,1
16345,ZXM,Saltery Cove Airport,"Saltery Cove, AK",United States,Alaska,55.40861111,-132.32916667,1
16346,ZXN,Clover Bay Airport,"Clover Bay, AK",United States,Alaska,55.29888889,-132.145,1
16347,ZXO,El Capitan Peak,"El Capitan, AK",United States,Alaska,56.18416667,-133.31055556,1
16348,ZXP,Salmon Bay Lake Airport,"Salmon Bay Lake, AK",United States,Alaska,56.23722222,-133.18888889,1
16352,ZXT,Cloverdale Municipal,"Cloverdale, CA",United States,California,38.77638889,-122.9925,1
16353,ZXU,Quonset State,"North Kingstown, RI",United States,Rhode Island,41.59722222,-71.41222222,1
16354,ZXV,Nappanee Municipal,"Nappanee, IN",United States,Indiana,41.44611111,-85.93611111,1
16355,ZXW,Paradise Skypark,"Paradise, CA",United States,California,39.71055556,-121.61638889,1
16356,ZXX,Vista Field,"Kennewick, WA",United States,Washington,46.21861111,-119.21,1
16357,ZXY,Blake Field,"Delta, CO",United States,Colorado,38.78555556,-108.06194444,1
16358,ZXZ,Waterville Airport,"Waterville, WA",United States,Washington,47.65611111,-120.05638889,1
16359,ZYL,Savannakhet,"Sylhet, Bangladesh",Bangladesh,,24.95888889,91.87444444,1
16360,ZZU,Mzuzu Airport,"Mzuzu, Malawi",Malawi,,-11.44416667,34.01222222,1
16361,ZZV,Zanesville Municipal,"Zanesville, OH",United States,Ohio,39.94444444,-81.89222222,1
16363,FHB,Fernandina Beach Municipal,"Fernandina Beach, FL",United States,Florida,30.61194444,-81.46111111,1
16364,PAC,Marcos A Gelabert International,"Panama City, Panama",Panama,,8.97333333,-79.55555556,1
16385,AAD,Ad-Dabbah Airport,"Ad-Dabbah, Sudan",Sudan,,18.05,30.93361111,1
16386,AUI,Aua Island Airport,"Aua Island, Papua New Guinea",Papua New Guinea,,-1.46222222,143.06444444,1
16387,ABA,Abakan Airport,"Abakan, Russia",Russia,,53.74,91.38527778,1
16388,BAT,Chafei Amsei,"Barretos, Brazil",Brazil,,-20.58472222,-48.59416667,1
16389,BDN,Badanah,"Badana, Saudi Arabia",Saudi Arabia,,30.9875,41.00416667,1
16390,BVU,Beluga Airport,"Beluga, AK",United States,Alaska,61.17277778,-151.04277778,1
16392,KMC,McCord Seaplane Base,"McCord, AK",United States,Alaska,57.13333333,-153.2,1
16393,LAC,City,"Papua New Guinea, Papua New Guinea",Papua New Guinea,,-6.73722222,146.995,1
16394,MRQ,Marinduque Airport,"Marinduque, Philippines",Philippines,,13.36083333,121.82555556,1
16396,NEU,Nellie Juan Airport,"Nellie Juan, AK",United States,Alaska,60.55,-148.16666667,1
16398,BCD,Bacolod Airport,"Bacolod, Philippines",Philippines,,10.77666667,123.01916667,1
16399,SDG,Sanandaj Airport,"Sanandaj, Iran",Iran,,35.24444444,47.00861111,1
16400,SWI,Swindon Airport,"Swindon, United Kingdom",United Kingdom,,51.49111111,-1.74861111,1
16401,TIC,Tinak Airport,"Tinak, Marshall Islands",Marshall Islands,,7.13333333,171.91666667,1
16402,TOD,Pulau Tioman Airport,"Pulau Tioman, Malaysia",Malaysia,,2.81805556,104.16,1
16403,CPO,Desierto de Atacama,"Copiapo, Chile",Chile,,-27.26138889,-70.77916667,1
16404,VZL,Peter Pan Seafoods,"South Naknek, AK",United States,Alaska,58.73333333,-156.95,1
16405,KHN,Nanchang Xiangtang,"Nanchang, China",China,,28.42166667,115.92333333,1
16406,BGN,Bagabag Airport,"Bagabag, Philippines",Philippines,,16.62111111,121.25027778,1
16407,CKO,Francisco Lacerda Junior,"Cornelio Procopio, Brazil",Brazil,,-23.1525,-50.60277778,1
16408,IBR,Hyakuri,"Tokyo, Japan",Japan,,36.18138889,140.41444444,1
16409,SAW,K. I. Sawyer AFB,"Marquette, MI",United States,Michigan,46.35361111,-87.39527778,1
16410,MNI,W. H. Bramble,"Montserrat, Montserrat",Montserrat,,16.76111111,-62.15833333,1
16411,LUM,Mangshi,"Luxi, China",China,,24.40111111,98.53166667,1
16412,TX8,City of Slaton Larry T Neal Meml,"Slaton, TX",United States,Texas,33.48527778,-101.66166667,1
16413,NAV,Nevsehir Airport,"Nevsehir, Turkey",Turkey,,38.63333333,34.71666667,1
16414,MS2,Picayune Municipal,"Picayune, MS",United States,Mississippi,30.4875,-89.65111111,1
16415,HAK,Haikou Dayingshan,"Haikou, China",China,,19.98333333,110.03333333,1
16416,HGH,Jianqiao,"Hangzhou, China",China,,30.33361111,120.00027778,1
16417,TGZ,Tuxtla Gutierrez International,"Tuxtla Gutierrez, Mexico",Mexico,,16.56194444,-93.02611111,1
16418,MDL,Mandalay International,"Mandalay, Burma",Burma,,21.70111111,95.9775,1
16419,UOS,Franklin County,"Sewanee, TN",United States,Tennessee,35.20527778,-85.89805556,1
16420,IT1,Amendola Airport,"Amendola, Italy",Italy,,41.53833333,15.71416667,1
16421,ATH,Hellinikon,"Athens, Greece",Greece,,37.89583333,23.72888889,1
16422,GUF,Gulf Shores International Jack Edwards Field,"Gulf Shores, AL",United States,Alabama,30.29027778,-87.67694444,1
16423,AL4,South Alabama Regional at Bill Benton Field,"Andalusia/Opp, AL",United States,Alabama,31.30833333,-86.39222222,1
16424,MI4,Frankfort Dow Memorial Field,"Frankfort, MI",United States,Michigan,44.62527778,-86.20083333,1
16425,NY4,Potsdam Municipal Damon Field,"Potsdam, NY",United States,New York,44.67666667,-74.94833333,1
16426,ADT,Ada Regional,"Ada, OK",United States,Oklahoma,34.80416667,-96.67111111,1
16427,WNC,Naukati Bay Seaplane Base,"Tuxekan Island, AK",United States,Alaska,55.84972222,-133.22777778,1
16428,L41,Marble Canyon Airport,"Marble Canyon, AZ",United States,Arizona,36.81083333,-111.64444444,1
16429,6B0,Middlebury State,"Middlebury, VT",United States,Vermont,43.98638889,-73.09555556,1
16430,DZN,Zhezkazgan Airport,"Zhezkazgan, Kazakhstan",Kazakhstan,,47.70916667,67.73833333,1
16431,U36,Aberdeen Municipal,"Aberdeen, ID",United States,Idaho,42.92111111,-112.88083333,1
16432,KDE,Koroba Airport,"Koroba, Papua New Guinea",Papua New Guinea,,-5.69527778,142.74444444,1
16433,IGS,Ingolstadt Manching,"Ingolstadt, Germany",Germany,,48.715,11.53388889,1
16434,LEN,Leon Airport,"Leon, Spain",Spain,,42.59138889,-5.65222222,1
16435,LOM,Loeriesfontein Airport,"Loeriesfontein, South Africa",South Africa,,-30.9,19.41666667,1
16436,MAQ,Mae Sot Airport,"Mae Sot, Thailand",Thailand,,16.7,98.55,1
16437,OSL,Oslo Metropolitan Area,"Oslo, Norway",Norway,,60.04888889,10.85194444,1
16438,LIA,Lima Airport,"Lima, OH",United States,Ohio,40.7625,-84.17916667,1
16439,UUD,Mukhino,"Ulan-Ude, Russia",Russia,,51.80972222,107.44055556,1
16440,AUS,Robert Mueller Municipal,"Austin, TX",United States,Texas,30.29805556,-97.70138889,1
16441,CT1,Robertson Field,"Plainville, CT",United States,Connecticut,41.68944444,-72.86472222,1
16442,NY5,Sky Acres,"Millbrook, NY",United States,New York,41.7075,-73.73805556,1
16443,CSL,Cabo San Lucas International,"Cabo San Lucas, Mexico",Mexico,,22.94888889,-109.93972222,1
16444,PL1,Swidwin Airport,"Swidwin, Poland",Poland,,53.79055556,15.82638889,1
16445,ID1,Driggs-Reed Memorial,"Driggs, ID",United States,Idaho,43.74277778,-111.09666667,1
16446,MRO,Masterton Airport,"Masterton, New Zealand",New Zealand,,-40.97472221,175.63472222,1
16447,ISU,Sulaymaniyah International,"Sulaymaniyah, Iraq",Iraq,,35.56083333,45.31472222,1
16448,FSS,RAF Kinloss,"Forres, United Kingdom",United Kingdom,,57.64944444,-3.56055556,1
16449,PGR,Kirk Field,"Paragould, AR",United States,Arkansas,36.06388889,-90.50916667,1
16450,DCN,Curtin,"Derby, Australia",Australia,,-17.58055556,123.82861111,1
16451,AZ4,Sheepy Hollow Ranch,"Salome, AZ",United States,Arizona,33.7875,-113.6425,1
16452,RU3,Engels AFB,"Saratov, Russia",Russia,,51.47888889,46.21472222,1
16453,SD2,Gregory Municipal Flynn Field,"Gregory, SD",United States,South Dakota,43.22166667,-99.40333333,1
16454,VGC,Hamilton Municipal,"Hamilton, NY",United States,New York,42.84333333,-75.56111111,1
16455,AL5,Demopolis Regional,"Demopolis, AL",United States,Alabama,32.46388889,-87.95416667,1
16456,DWC,Al Maktoum International,"Jebel Ali, United Arab Emirates",United Arab Emirates,,24.89666667,55.16111111,1
16457,XCM,Chatham-Kent,"Chatham Kent, Canada",Canada,Ontario,42.30611111,-82.08166667,1
16458,EPA,El Palomar Airport,"El Palomar, Argentina",Argentina,,-34.61,-58.6125,1
16459,S24,Sandusky County Regional,"Fremont, OH",United States,Ohio,41.29583333,-83.03722222,1
16460,BAZ,Barcelos Airport,"Barcelos, Brazil",Brazil,,-0.98111111,-62.91833333,1
16461,AF2,Bastion Airfield,"Lashkar Gah, Afghanistan",Afghanistan,,31.85027778,64.22361111,1
16462,MWX,Muan International,"Muan, South Korea",South Korea,,34.99138889,126.38277778,1
16463,MD1,Freeway,"Michellville, MD",United States,Maryland,38.94138889,-76.7725,1
16464,NVI,Navoi International,"Navoi, Uzbekistan",Uzbekistan,,40.11722222,65.17111111,1
16465,AU1,Scherger,"Weipa, Australia",Australia,,-12.62277778,142.08805556,1
16466,VVC,Vanguardia,"Villavicencio, Colombia",Colombia,,4.16888889,-73.61305556,1
16467,CGQ,Longjia,"Changchun, China",China,,43.99638889,125.68527778,1
16468,MS3,Philadelphia Municipal,"Philadelphia, MS",United States,Mississippi,32.79916667,-89.12611111,1
16469,MN4,Wadena Municipal,"Wadena, MN",United States,Minnesota,46.4475,-95.21138889,1
16470,OH8,Bluffton Airport,"Bluffton, OH",United States,Ohio,40.88555556,-83.86861111,1
16471,SKT,Sialkot International,"Sialkot, Pakistan",Pakistan,,32.53583333,74.36388889,1
16472,AA7,Independence Creek Airport,"Independence Creek, AK",United States,Alaska,65.67361111,-162.46416667,1
16473,BEC,Beech Factory,"Wichita, KS",United States,Kansas,37.69388889,-97.215,1
16474,GA4,Jackson County,"Jefferson, GA",United States,Georgia,34.17611111,-83.56166667,1
16475,DUR,King Shaka International,"Durban, South Africa",South Africa,,-29.61166667,31.11944444,1
16476,HYD,Rajiv Gandhi International,"Hyderabad, India",India,,17.23,78.43277778,1
16477,QRO,Queretaro International,"Queretaro, Mexico",Mexico,,20.6175,-100.18555556,1
16478,YLS,Lebel-sur-Quevillon Airport,"Lebel-sur-Quevillon, Canada",Canada,Quebec,49.02972222,-77.01638889,1
16479,MA2,Turners Falls,"Montague, MA",United States,Massachusetts,42.59166667,-72.52305556,1
16480,DQA,Saertu,"Daqing Shi, China",China,,46.75111111,125.13861111,1
16481,BYN,Bayankhongor Airport,"Bayankhongor, Mongolia",Mongolia,,46.1625,100.70472222,1
16482,BYF,Albert Bray,"Albert, France",France,,49.97027778,2.69388889,1
16483,HMA,Khanty-Mansiysk Airport,"Khanty-Mansiysk, Russia",Russia,,61.02861111,69.08611111,1
16484,JWN,Zanjan Airport,"Zanjan, Iran",Iran,,36.77416667,48.35861111,1
16485,MPI,Mamitupo Airport,"Mamitupo, Panama",Panama,,9.18527778,-77.98416667,1
16486,YZX,Greenwood Airport,"Greenwood, Canada",Canada,Nova Scotia,44.98277778,-64.92888889,1
16487,MA3,Taunton Municipal King Field,"Taunton, MA",United States,Massachusetts,41.87416667,-71.01527778,1
16488,SMQ,H.Asan,"Sampit, Indonesia",Indonesia,,-2.49833333,112.97444444,1
16489,AK1,Kelly Creek Airstrip,"Seward Peninsula, AK",United States,Alaska,65.77277778,-165.89027778,1
16490,AK2,Bear Fish Camp Airport,"Bear Fish Camp, AK",United States,Alaska,60.71027778,-151.72111111,1
16491,PNN,Princeton Municipal,"Princeton, ME",United States,Maine,45.20055556,-67.56444444,1
16492,QTB,Tubarao Airport,"Tubarao, Brazil",Brazil,,-28.47777778,-48.99083333,1
16493,LYG,Lianyungang Baitabu,"Jiangsu, China",China,,34.57083333,118.87277778,1
16494,SA1,Thablotin Airport,"Thablotin, Saudi Arabia",Saudi Arabia,,19.83111111,54.02222222,1
16495,CT2,Simsbury Airport,"Simsbury, CT",United States,Connecticut,41.93277778,-72.77694444,1
16496,WV2,Logan County,"Logan, WV",United States,West Virginia,37.85555556,-81.91583333,1
16497,AL6,H. L. Sonny Callahan,"Fairhope, AL",United States,Alabama,30.46055556,-87.87694444,1
16498,NY7,Skaneateles Aero Drome,"Skaneateles, NY",United States,New York,42.91388889,-76.44083333,1
16499,NY6,Fulton County,"Johnstown, NY",United States,New York,42.99805556,-74.32944444,1
16500,MN5,Red Wing Regional,"Red Wing, MN",United States,Minnesota,44.58944444,-92.485,1
16501,MPE,Griswold,"Madison, CT",United States,Connecticut,41.27111111,-72.54972222,1
16502,NC6,Henderson Oxford,"Oxford, NC",United States,North Carolina,36.36111111,-78.52972222,1
16503,ME2,Islesboro Airport,"Islesboro, ME",United States,Maine,44.3025,-68.91055556,1
16504,PA3,Cherry Ridge,"Honesdale, PA",United States,Pennsylvania,41.51555556,-75.25166667,1
16505,AK3,Gold King Creek,"Fairbanks, AK",United States,Alaska,64.19805556,-147.92861111,1
16506,YOA,Ekati Airport,"Ekati, Canada",Canada,Northwest Territories,64.69888889,-110.61472222,1
16507,CJJ,Cheongju International,"Cheongju, South Korea",South Korea,,36.71638889,127.49833333,1
16508,AK4,Squaw Lake Airport,"Squaw Lake, AK",United States,Alaska,67.58055556,-148.16472222,1
16509,TN9,Gatlinburg-Pigeon Forge,"Sevierville, TN",United States,Tennessee,35.85777778,-83.52861111,1
16510,NC7,Michael J. Smith Field,"Beaufort, NC",United States,North Carolina,34.73388889,-76.66027778,1
16511,IN3,Indianapolis Metro,"Indianapolis, IN",United States,Indiana,39.93527778,-86.045,1
16512,NY8,Mattituck Airport,"Mattituck, NY",United States,New York,40.98694444,-72.51916667,1
16513,NT2,Colomac Airport,"Colomac, Canada",Canada,Northwest Territories,64.385,-115.12472222,1
16514,TBG,Tabubil Airport,"Tabubil, Papua New Guinea",Papua New Guinea,,-5.27944444,141.22694444,1
16515,WA9,Anderson Field,"Brewster, WA",United States,Washington,48.10472222,-119.72,1
16516,RU4,Ostafyevo,"Moscow, Russia",Russia,,55.5075,37.50416667,1
16517,CA6,Chemehuevi Valley Airport,"Chemehuevi Valley, CA",United States,California,34.52888889,-114.43194444,1
16518,YCE,James T. Field Memorial,"Centralia, Canada",Canada,Ontario,43.28305556,-81.50277778,1
16519,PA4,Carlisle Airport,"Carlisle, PA",United States,Pennsylvania,40.18777778,-77.17416667,1
16520,DE2,Summit,"Middletown, DE",United States,Delaware,39.52027778,-75.72055556,1
16521,BPI,Miley Memorial Field,"Big Piney, WY",United States,Wyoming,42.58222222,-110.10888889,1
16522,LNV,Kunaye,"Londolovit, Papua New Guinea",Papua New Guinea,,-3.04388889,152.62916667,1
16523,YPD,Parry Sound Area Municipal,"Parry Sound, Canada",Canada,Ontario,45.25861111,-79.83083333,1
16524,PGC,Grant County,"Petersburg, WV",United States,West Virginia,38.995,-79.14583333,1
16525,PA5,Brandywine Regional,"West Chester, PA",United States,Pennsylvania,39.99,-75.58194444,1
16526,MA4,Marshfield Municipal George Harlow Field,"Marshfield, MA",United States,Massachusetts,42.0975,-70.67305556,1
16527,MVC,Monroe County Aeroplex,"Monroeville, AL",United States,Alabama,31.45805556,-87.35111111,1
16528,VA5,Hanover County Municipal,"Richmond, VA",United States,Virginia,37.70888889,-77.43666667,1
16529,VII,Vinh,"Vinh City, Vietnam",Vietnam,,18.7375,105.67083333,1
16530,PPQ,Paraparaumu Airport,"Paraparaumu, New Zealand",New Zealand,,-40.90527778,174.98805556,1
16531,AZI,Al Bateen Executive,"Abu Dhabi, United Arab Emirates",United Arab Emirates,,24.42833333,54.45805556,1
16532,OH9,Medina Municipal,"Medina, OH",United States,Ohio,41.13138889,-81.765,1
16533,JBQ,Dr. Joaquin Balaguer International,"Santo Domingo, Dominican Republic",Dominican Republic,,18.57222222,-69.98555556,1
16534,FL6,Airglades,"Clewiston, FL",United States,Florida,26.73527778,-81.05111111,1
16535,TMU,Tambor Airport,"Tambor, Costa Rica",Costa Rica,,9.73972222,-85.01611111,1
16536,TOI,Troy Municipal at N Kenneth Campbell Field,"Troy, AL",United States,Alabama,31.86194444,-86.01194444,1
16537,LA1,Natchitoches Regional,"Notchitoches, LA",United States,Louisiana,31.73583333,-93.09916667,1
16538,CTZ,Clinton Sampson County,"Clinton, NC",United States,North Carolina,34.975,-78.36555556,1
16539,IN4,Eagle Creek Airpark,"Indianapolis, IN",United States,Indiana,39.83083333,-86.29444444,1
16540,ME3,Belfast Municipal,"Belfast, ME",United States,Maine,44.40944444,-69.01194444,1
16541,OBE,Okeechobee County,"Okeechobee, FL",United States,Florida,27.26666667,-80.85027778,1
16542,RBW,Lowcountry Regional,"Walterboro, SC",United States,South Carolina,32.92111111,-80.64055556,1
16543,MA5,Northampton Airport,"Northampton, MA",United States,Massachusetts,42.32805556,-72.61111111,1
16544,NIS,Simberi,"Simberi Island, Papua New Guinea",Papua New Guinea,,-2.66166667,151.99611111,1
16545,YBQ,Telegraph Harbour Airport,"Telegraph Harbour, Canada",Canada,British Columbia,48.98333333,-123.65,1
16546,ON1,Collingwood Airport,"Collingwood, Canada",Canada,Ontario,44.44944444,-80.15916667,1
16547,IA4,Pella Municipal,"Pella, IA",United States,Iowa,41.40111111,-92.94583333,1
16548,NH1,Hampton Airfield,"Hampton, NH",United States,New Hampshire,42.96138889,-70.83027778,1
16549,TX9,Winters Municipal,"Winters, TX",United States,Texas,31.94722222,-99.98583333,1
16550,BW1,Thebephatshwa,"Tebepahwa, Botswana",Botswana,,-24.2175,25.34388889,1
16551,FMM,Memmingen Airport,"Memmingen, Germany",Germany,,47.98944444,10.24083333,1
16552,NC8,Burlington Alamance Regional,"Burlington, NC",United States,North Carolina,36.04972222,-79.47305556,1
16553,ME4,Oxford County Regional,"Oxford, ME",United States,Maine,44.1575,-70.48138889,1
16554,KVD,Ganja Airport,"Ganja, Azerbaijan",Azerbaijan,,40.73888889,46.32,1
16555,JWY,Mid Way Regional,"Midlothian/Waxahachie, TX",United States,Texas,32.45833333,-96.9125,1
16556,FCN,Nordholz Airport,"Nordholz, Germany",Germany,,53.7675,8.65861111,1
16557,AF3,Dwyer Airport,"Dwyer, Afghanistan",Afghanistan,,31.09194444,64.06694444,1
16558,LA2,Hammond Northshore Regional,"Hammond, LA",United States,Louisiana,30.52277778,-90.41916667,1
16559,AF4,Shindand Airport,"Shindand, Afghanistan",Afghanistan,,33.39222222,62.26111111,1
16560,OR4,Bend Municipal,"Bend, OR",United States,Oregon,44.09444444,-121.20027778,1
16561,AZ5,Springerville Municipal,"Springerville, AZ",United States,Arizona,34.12944444,-109.31083333,1
16562,IN5,Hindan,"Hindon, India",India,,28.70777778,77.35888889,1
16563,OEO,L O Simenstad Municipal,"Osceola, WI",United States,Wisconsin,45.30944444,-92.69,1
16564,RMF,Marsa Alam International,"Marsa Alam, Egypt",Egypt,,25.55722222,34.58361111,1
16565,CO5,Puerto Bolivar,"Uribia, Colombia",Colombia,,12.22166667,-71.98416667,1
16566,NV2,Jean Airport,"Jean, NV",United States,Nevada,35.76833333,-115.32972222,1
16567,7AK,Akun Airport,"Akun, AK",United States,Alaska,54.14472222,-165.60416667,1
16568,NJ4,Ocean City Municipal,"Ocean City, NJ",United States,New Jersey,39.26361111,-74.6075,1
16569,NY9,Hornell Municipal,"Hornell, NY",United States,New York,42.38222222,-77.68222222,1
16570,YWS,Green Lake,"Whistler, Canada",Canada,British Columbia,51.42944444,-121.20972222,1
16571,1NY,Penn Yan Yates County,"Penn Yan, NY",United States,New York,42.63694444,-77.05277778,1
16572,NV3,Searchlight Airport,"Searchlight, NV",United States,Nevada,35.44444444,-114.90944444,1
16573,BBW,Broken Bow Municipal Keith Glaze Field,"Broken Bow, NE",United States,Nebraska,41.43638889,-99.64222222,1
16574,BGH,Abbaye,"Bogue, Mauritania",Mauritania,,16.63333333,-14.2,1
16575,SLM,Matacan,"Salamanca, Spain",Spain,,40.96666667,-5.65,1
16576,ZKP,Kasompe,"Chingola, Zambia",Zambia,,-12.57305556,27.89416667,1
16577,SC4,Berkeley County,"Moncks Corner, SC",United States,South Carolina,33.18472222,-80.03694444,1
16578,NJF,Al Najaf International,"Al Najaf, Iraq",Iraq,,31.98972222,44.40444444,1
16579,HTY,Hatay Airport,"Hatay, Japan",Japan,,36.35916667,36.28388889,1
16580,AK5,Qugruc Airport,"Qugruc, AK",United States,Alaska,70.37027778,-150.42111111,1
16581,AK6,Gold King 2 Airport,"Gold King 2, AK",United States,Alaska,64.07138889,-148.0,1
16582,GA5,Thomson McDuffie County,"Thomson, GA",United States,Georgia,33.52972222,-82.51694444,1
16583,SC5,Summerville Airport,"Summerville, SC",United States,South Carolina,33.06222222,-80.28083333,1
16584,AK7,Hunter Creek Mine,"Rampart, AK",United States,Alaska,65.47722222,-150.05083333,1
16585,NJ5,Sussex Airport,"Sussex, NJ",United States,New Jersey,41.20027778,-74.62305556,1
16586,KOM,Komo Old,"Komo, Papua New Guinea",Papua New Guinea,,-6.06777778,142.85972222,1
16587,NB1,St Stephen Airport,"St Stephen, Canada",Canada,New Brunswick,45.20694444,-67.24972222,1
16588,VT1,Deerfield Valley Regional,"West Dover, VT",United States,Vermont,42.92722222,-72.86555556,1
16589,MN6,Hallock Municipal,"Hallock, MN",United States,Minnesota,48.75277778,-96.94305556,1
16590,MBE,Monbetsu Airport,"Monbetsu, Japan",Japan,,44.30388889,143.40416667,1
16591,HSG,Saga Airport,"Saga, Japan",Japan,,33.14972222,130.30222222,1
16592,AE1,Liwa Airbase,"Liwa, United Arab Emirates",United Arab Emirates,,23.65138889,53.82333333,1
16593,HFE,Xinqiao,"Hefei, China",China,,31.98833333,116.97638889,1
16594,CT3,Windham,"Willimantic, CT",United States,Connecticut,41.74416667,-72.18027778,1
16595,KEJ,Alexey Leonov,"Kemerovo, Russia",Russia,,55.27,86.1075,1
16596,KRW,Turkmenbashi Airport,"Turkmenbashi, Turkmenistan",Turkmenistan,,40.06472222,53.00583333,1
16597,SIR,Sion Airport,"Sion, Switzerland",Switzerland,,46.21944444,7.32694444,1
16598,CA7,Tracy Municipal,"Tracy, CA",United States,California,37.68888889,-121.44166667,1
16599,YBW,Bedwell Harbour Water Aerodrome,"Bedwell Harbour, Canada",Canada,British Columbia,48.74722222,-123.22972222,1
16600,BC2,Farewell Harbour,"Berry Island, Canada",Canada,British Columbia,50.60833333,-126.84444444,1
16601,BC3,Bliss Landing Water Aerodrome,"Bliss Landing, Canada",Canada,British Columbia,50.03333333,-124.82222222,1
16602,BC4,Cordero Lodge Airport,"Cordero Lodge, Canada",Canada,British Columbia,50.44666667,-125.45277778,1
16603,DHB,Deer Harbor Marina,"Deer Harbor, WA",United States,Washington,48.62083333,-123.00305556,1
16604,BC5,Dent Island Lodge,"Dent Island, Canada",Canada,British Columbia,50.41111111,-125.18333333,1
16605,BC6,Egmont Water Aerodrome,"Egmont, Canada",Canada,British Columbia,49.75277778,-123.93027778,1
16606,YMF,Galiano Island Water Aerodrome,"Galiano Island, Canada",Canada,British Columbia,48.89194444,-123.39166667,1
16607,BC8,Pacific Outback Resort,"Hanson Island, Canada",Canada,British Columbia,50.58416667,-126.75166667,1
16608,YMU,Mansons Landing Water Aerodrome,"Mansons Landing, Canada",Canada,British Columbia,50.06944444,-124.98333333,1
16609,BC9,Mink Island Water Aerodrome,"Mink Island, Canada",Canada,British Columbia,50.11666667,-124.75,1
16610,CN2,Mimmo Bay Water Aerodrome,"Nimmo Bay, Canada",Canada,British Columbia,50.93888889,-126.68333333,1
16611,YPT,Pender Harbour Water Aerodrome,"Pender Harbour, Canada",Canada,British Columbia,49.62277778,-124.02527778,1
16612,CN4,Princess Louisa Marina Provincial Park,"Princess Lousia Inlet, Canada",Canada,British Columbia,50.20333333,-123.77111111,1
16613,YQJ,April Point Resort,"Quadra Island, Canada",Canada,British Columbia,50.06527778,-125.2275,1
16614,YR1,Refuge Cove Water Aerodrome,"Refuge Cove, Canada",Canada,British Columbia,50.12416667,-124.83972222,1
16615,CN5,Rendezvous Islands Water Aerodrome,"Rendezvous Islands, Canada",Canada,British Columbia,50.28611111,-125.05833333,1
16616,CN6,Shawl Bay Water Aerodrome,"Shawl Bay, Canada",Canada,British Columbia,50.84833333,-126.56583333,1
16617,CN7,Shoal Bay Water Aerodrome,"Shoal Bay, Canada",Canada,British Columbia,50.45861111,-127.85611111,1
16618,CN9,Sointula Water Aerodrome,"Sointula, Canada",Canada,British Columbia,50.64083333,-127.03138889,1
16619,BC7,Sonora Resort,"Sonora Island, Canada",Canada,British Columbia,50.38305556,-125.15527778,1
16620,CA9,Steep Island Lodge,"Steep Island, Canada",Canada,British Columbia,50.08138889,-125.25333333,1
16621,AK8,Zips Airport,"Zips, AK",United States,Alaska,60.43333333,-151.48333333,1
16622,XMJ,Mont de Marsan Airport,"Mont de Marsan, France",France,,43.91138889,-0.50944444,1
16623,PT1,Cascais Airport,"Cascais, Portugal",Portugal,,38.725,-9.35527778,1
16624,VT2,Warren Sugarbush,"Warren, VT",United States,Vermont,44.1175,-72.82694444,1
16625,NJ6,Flying W,"Lumberton, NJ",United States,New Jersey,39.93416667,-74.80722222,1
16626,OD1,Doro Airport,"Doro, South Sudan",South Sudan,,9.58888889,33.44805556,1
16627,ME5,Bethel Regional,"Bethel, ME",United States,Maine,44.42527778,-70.81,1
16628,WI3,Ephraim Gibraltar,"Ehpriam, WI",United States,Wisconsin,45.13555556,-87.18805556,1
16629,MHC,Mocopulli,"Dalcahue, Chile",Chile,,-42.34027778,-73.71555556,1
16630,AK9,Tolstoi Bay Airport,"Tolstoi Bay, AK",United States,Alaska,55.73333333,-132.43333333,1
16631,MQM,Mardin Airport,"Mardin, Turkey",Turkey,,37.22333333,40.63166667,1
16632,FON,Arenal,"San Carlos, Costa Rica",Costa Rica,,10.46944444,-84.57888889,1
16633,ME6,Cole Dyke,"Bethel2, ME",United States,Maine,44.50055556,-71.87833333,1
16634,MQI,Quincy Airport,"Quincy, MA",United States,Massachusetts,42.25,-71.0,1
16635,NM1,Alexander Municipal,"Belen, NM",United States,New Mexico,34.645,-106.83361111,1
16636,LUS,Lusanga Airport,"Lusanga, Congo (Kinshasa)",Congo (Kinshasa),,-4.80472222,18.72,1
16637,ITB,Itaituba Airport,"Itaituba, Brazil",Brazil,,-4.24194444,-56.00055556,1
16638,SOB,Balaton,"Sarmellek, Hungary",Hungary,,46.68638889,17.15916667,1
16639,AZ6,Gila Bend Municipal,"Gila Bend, AZ",United States,Arizona,32.96027778,-112.67361111,1
16640,NC9,Richmond County,"Rockingham, NC",United States,North Carolina,34.89138889,-79.75972222,1
16641,HHQ,Hua Hin Airport,"Hua Hin, Thailand",Thailand,,12.63583333,99.95138889,1
16642,UK1,Cranfield Airport,"Cranfield, United Kingdom",United Kingdom,,52.07222222,-0.61666667,1
16643,PA6,Pittsburgh Northeast,"Pittsburgh, PA",United States,Pennsylvania,40.60361111,-79.82611111,1
16644,CT4,Candlelight Farms,"New Milford, CT",United States,Connecticut,41.56916667,-73.46194444,1
16645,HMY,Seosan AB,"Seosan, South Korea",South Korea,,36.70444444,126.48611111,1
16646,OXF,Oxford Airport,"Oxford, United Kingdom",United Kingdom,,51.83666667,-1.32,1
16647,FAQ,Fitiuta,"Fitiuta Village, TT",United States,U.S. Pacific Trust Territories and Possessions,-14.21611111,-169.42361111,1
16648,NYT,Naypyitaw International,"Naypyitaw, Burma",Burma,,19.62361111,96.20111111,1
16649,B1C,Blackfish Lodge,"Baker Island, Canada",Canada,British Columbia,50.75194444,-126.58722222,1
16650,B2C,Blind Channel Water Aerodrome,"Blind Channel, Canada",Canada,British Columbia,50.40194444,-125.41916667,1
16651,WA1,Camp Orkila Seaplane Base,"Camp Orkila Eastsound, WA",United States,Washington,48.68555556,-122.93472222,1
16652,B3C,Minstrel Island Water Aerodrome,"Minstrel Island, Canada",Canada,British Columbia,50.61888889,-126.31777778,1
16653,BC1,Port Harvey Water Aerodrome,"Port Harvey, Canada",Canada,British Columbia,50.56888889,-126.27472222,1
16654,WA3,Shaw Islands Water Aerodrome,"Shaw Island, WA",United States,Washington,48.58527778,-123.00861111,1
16655,B4C,Simoom Sound Water Aerodrome,"Simoom Sound, Canada",Canada,British Columbia,50.75194444,-126.50111111,1
16656,CT5,Danielson Airport,"Danielson, CT",United States,Connecticut,41.81972222,-71.90083333,1
16657,JO4,H4 Air Base,"Ruwaished, Jordan",Jordan,,32.53916667,38.195,1
16658,GLE,Gainesville Municipal,"Gainesville, TX",United States,Texas,33.65222222,-97.19722222,1
16659,KIP,Kickapoo Downtown,"Wichita Falls, TX",United States,Texas,33.86055556,-98.49027778,1
16660,GMB,Gambella Airport,"Gambella, Ethiopia",Ethiopia,,8.12861111,34.56333333,1
16661,NE3,York Municipal,"York, NE",United States,Nebraska,40.89638889,-97.62416667,1
16662,AA2,Icicle Seafoods,"Naknek-1, AK",United States,Alaska,58.70944444,-157.07138889,1
16663,IN6,Clark Regional,"Jeffersonville, IN",United States,Indiana,38.36666667,-85.73805556,1
16664,SA2,Um Almelh Airport,"Um Almelh, Saudi Arabia",Saudi Arabia,,19.11194444,50.1275,1
16665,BBD,Curtis Field,"Brady, TX",United States,Texas,31.17916667,-99.32388889,1
16666,DE3,Delware Airpark,"Dover-Cheswold, DE",United States,Delaware,39.21833333,-75.59666667,1
16667,TNO,Tamarindo de Santa Cruz,"Tamarindo, Costa Rica",Costa Rica,,10.31583333,-85.81222222,1
16668,A1K,Point Thomson Airstrip,"Deadhorse1, AK",United States,Alaska,70.13611111,-146.29,1
16669,AL7,Walker County Bevill Field,"Jasper, AL",United States,Alabama,33.90194444,-87.31388889,1
16670,DE4,Holzdorf,"Bradenburg, Germany",Germany,,51.76777778,13.1675,1
16671,OD2,Paloich Airport,"Paloich, South Sudan",South Sudan,,10.53333333,32.50666667,1
16672,PA7,New Garden,"Toughkenamon, PA",United States,Pennsylvania,39.83055556,-75.76972222,1
16673,GA6,Cherokee County Regional,"Canton, GA",United States,Georgia,34.31222222,-84.42222222,1
16674,ASF,Narimanova,"Astrakhan, Russia",Russia,,46.28277778,48.01083333,1
16675,OZZ,Ouarzazate International,"Quarzazate, Morocco",Morocco,,30.93916667,-6.90944444,1
16676,NKT,Serafettin Elci,"Sirnak, Turkey",Turkey,,37.36472221,42.05833333,1
16677,NT3,Gahcho Kue,"Gahcho, Canada",Canada,Northwest Territories,63.43527778,-109.14472222,1
16678,WHP,Whiteman,"Los Angeles, CA",United States,California,34.25944444,-118.41333333,1
16679,MRF,Marfa Municipal,"Marfa, TX",United States,Texas,30.37111111,-104.0175,1
16680,N1Y,Canandaigua Airport,"Canandaigua, NY",United States,New York,42.90888889,-77.32527778,1
16681,CT6,Goodspeed,"East Haddam, CT",United States,Connecticut,41.44555556,-72.45555556,1
16682,GTY,Gettysburg Regional,"Gettysburg, PA",United States,Pennsylvania,39.84138889,-77.27472222,1
16683,MI6,Dowagiac Municipal,"Dowagiac, MI",United States,Michigan,41.99305556,-86.12833333,1
16684,PA8,Perkiomen Valley,"Collegeville, PA",United States,Pennsylvania,40.20416667,-75.43027778,1
16685,RO1,Campia Turzii Airport,"Campia Turzii, Romania",Romania,,46.5025,23.88611111,1
16686,WJR,Wajir Airport,"Wajir, Kenya",Kenya,,1.73305556,40.09138889,1
16687,BMV,Buon Ma Thuot,"Ban Me Thout, Vietnam",Vietnam,,12.66833333,108.12027778,1
16688,GA0,Heart of Georgia Regional,"Eastman, GA",United States,Georgia,32.21638889,-83.12861111,1
16689,PA9,Rock,"Tarentum, PA",United States,Pennsylvania,40.64222222,-79.85611111,1
16690,YUW,Dewar Lakes Airport,"Dewar Lakes, Canada",Canada,Nunavut Territory,68.63333333,-71.13333333,1
16691,KR1,Jungwon AB,"Jungwon, South Korea",South Korea,,37.03,127.88527778,1
16692,MT2,Three Forks Airport,"Three Forks, MT",United States,Montana,45.87805556,-111.56944444,1
16693,EE1,Amari Airport,"Amari, Estonia",Estonia,,59.25972222,24.20472222,1
16694,T2X,Hereford Municipal,"Hereford, TX",United States,Texas,34.86083333,-102.32583333,1
16695,TN5,Lafayette Municipal,"Lafayette, TN",United States,Tennessee,36.52,-86.05805556,1
16696,A3K,Smith Bay Airport,"Smith Bay, AK",United States,Alaska,70.76583333,-154.23083333,1
16697,VA6,Smith Mountain Lake,"Moneta, VA",United States,Virginia,37.10777778,-79.5925,1
16698,A4K,Dune Lake Airport,"Dune Lake, AK",United States,Alaska,64.42138889,-149.89444444,1
16699,JCT,Kimble County,"Junction, TX",United States,Texas,30.51111111,-99.76277778,1
16700,C1A,Del Mar Farms,"Patterson, CA",United States,California,37.54638889,-121.15861111,1
16701,BR2,Costa Esmeralda,"Porto Belo, Brazil",Brazil,,-27.16666667,-48.62166667,1
16702,T3X,El Coyote Ranch,"Encino, TX",United States,Texas,26.85833333,-98.22166667,1
16703,ECI,Costa Esmeralda,"Rivas, Nicaragua",Nicaragua,,11.4275,-86.03333333,1
16704,NY3,Ledgedale Airpark,"Brockport, NY",United States,New York,43.18111111,-77.91555556,1
16705,JNJ,Duqm International,"Duqm, Oman",Oman,,19.5,57.64277778,1
16706,T4X,Austin Executive Airpark,"Austin, TX",United States,Texas,30.41361111,-97.665,1
16707,NU1,Doris Lake Airport,"Doris Lake, Canada",Canada,Nunavut Territory,68.12527778,-106.58527778,1
16708,BG1,Graf Ingratievo Airport,"Graf Ingratievo, Bulgaria",Bulgaria,,42.29055556,24.71361111,1
16709,T5X,Castroville Municipal,"Castroville, TX",United States,Texas,29.3425,-98.85111111,1
16710,MD2,Maryland,"Indian Head, MD",United States,Maryland,38.59694444,-77.0725,1
16711,NV4,Reno Stead,"Reno, NV",United States,Nevada,39.66805556,-119.87638889,1
16712,JIJ,Jigjiga Garad Wilwal,"Jijiga, Ethiopia",Ethiopia,,9.3325,42.91194444,1
16713,BBK,Kasane,"Kasane North West, Botswana",Botswana,,-17.83138889,25.16666667,1
16714,JJN,Jinjiang,"Zuanzhou Fujian, China",China,,24.79722222,118.58916667,1
16715,N2Y,Finger Lakes Regional,"Seneca Falls, NY",United States,New York,42.88305556,-76.78222222,1
16716,TAY,Tartu Airport,"Tartu, Estonia",Estonia,,58.3075,26.68694444,1
16717,NU2,Hope Bay Airport,"Hope Bay, Canada",Canada,Nunavut Territory,68.16111111,-106.61555556,1
16718,MOV,Moranbah Airport,"Moranbah, Australia",Australia,,-22.05805556,148.07638889,1
16719,N2C,Charlotte Monroe Executive,"Monroe, NC",United States,North Carolina,35.0175,-80.62194444,1
16720,A6K,Van Curlers Sandbar,"Fairbanks1, AK",United States,Alaska,65.04472222,-145.42305556,1
16721,VA7,Bridgewater Air Park,"Bridgewater, VA",United States,Virginia,38.36527778,-78.95888889,1
16722,O1H,Holmes County,"Millersburg, OH",United States,Ohio,40.53666667,-81.95583333,1
16723,A7K,Nakochna Airport,"Nakochna, AK",United States,Alaska,62.03611111,-151.45222222,1
16724,N3Y,Ticonderoga Municipal,"Ticonderoga, NY",United States,New York,43.87722222,-73.41305556,1
16725,NV5,Black Rock City,"Gerlach, NV",United States,Nevada,40.76194444,-119.21083333,1
16726,NU3,Jericho Mine,"Jericho, Canada",Canada,Nunavut Territory,66.01861111,-111.45194444,1
16727,NJ7,Old Bridge,"New Jersey, NJ",United States,New Jersey,40.33,-74.34666667,1
16728,N3C,Macon County,"Franklin, NC",United States,North Carolina,35.22222222,-83.42,1
16729,O2H,Knox County,"Mount Vernon, OH",United States,Ohio,40.32888889,-82.52611111,1
16730,NH2,Gorham Airport,"Gorham, NH",United States,New Hampshire,44.39361111,-71.19805556,1
16731,NH3,Dean Memorial,"Haverhill, NH",United States,New Hampshire,44.08027778,-72.00777778,1
16732,KNA,Vina del Mar Airport,"Vina del Mar, Chile",Chile,,-32.94972222,-71.47861111,1
16733,LCJ,Lodz Lublinek,"Lodz Lodzkie, Poland",Poland,,51.72194444,19.39805556,1
16734,NU4,Meadowbank,"Meadowbank Nunavut, Canada",Canada,Nunavut Territory,65.025,-96.07111111,1
16735,CD1,Kamina,"Katanga, Congo (Kinshasa)",Congo (Kinshasa),,-8.72888889,24.99138889,1
16736,ME7,Stonington Municipal,"Stonington, ME",United States,Maine,44.17333333,-68.68027778,1
16737,AL8,Scottsboro Municipal Word Field,"Scottsboro, AL",United States,Alabama,34.68861111,-86.00583333,1
16738,AR3,Bentonville Municipal Louise M Thaden Field,"Bentonville, AR",United States,Arkansas,36.345,-94.21972222,1
16739,O3H,Bolton Field,"Columbus, OH",United States,Ohio,39.90111111,-83.13694444,1
16740,O4H,Delaware Municipal Jim Moore Field,"Delaware, OH",United States,Ohio,40.27944444,-83.11333333,1
16741,T1N,Robert Sibley,"Selmer, TN",United States,Tennessee,35.20305556,-88.49833333,1
16742,IN7,Indy South Greenwood,"Indianapolis, IN",United States,Indiana,39.6275,-86.08805556,1
16743,MS4,Panola County,"Batesville, MS",United States,Mississippi,34.36361111,-89.89277778,1
16744,IL2,Effingham County Regional,"Effingham, IL",United States,Illinois,39.07055556,-88.53361111,1
16745,T6X,Houston Executive,"Houston, TX",United States,Texas,29.805,-95.89777778,1
16746,GNT,Grants Milan Municipal,"Grants, NM",United States,New Mexico,35.16722222,-107.90194444,1
16747,CD2,Dungu,"Orientale, Congo (Kinshasa)",Congo (Kinshasa),,3.6775,28.60111111,1
16748,DYL,Doylestown Airport,"Doylestown, PA",United States,Pennsylvania,40.33305556,-75.12222222,1
16749,T7X,Wildcat Canyon,"China Spring, TX",United States,Texas,31.67861111,-97.3625,1
16750,N4C,Raleigh Exec Jetport at Sanford Lee County,"Sanford, NC",United States,North Carolina,35.5825,-79.10138889,1
16751,FL7,Coral Creek,"Placida, FL",United States,Florida,26.85361111,-82.2525,1
16752,BDT,Gbadolite,"Bgadolite, Congo (Kinshasa)",Congo (Kinshasa),,4.25277778,20.97555556,1
16754,N5C,Columbus County Regional,"Whiteville, NC",United States,North Carolina,34.27277778,-78.715,1
16755,T8X,McKinney National,"Dallas, TX",United States,Texas,33.17694444,-96.58888889,1
16756,TH1,Korat AAF,"Korat, Thailand",Thailand,,14.95416667,102.07388889,1
16757,KW1,Ali Al Salem AB,"Ali Al Salem, Kuwait",Kuwait,,29.34666667,47.52083333,1
16758,BWC,Brawley Municipal,"Brawley, CA",United States,California,32.99305556,-115.51722222,1
16759,JAA,Jalalabad Airport,"Jalalabad, Afghanistan",Afghanistan,,34.4,70.49833333,1
16760,BFG,Bullfrog Basin,"Glen Canyon, UT",United States,Utah,37.54583333,-110.71333333,1
16761,O5H,Wood County,"Bowling Green, OH",United States,Ohio,41.39111111,-83.63027778,1
16762,LA3,Port of South Louisiana Executive,"Reserve, LA",United States,Louisiana,30.0875,-90.58277778,1
16763,UDJ,Uzhhorod International,"Zakarpattia, Ukraine",Ukraine,,48.63444444,22.26305556,1
16764,FME,Tipton,"Fort Meade, MD",United States,Maryland,39.08527778,-76.75944444,1
16765,LNR,Tri County Regional,"Lone Rock, WI",United States,Wisconsin,43.21194444,-90.17972222,1
16766,YMD,Mould Bay Airport,"Mould Bay, Canada",Canada,Northwest Territories,76.23916667,-119.32111111,1
16767,APH,Mary Walker Lz,"Fort A P Hill, VA",United States,Virginia,38.06888889,-77.31888889,1
16768,QSR,Salerno Airport,"Salerno, Italy",Italy,,40.61722222,14.90777778,1
16769,N6C,Siler City Municipal,"Siler City, NC",United States,North Carolina,35.70416667,-79.50416667,1
16770,CO1,Monte Vista Municipal,"Monte Vista, CO",United States,Colorado,37.52861111,-106.04583333,1
16771,RNH,New Richmond Regional,"New Richmond, WI",United States,Wisconsin,45.14777778,-92.53916667,1
16772,AE2,Sweihan Airbase,"Sweihan, United Arab Emirates",United Arab Emirates,,24.52444444,54.97611111,1
16773,KZ1,Baikonur Krayniy,"Baikonur, Kazakhstan",Kazakhstan,,44.56555556,76.68472222,1
16774,VA8,Richmond Executive Chesterfield County,"Richmond, VA",United States,Virginia,37.40638889,-77.52472222,1
16775,MO3,Richland Municipal,"Richland, MO",United States,Missouri,37.875,-92.40805556,1
16776,T2N,Cleveland Regional Jetport,"Clevland, TN",United States,Tennessee,35.21222222,-84.79916667,1
16777,P1A,Nemacolin,"Farmington, PA",United States,Pennsylvania,39.8075,-79.5475,1
16778,WI4,Middleton Municipal Morey Field,"Middleton, WI",United States,Wisconsin,43.11444444,-89.53166667,1
16779,JO5,King Abdullah II Airbase,"Az-Zarqa, Jordan",Jordan,,32.00555556,36.22388889,1
16780,O6H,Ashland County,"Ashland, OH",United States,Ohio,40.90305556,-82.25555556,1
16781,WMI,Modlin,"Nowy Dwor Mazowieckie, Poland",Poland,,52.45111111,20.65194444,1
16782,DSS,Blaise Diagne International,"Dakar Thies, Senegal",Senegal,,14.67111111,-17.07277778,1
16783,GA7,Greene County Regional,"Greensboro, GA",United States,Georgia,33.59805556,-83.13833333,1
16784,KY6,Mayfield Graves County,"Mayfield, KY",United States,Kentucky,36.76972222,-88.58472222,1
16785,T9X,Dimmit County,"Carrizo Springs, TX",United States,Texas,28.52222222,-99.82361111,1
16786,N1E,Dirkou,"Dirkau, Niger",Niger,,18.96333333,12.86361111,1
16787,RNM,Ramona Airport,"Ramona, CA",United States,California,33.03916667,-116.91527778,1
16788,OPN,Thomaston Upson County,"Thomaston, GA",United States,Georgia,32.955,-84.26416667,1
16789,VHN,Culberson County,"Van Horn, TX",United States,Texas,31.05777778,-104.78388889,1
16790,AL9,Merkel Field Sylacauga Municipal,"Sylacauga, AL",United States,Alabama,33.17194444,-86.30555556,1
16791,TRL,Terrell Municipal,"Terrell, TX",United States,Texas,32.70861111,-96.26722222,1
16792,NJ8,Greenwood Lake,"West Milford, NJ",United States,New Jersey,41.12833333,-74.34666667,1
16793,WI5,Monroe Municipal,"Moroe, WI",United States,Wisconsin,42.615,-89.59027778,1
16794,NU5,Goose Lake Airport,"Goose Lake, Canada",Canada,Nunavut Territory,65.54138889,-106.43888889,1
16795,MN7,Anoka County Blaine,"Minneapolis, MN",United States,Minnesota,45.145,-93.21027778,1
16796,EST,Estherville Municipal,"Estherville, IA",United States,Iowa,43.4075,-94.74638889,1
16797,CXR,Cam Ranh International,"Can Ranh, Vietnam",Vietnam,,11.99638889,109.22027778,1
16798,RHD,Termas de Rio Hondo,"Rio Hondo, Argentina",Argentina,,-27.49666667,-64.93583333,1
16799,LUZ,Lublin Airport,"Lublin, Poland",Poland,,51.24027778,22.71361111,1
16800,NU6,Seaice15,"Seaice, Canada",Canada,Nunavut Territory,66.65,-107.7,1
16801,P2A,Penns Landing Heliport,"Philadelphia, PA",United States,Pennsylvania,39.93722222,-75.14138889,1
16802,A5K,Paxson Airport,"Paxson, HI",United States,Hawaii,63.02444444,-145.50055556,1
16803,A5K,Paxson Airport,"Paxson, AK",United States,Alaska,63.02444444,-145.50055556,1
16804,AA9,Napaimute Pioneer Airfield,"Napaimute, AK",United States,Alaska,61.53638889,-158.73888889,1
16805,NE4,Smith Field,"Champion, NE",United States,Nebraska,40.48194444,-101.81305556,1
16806,ON2,Stratford Municipal,"Stratford, Canada",Canada,Ontario,43.41194444,-80.93833333,1
16807,MA6,Hopedale Industrial Park,"Hopedale, MA",United States,Massachusetts,42.10638889,-71.51,1
16808,NL1,Fogo Airport,"Fogo, Canada",Canada,Newfoundland and Labrador,49.6575,-54.2375,1
16809,IN8,Rajali Arakkonam,"Tamil Nadu, India",India,,13.07111111,79.69111111,1
16810,A2L,Isbell Field,"Fort Payne, AL",United States,Alabama,34.47361111,-85.72138889,1
16811,A1L,Cullman Regional Folsom Field,"Cullman, AL",United States,Alabama,34.26861111,-86.85805556,1
16812,GA8,Cy Nunnally Memorial,"Monroe, GA",United States,Georgia,33.7825,-83.69277778,1
16813,NH4,Moultonborough,"Moultonboro, NH",United States,New Hampshire,43.7675,-71.3875,1
16814,BE1,Steenokkerzeel Airport,"Steenokkerzeel, Belgium",Belgium,,50.91666667,4.51666667,1
16815,N4Y,Southampton Heliport,"Southampton, NY",United States,New York,40.84638889,-72.46638889,1
16816,FL8,Deland Municipal Sidney H Taylor Field,"Deland, FL",United States,Florida,29.06694444,-81.28388889,1
16817,NV6,Calvada Meadows,"Pahrump, NV",United States,Nevada,36.27194444,-115.99527778,1
16818,N8K,McGahan Industrial Park,"Nikisha, AK",United States,Alaska,60.72527778,-151.30222222,1
16819,LA4,False River Regional,"New Roads, LA",United States,Louisiana,30.71833333,-91.47861111,1
16820,FFL,Fairfield Municipal,"Fairfield, IA",United States,Iowa,41.05583333,-91.98083333,1
16821,MI7,South Haven Area Regional,"South Haven, MI",United States,Michigan,42.35138889,-86.25583333,1
16822,ZFW,Fairview Airport,"Fairview, Canada",Canada,Alberta,56.08138889,-118.43333333,1
16823,CO6,Central Colorado Regional,"Buena, CO",United States,Colorado,38.81416667,-106.12055556,1
16824,CIT,Shymkent,"Shimkent, Kazakhstan",Kazakhstan,,42.365,69.47527778,1
16825,TYM,Staniel Cay,"Exuma, The Bahamas",The Bahamas,,24.16944444,-76.43916667,1
16826,PL2,Powidz,"Witkowo, Poland",Poland,,52.38055556,17.85,1
16827,YMW,Maniwaki Airport,"Maniwaki, Canada",Canada,Quebec,46.27277778,-75.99055556,1
16828,PSQ,Philadelphia Seaplane Base,"Essington, PA",United States,Pennsylvania,39.85888889,-75.29972222,1
16829,LNA,Palm Beach County Park,"West Palm Beach, FL",United States,Florida,26.59305556,-80.085,1
16830,2NY,Sands Point Seaplane Base,"Port Washington, NY",United States,New York,40.8275,-73.71694444,1
16831,3NY,Sebonac,"Suffolk, NY",United States,New York,40.89861111,-72.41055556,1
16832,NYS,New York Skyports Seaplane Base,"New York, NY",United States,New York,40.73388889,-73.97277778,1
16833,AQ1,McMurdo Station Phoenix Field,"McMurdo Station, Antarctica",Antarctica,,-77.95722222,166.74527778,1
16834,AQ2,Mario Zucchelli,"Terra Nova Bay, Antarctica",Antarctica,,-74.68333333,164.11666667,1
16835,BS1,Goat Cay Airport,"Goat Cay, The Bahamas",The Bahamas,,23.83583333,-76.21305556,1
16836,BS2,Pig Beach Airport,"Pig Beach, The Bahamas",The Bahamas,,24.18388889,-76.45666667,1
16837,AZ7,Colorado City Municipal,"Colorado City, AZ",United States,Arizona,36.96,-113.01388889,1
16838,VA9,Hampton Roads Executive,"Norfolk, VA",United States,Virginia,36.78083333,-76.45138889,1
16839,HNB,Huntingburg Airport,"Huntingburg, IN",United States,Indiana,38.24888889,-86.95277778,1
16840,1TN,Beech River Regional,"Lexington Parsons, TN",United States,Tennessee,35.65638889,-88.19527778,1
16841,MNH,Rustaq,"Musanaa, Oman",Oman,,23.64027778,57.4875,1
16842,1GA,Atlanta Speedway,"Hampton, GA",United States,Georgia,33.39,-84.33111111,1
16843,1CA,Rio Vista Municipal,"Rio Vista, CA",United States,California,38.19333333,-121.70361111,1
16844,2CA,Delano Municipal,"Delano, CA",United States,California,35.74555556,-119.23638889,1
16845,BS3,Baker Bay Airport,"Baker Bay, The Bahamas",The Bahamas,,26.67805556,-77.12888889,1
16846,FL9,Lake Wales Municipal,"Lake Wales, FL",United States,Florida,27.89333333,-81.62138889,1
16847,IL3,Litchfield Municipal,"Litchfield, IL",United States,Illinois,39.1625,-89.67472222,1
16848,2GA,Camilla Mitchell County,"Camilla, GA",United States,Georgia,31.21305556,-84.23527778,1
16849,AIO,Atlantic Municipal,"Atlantic, IA",United States,Iowa,41.40388889,-95.04861111,1
16850,UT2,A A Helicopters Inc,"North Salt Lake, UT",United States,Utah,40.85833333,-111.93472222,1
16851,NJ9,Cross Keys Airport,"Cross Keys, NJ",United States,New Jersey,39.70555556,-75.03305556,1
16852,NLU,Felipe Angeles International,"Mexico City, Mexico",Mexico,,19.74166667,-99.01277778,1
16853,1TX,Moore County,"Dumas, TX",United States,Texas,35.8575,-102.01333333,1
16854,BYJ,Beja Airport,"Beja, Portugal",Portugal,,38.07888889,-7.93111111,1
16855,BXO,Buochs,"Nidwalder, Switzerland",Switzerland,,46.97444444,8.39694444,1
16856,VJI,Virginia Highlands,"Abingdon, VA",United States,Virginia,36.68638889,-82.03472222,1
16857,SSF,Stinson Municipal,"San Antonio, TX",United States,Texas,29.33694444,-98.47111111,1
16858,ISL,Ataturk,"Istanbul, Turkey",Turkey,,40.97166667,28.82305556,1
16859,GKE,Geilenkirchen Airport,"Geilenkirchen, Germany",Germany,,50.96083333,6.04166667,1
16860,WI6,Waupaca Municipal,"Waupaca, WI",United States,Wisconsin,44.33333333,-89.01972222,1
16861,N1J,Hackettstown Airport,"Hackettstown, NJ",United States,New Jersey,40.82,-74.85527778,1
16862,HU1,Papa Airport,"Papa, Hungary",Hungary,,47.36388889,17.50055556,1
16863,N5Y,South Albany,"South Bethlehem, NY",United States,New York,42.56083333,-73.83388889,1
16864,ZMH,South Cariboo,"108 Mile Ranch, Canada",Canada,British Columbia,51.73666667,-121.33305556,1
16865,HDE,Brewster Field,"Holdrege, NE",United States,Nebraska,40.45194444,-99.33611111,1
16866,VIP,Payerne Airport,"Payerne, Switzerland",Switzerland,,46.84333333,6.915,1
16867,N6Y,Joseph Y Resnick,"Ellenville, NY",United States,New York,41.72888889,-74.37694444,1
16868,NH5,Hawthorne Feather Airpark,"Hillsboro, NH",United States,New Hampshire,43.06138889,-71.90527778,1
16869,XWA,Williston Basin International,"Williston, ND",United States,North Dakota,48.25972222,-103.75055556,1
16870,ON3,Victor Mine,"Victor Diamond Mine, Canada",Canada,Ontario,52.83277778,-83.92472222,1
16871,CT7,Chester Airport,"Chester, CT",United States,Connecticut,41.38361111,-72.50583333,1
16872,LA5,South Lafourche Leonard Miller Jr,"Galliano, LA",United States,Louisiana,29.44111111,-90.26111111,1
16873,NM2,Spaceport America,"Truth Or Consequences, NM",United States,New Mexico,32.98944444,-106.96944444,1
16874,PKX,Daxing International,"Beijing, China",China,,39.5,116.41777778,1
16875,3GA,Early County,"Blakely, GA",United States,Georgia,31.3975,-84.89472222,1
16876,SC6,Charleston Executive,"Charleston, SC",United States,South Carolina,32.70055556,-80.00305556,1
16877,IXP,Pathankot Airport,"Pathankot, India",India,,32.23361111,75.63472222,1
16878,CWC,Chernivtsi International,"Chernivtsi, Ukraine",Ukraine,,48.25944444,25.98,1
16879,T4X,Llano Municipal,"Llano, TX",United States,Texas,30.78416667,-98.66,1
16880,3TX,Lancaster Regional,"Lancaster, TX",United States,Texas,32.5775,-96.7175,1
16881,OLL,Oyo Ollombo,"Oyo, Congo (Brazaville)",Congo (Brazaville),,-1.22666667,15.91,1
16882,KNO,Kualanamu International,"Medan, Indonesia",Indonesia,,3.63777778,98.87055556,1
16883,N7C,Tri County at Henry Joyner Field,"Ahoskie, NC",United States,North Carolina,36.2975,-77.17083333,1
16884,PNT,Teniente Julio Gallardo,"Puero Natales, Chile",Chile,,-51.67111111,-72.52777778,1
16885,CJ8,Macklin,"Saskatchewan, Canada",Canada,Saskatchewan,52.34277778,-109.91888889,1
16886,AR4,Delta Regional,"Colt, AR",United States,Arkansas,35.11999999,-90.82638889,1
16887,NG1,Birnin Kebbi International,"Bernin Kebbi, Nigeria",Nigeria,,12.47805556,4.3675,1
16888,AZR,Touat Cheikh Sidi Mohamed Belkebir,"Adrar, Nigeria",Nigeria,,27.83777778,-0.18638889,1
16889,ALL,Albenga,"Liguria, Italy",Italy,,44.05055556,8.1275,1
16890,GGR,New Garowe,"Garowe Puntland, Somalia",Somalia,,8.45861111,48.56833333,1
16891,OD3,Bentiu Airport,"Bentiu, South Sudan",South Sudan,,9.24111111,29.78361111,1
16892,CQM,Ciudad Real Airport,"Ciudad Real, Spain",Spain,,38.85638889,-3.97,1
16893,CRZ,Turkmenabat Airport,"Turkmenabat, Turkmenistan",Turkmenistan,,38.93083333,63.56388889,1
16895,MNQ,Tosontsengel," Tosontsengel, Mongolia",Mongolia,,48.73861111,98.29638889,1
16896,DMB,Taraz Airport,"Taraz, Kazakhstan",Kazakhstan,,42.85388889,71.30305556,1
16897,2TX,Brenham Municipal,"Brenham, TX",United States,Texas,30.21972222,-96.37444444,1
16898,2TN,Mark Anton,"Dayton, TN",United States,Tennessee,35.48611111,-84.93111111,1
16899,KSJ,Kassos,"Kasos Island, Greece",Greece,,35.42138889,26.91,1
16900,4TX,Lajitas International,"Lajitas, TX",United States,Texas,29.27722222,-103.68583333,1
16901,2FL,North Palm Beach County Gen Aviation,"West Palm Beach, FL",United States,Florida,26.84583333,-80.22222222,1
16902,BMT,Beaumont Municipal,"Beaumont, TX",United States,Texas,30.07027778,-94.215,1
16903,ME8,Eastport Municipal,"Eastport, ME",United States,Maine,44.91,-67.01277778,1
16904,4NY,Johnson Landing Strip,"Millbrook, NY",United States,New York,41.81916667,-73.64333333,1
16905,UT3,Spanish Fork Municipal Woodhouse Field,"Spanish Fork, UT",United States,Utah,40.145,-111.66777778,1
16906,ID3,Sandpoint Airport,"Sandpoint, ID",United States,Idaho,48.29944444,-116.56027778,1
16907,3CA,Garberville Airport,"Garberville, CA",United States,California,40.08555556,-123.81416667,1
16908,1WA,Deer Park Airport,"Deer Park, WA",United States,Washington,47.96138889,-117.43111111,1
16909,5TX,South Texas International at Edinburg,"Edinburg, TX",United States,Texas,26.44166667,-98.12222222,1
16910,LOW,Louisa County Freeman Field,"Louisa, VA",United States,Virginia,38.00972222,-77.97,1
16911,ID4,Caldwell Exec,"Caldwell, ID",United States,Idaho,43.64194444,-116.63583333,1
16913,4GA,Paulding Memorial Hospital Heliport,"Atlanta, GA",United States,Georgia,33.91972221,-84.85277778,1
16914,4CL,El Mirage Field Adelanto,"El Mirage, CA",United States,California,34.62555556,-117.59833333,1
16915,MO4,Clinton Regional,"Clinton, MO",United States,Missouri,38.35472222,-93.67916667,1
16916,6TX,Real County,"Leakey, TX",United States,Texas,29.74555556,-99.76083333,1
16917,HPY,Baytown Airport,"Baytown, TX",United States,Texas,29.78611111,-94.95277778,1
16918,CO7,Meeker Coulter Field,"Meeker, CO",United States,Colorado,40.04888889,-107.88583333,1
16919,7TX,Possum Kingdom,"Graford, TX",United States,Texas,32.92333333,-98.43694444,1
16920,4CA,University,"Davis, CA",United States,California,38.53138889,-121.78638889,1
16921,RMU,Murcia Airport,"Murcia, Spain",Spain,,37.80305556,-1.12472222,1
16922,IN9,Daviess County,"Washington, IN",United States,Indiana,38.70083333,-87.13138889,1
16923,1AK,Mertarvik Quarry Road Landing Strip,"Mertarvik, AK",United States,Alaska,60.81833333,-164.51888889,1
16924,N2J,Solberg Hunterdon,"Reading, NJ",United States,New Jersey,40.58083333,-74.73555556,1
16925,5NY,Malone Dufort,"Malone, NY",United States,New York,44.85361111,-74.32888889,1
16926,8TX,McGregor Exec,"Waco, TX",United States,Texas,31.485,-97.31666667,1
16927,N8C,Cape Fear Regional Jetport Howie Franklin,"Oak Island, NC",United States,North Carolina,33.93083333,-78.07333333,1
16928,YQS,St Thomas Municipal,"St Thomas, Canada",Canada,Ontario,42.77,-81.10972222,1
16930,YIA,Yogyakarta International,"Yogyakarta, Indonesia",Indonesia,,-7.90527778,110.05722222,1
16931,KLF,Grabtsevo,"Kaluga, Russia",Russia,,54.54861111,36.37138889,1
16932,JGR,Gronnedal Invittuut,"Kangiliinnguit, Greenland",Greenland,,61.22166667,-48.10722222,1
16933,VIN,Gavryshivka International,"Vinnitsa, Ukraine",Ukraine,,49.2425,28.61388889,1
16934,2NC,Asheboro Regional,"Asheboro, NC",United States,North Carolina,35.65444444,-79.89472222,1
16935,LNN,Lake County Executive,"Willoughby, OH",United States,Ohio,41.68416667,-81.38972222,1
16936,MT3,Ennis Big Sky,"Ennis, MT",United States,Montana,45.27583333,-111.64888889,1
16937,ME9,Greenville Municipal,"Greenville, ME",United States,Maine,45.46277778,-69.55166667,1
16938,ETB,West Bend Municipal,"West Bend, WI",United States,Wisconsin,43.42222222,-88.12805556,1
16939,QC2,St Georges Airport,"St Georges, Canada",Canada,Quebec,46.09638889,-70.71472222,1
16940,3TN,Elizabethton Municipal,"Elizabethon, TN",United States,Tennessee,36.37166667,-82.17277778,1
16941,MO5,North Central Missouri Regional,"Brookfield, MO",United States,Missouri,39.77138888,-93.01277778,1
16942,9TX,Center Municipal,"Center, TX",United States,Texas,31.83166667,-94.15638889,1
16943,DGX,St Athan Airport,"St Athan, United Kingdom",United Kingdom,,51.40527778,-3.43361111,1
16944,CZ1,Hradec Kralove Airport,"Hradec Kralove, Czech Republic",Czech Republic,,50.25305556,15.84527778,1
16945,RWN,Rivne International,"Rovno, Ukraine",Ukraine,,50.60777778,26.14111111,1
16946,SZY,Olsztyn Mazury ,"Mazury, Poland",Poland,,53.48194444,20.93777778,1
16947,T82,Gillespie County,"Fredericksburg, TX",United States,Texas,30.24333333,-98.90916667,1
16948,MKN,Comanche County City,"Comanche, TX",United States,Texas,31.92027778,-98.59916667,1
16949,STV,Surat Airport,"Surat, India",India,,21.11583333,72.74333333,1
16950,PL3,Polish 32 Baza Lotnicza,"Lask, Poland",Poland,,51.55166667,19.17916667,1
16951,1VA,Warrenton Fauquier,"Warrenton, VA",United States,Virginia,38.58638889,-77.71055556,1
16952,MS5,Cleveland Municipal,"Cleveland, MS",United States,Mississippi,33.7625,-90.75805556,1
16953,HTV,Huntsville Municipal,"Huntsville, TX",United States,Texas,30.74694444,-95.58722222,1
16954,BNH,Boston Harbor Seaplane Base,"Boston, MA",United States,Massachusetts,42.35138889,-71.025,1
16955,6NY,Sag Harbor,"New York, NY",United States,New York,41.00888889,-72.27527778,1
16956,7NY,Shelter Island,"New York, NY",United States,New York,41.07916667,-72.33916667,1
16957,8NY,Noyack ,"New York, NY",United States,New York,41.0161111,-72.33916667,1
16958,XT1,New Braunfels National,"New Braunfels, TX",United States,Texas,29.70583333,-98.04333333,1
16959,1PA,Joseph A Hardy Connellsville,"Connellsville, PA",United States,Pennsylvania,39.95916667,-79.6575,1
16960,SA3,Aradah Airport,"Aradah, Saudi Arabia",Saudi Arabia,,21.22777778,55.26777778,1
16961,XT2,Bridgeport Municipal,"Bridgeport, TX",United States,Texas,33.17388889,-97.82833333,1
16962,XT3,Granbury Regional,"Granbury, TX",United States,Texas,32.44305556,-97.82138889,1
16963,LV1,Lielvarde,"Lievarde, Latvia",Latvia,,56.77916667,24.85388889,1
16964,SD3,Hot Springs Municipal,"Hot Springs, SD",United States,South Dakota,43.36833333,-103.38833333,1
16965,9NY,Sbnysh,"Shelter Island, NY",United States,New York,41.09277778,-72.31583333,1
16966,N7Y,Sbnynb,"North Haven, NY",United States,New York,41.08666667,-72.32638889,1
16967,CT8,Sbctbh,"Belie Haven, CT",United States,Connecticut,41.0025,-73.6325,1
16968,NM3,Moriarty Municipal,"Moriarty, NM",United States,New Mexico,34.97805556,-106.0,1
16969,NV7,Silver Springs Airport,"Silver Springs, NV",United States,Nevada,39.40305556,-119.25111111,1
16970,NBE,Enfidha Airport,"Enfidha, Tunisia",Tunisia,,36.07583333,10.43861111,1
16971,PED,Pardubice Airport,"Pardubice, Czech Republic",Czech Republic,,50.01333333,15.73861111,1
16972,SD4,Sturgis Municipal,"Sturgis, SD",United States,South Dakota,44.41861111,-103.37777778,1
16973,AZ8,Ruby Star Airpark,"Green Valley, AZ",United States,Arizona,31.90916667,-111.12083333,1
16974,MD3,Harford County,"Churchville, MD",United States,Maryland,39.56777778,-76.20305556,1
16975,AZ9,Coolidge Municipal,"Coolidge, AZ",United States,Arizona,32.93861111,-111.425,1
16976,MLJ,Baldwin County Regional,"Milledgeville, GA",United States,Georgia,33.15416667,-83.24138889,1
16977,CFN,Donegal,"Carrickfinn, Ireland",Ireland,,55.04416667,-8.34111111,1
16978,KY7,Morehead Rowan County Clyde A Thomas Regional,"Morehead, KY",United States,Kentucky,38.215,-83.5875,1
16979,MS6,Columbia Marion County,"Columbia, MS",United States,Mississippi,31.29777778,-89.81138889,1
16980,2VA,Camp Peary Landing Strip,"Williamsburg, VA",United States,Virginia,37.31277777,-76.63833333,1
16981,KJT,Kertajati Airport,"Kertajati, Indonesia",Indonesia,,-6.6475,108.16555556,1
16982,2AK,Deer Park,"Deerpark, AK",United States,Alaska,56.51972222,-134.67944444,1
16983,2WK,Odessa Municipal,"Odessa, WA",United States,Washington,47.3475,-118.67722222,1
16984,XT4,Kalt Ranch,"Fulton, TX",United States,Texas,28.15444444,-96.97694444,1
16985,A9K,Temsco Helicopters Inc Heliport,"Healy, AK",United States,Alaska,63.7375,-148.88277778,1
16986,PHK,Palm Beach County Glades,"Pahokee, FL",United States,Florida,26.785,-80.69333333,1
16987,BKT,Allan C Perkinson Blackstone AAF,"Blackstone, VA",United States,Virginia,37.07472222,-77.95194444,1
16988,YLJ,Meadow Lake Airport,"Meadow Lake, Canada",Canada,Saskatchewan,54.12527778,-108.52277778,1
16989,PWN,Pitts Town Airport,"Pitts Town, The Bahamas",The Bahamas,,22.82972222,-74.34388889,1
16990,1NJ,Aeroflex Andover,"Andover, NJ",United States,New Jersey,41.0086111,-74.73805556,1
16991,3NC,Hendersonville Airport,"Hendersonville, NC",United States,North Carolina,35.30749999,-82.43305556,1
16992,3AK,Gold Mining Landing Strip,"Tintina, AK",United States,Alaska,64.40972222,-155.49111111,1
16993,MN8,Walker Municipal,"Walker, MN",United States,Minnesota,47.15944444,-94.64527778,1
16994,4AK,Bradley Sky Ranch,"North Pole, AK",United States,Alaska,64.75916667,-147.38777778,1
16995,5AK,Lawing Airport,"Lawing, AK",United States,Alaska,60.41194444,-149.36944444,1
16996,TFU,Tianfu,"Chengdu, China",China,,30.30222222,104.44944444,1
16997,CH2,St Stephan Airport,"St Stephan, Switzerland",Switzerland,,46.49805556,7.41027778,1
16998,TQO,Felipe Carrillo Puerto,"Tulum, Mexico",Mexico,,20.16666667,-87.66666667,1
16999,PR1,Boqueron,"Cabo Rojo, PR",United States,Puerto Rico,18.01305556,-67.14555556,1
17000,CT9,Meriden Markham Municipal,"Meriden, CT",United States,Connecticut,41.5086111,-72.82944444,1
17001,BE2,Melsbroek AB,"Brussels, Belgium",Belgium,,50.90138889,4.48444444,1
17002,5GA,Tom B David Field,"Calhoun, GA",United States,Georgia,34.45527778,-84.93916667,1
17003,NRN,Weeze,"Niederrhein, Germany",Germany,,51.6025,6.14222222,1
17004,OR5,Condon State Pauling Field,"Condon, OR",United States,Oregon,45.24666667,-120.16638889,1
17005,UNU,Dodge County,"Juneau, WI",United States,Wisconsin,43.42638889,-88.70388889,1
17006,LBD,Khujand Airport,"Khujand, Tajikistan",Tajikistan,,40.21527778,69.69527778,1
17007,6GA,Habersham County,"Cornelia, GA",United States,Georgia,34.49972222,-83.55666667,1
17008,2NJ,Southern Cross,"Williamstown, NJ",United States,New Jersey,39.65555556,-75.01444444,1
17009,GGH,Parana,"Cianorte, Brazil",Brazil,,-12.62777778,-47.8475,1
17010,NL2,Voiseys Bay,"Voicey Bay, Canada",Canada,Newfoundland and Labrador,56.34472222,-62.08805556,1
17011,6AK,Newtok Seaplane Base,"Newtok, AK",United States,Alaska,60.92361111,-164.65611111,1
17012,3FL,Wauchula Municipal,"Wauchula, FL",United States,Florida,27.515,-81.88055556,1
17013,TXX,Covey Trails,"Fulshear, TX",United States,Texas,29.69,-95.84055556,1
17014,SC7,Allendale County,"Allendale, SC",United States,South Carolina,32.99499999,-81.27027778,1
17015,AO1,Dr Antonio Augostiho,"Luanda, Angola",Angola,,-9.52,13.49666667,1
17016,NU7,Mary River Airport,"Mary River, Canada",Canada,Nunavut Territory,71.32361111,-79.35388889,1
17017,DIA,Doha International,"Doha, Qatar",Qatar,,25.26111111,51.565,1
17018,RMO,Chisinau International,"Chisinau, Moldova",Moldova,,46.92777778,28.93083333,1
17019,OGL,Eugene F Correia International,"Ogle, Guyana",Guyana,,6.80583333,-58.1075,1
17020,5CA,Gray Butte Field,"Palmdale, CA",United States,California,34.56666667,-117.67083333,1
17021,3NJ,76ers Camden Heliport,"Camden, NJ",United States,New Jersey,39.94194444,-75.12833333,1
17022,4NJ,Pomona Airport,"Pomona, NJ",United States,New Jersey,39.47916667,-74.53944444,1
17023,5NJ,Prudential Center Heliport,"Newark, NJ",United States,New Jersey,40.73333333,-74.17194444,1
17024,2PA,Heliport 76er,"Philadelphia, PA",United States,Pennsylvania,39.90333333,-75.16361111,1
17025,6NJ,Ocean Casino Resort,"Atlantic City, NJ",United States,New Jersey,39.36222222,-74.41611111,1
17026,MD4,Fanatics Aberdeen Fulfillment Center,"Aberdeen, MD",United States,Maryland,39.49361111,-76.17444444,1
17027,7NJ,Meadowlands 2 Nj Complex Heliport,"East Rutherford, NJ",United States,New Jersey,40.81555556,-74.07055556,1
17028,MD5,Johns Hopkins Hosp Crit Care Twr Heliport,"Baltimore, MD",United States,Maryland,39.29583333,-76.59194444,1
17029,3PA,Conshohocken Heliport,"Conshohocken, PA",United States,Pennsylvania,40.06944444,-75.30222222,1
17030,4PA,Total Rf Heliport,"Bensalem, PA",United States,Pennsylvania,40.07083333,-74.93361111,1
17031,1CT,Valley Farm,"Somers, CT",United States,Connecticut,42.01305556,-72.4725,1
17032,PO1,Olsztyn,"Olsztyn Dajtki, Poland",Poland,,53.77305556,20.415,1
17033,OXD,Miami University,"Oxford, OH",United States,Ohio,39.50222222,-84.78444444,1
17034,EHU,Ezhou Huahu,"Ezhou, China",China,,30.34277778,115.02972222,1
17035,6CA,Little River Airport,"Little River, CA",United States,California,39.26194444,-123.75388889,1
17036,4FL,Quincy Municipal,"Quincy, FL",United States,Florida,30.59777778,-84.5575,1
17037,2WA,Tacoma Seaplane Base,"Tacoma, WA",United States,Washington,47.28333333,-122.47361111,1
17038,ORE,Orleans Bricy,"Orleans, France",France,,47.98777778,1.76055556,1
17039,4NC,Western Carolina Regional,"Andrews, NC",United States,North Carolina,35.19527778,-83.86305556,1
17040,N8Y,Avie M Harriman,"Harriman, NY",United States,New York,42.2661111,-74.135,1
17041,DE5,Schwaebisch Hall,"Baden-Wurttemberg, Germany",Germany,,49.11833333,9.78388889,1
17042,8NJ,Helo Kearny Heliport,"Kearny, NJ",United States,New Jersey,40.73166667,-74.11666667,1
17043,NH6,Parlin Field,"Newport, NH",United States,New Hampshire,43.38722222,-72.1875,1
17044,MD6,Claremont,"Elkton, MD",United States,Maryland,39.57416666,-75.86972222,1
17045,WI7,Baraboo Wisconsin Dells Regional,"Baraboo, WI",United States,Wisconsin,43.52194444,-89.77111111,1
17046,BYO,Aerodromo Public de Bonito,"Bonito, Brazil",Brazil,,-21.24722222,-56.4525,1
17047,MDN,Madison Municipal,"Madison, IN",United States,Indiana,38.76,-85.46472222,1
17048,3VA,Middle Peninsula Regional,"West Point, VA",United States,Virginia,37.52138888,-76.76277778,1
17049,5PA,Allentown Queen City Municipal,"Allentown, PA",United States,Pennsylvania,40.57027778,-75.48833333,1
17050,OWK,Central Maine of Norridgewock,"Norridgewock, ME",United States,Maine,44.71555556,-69.86638889,1
17051,5FL,St George Island,"Apalachicola, FL",United States,Florida,29.64444444,-84.91555556,1
17052,6PA,Franklin County Regional,"Chambersburg, PA",United States,Pennsylvania,39.97305556,-77.64333333,1
17053,8AK,Willow Conocophillips,"Nuiqsut, AK",United States,Alaska,70.11083333,-152.12972222,1
17054,MO6,Kansas City Lees Summit Regional,"Lees Summit, MO",United States,Missouri,38.95916667,-94.37194444,1
17055,OD4,Renk,"Renk Upper Nile, South Sudan",South Sudan,,11.75,32.8,1
17056,ABC,Albacete Airport,"Albacete, Spain",Spain,,38.94833332,-1.86361111,1
17057,JHF,Sao Paulo Catarina Aeroporto Executivo,"Sao Rogue, Brazil",Brazil,,-23.42694444,-47.16583333,1
17058,BXK,Buckeye Municipal,"Buckeye, AZ",United States,Arizona,33.4225,-112.68611111,1
17059,N9Y,Murphy Field,"Auburn, NY",United States,New York,42.84277778,-76.44527778,1
17060,7CA,Lincoln Regional Karl Harder Field,"Lincoln, CA",United States,California,38.90916667,-121.35138889,1
17061,NU8,Ulu Mine,"Western Nunavut, Canada",Canada,Nunavut Territory,66.9075,-110.97333333,1
17062,6FL,Arcadia Municipal,"Arcadia, FL",United States,Florida,27.19527778,-81.83833333,1
17063,2OH,Richard Downing,"Coshocton, OH",United States,Ohio,40.31027778,-81.8525,1
17064,KY8,Stanton Airport,"Stanton, KY",United States,Kentucky,37.84972221,-83.84583333,1
17065,7FL,Wellington Aero Club,"West Palm Beach, FL",United States,Florida,26.64666667,-80.295,1
17066,BE3,Kleine Brogel Airport,"Kleine Brogel , Belgium",Belgium,,51.16777778,5.47111111,1
17067,GOX,Manohar International,"Goa, India",India,,15.74444444,73.86083333,1
17068,HSR,Rajkot International,"Rajkot, India",India,,22.38805556,71.02833333,1
17069,COV,Cukurova,"Tarsus, Turkey",Turkey,,35.89694444,35.0675,1
17070,JJG,Humberto Ghizzo,"Jaguaruna, Brazil",Brazil,,-28.675,-49.05944444,1
17071,GNY,Sanliurfa Gap International,"Sanliurfa, Turkey",Turkey,,37.44805556,38.89833333,1
17072,BGG,Bingol Airport,"Bingol, Turkey",Turkey,,38.86027777,40.59444444,1
17073,OPS,Presidente Joao Batista Figueiredo,"Sinop, Brazil",Brazil,,-11.885,-55.58638889,1
17074,FRH,French Lick Municipal,"French Lick, IN",United States,Indiana,38.50611111,-86.63694444,1
17075,JVI,Central Jersey Regional,"Manville, NJ",United States,New Jersey,40.52444444,-74.59833333,1
17076,8FL,Keystone Heights Airport,"Keystone Heights, FL",United States,Florida,29.84638889,-82.04083333,1
17077,9AK,Wolf Lake,"Palmer, AK",United States,Alaska,61.63944444,-149.28388889,1
17078,IL4,Pittsfield Penstone Municipal,"Pittsfield, IL",United States,Illinois,39.63888888,-90.77861111,1
17079,N40,Sky Manor,"Pittstown, NJ",United States,New Jersey,40.56583332,-74.97944444,1
17080,POJ,Patos de Minas Airport,"Patos de Minas, Brazil",Brazil,,-18.67222221,-46.49138889,1
17081,RIS,Rishiri Airport,"Rishiri, Japan",Japan,,45.24194444,141.1875,1
17082,QLS,Lausanne La Blecherette,"Lausanne, Switzerland",Switzerland,,46.54527778,6.61666667,1
17083,DED,Dehradun,"Dehra Dun, India",India,,30.18972222,78.18027778,1
17084,KTI,Techo International,"Ta Khmau, Cambodia",Cambodia,,11.35861111,104.92888889,1
17085,NUM,Neom Bay,"Neom, Saudi Arabia",Saudi Arabia,,27.925,35.29,1
17086,AFM,Ambler Airport,"Ambler, AK",United States,Alaska,67.10666667,-157.85722222,1
17088,INI,Nis Airport,"Nis, Serbia",Serbia,,43.33722222,21.85361111,1
17089,T44,Kodiak Airport,"Kodiak, AK",United States,Alaska,57.78083333,-152.39138889,1
17090,JNX,Naxos Airport,"Naxos, Greece",Greece,,37.08111111,25.36805556,1
17091,BVC,Rabil,"Boa Vista, Cape Verde",Cape Verde,,16.1375,-22.88944444,1
17092,PQC,Phu Quoc Airport,"Phu Quoc, Vietnam",Vietnam,,10.17166667,103.97444444,1
17093,DRP,Bicol International Airport,"Legazpi, Philippines",Philippines,,13.11222222,123.67722222,1
17094,JJD,Comte. Ariston Pessoa Regional Airport,"Cruz, Brazil",Brazil,,-2.90666667,-40.35805556,1
17095,MPH,Godofredo P Ramos,"Caticlan, Philippines",Philippines,,11.92472222,121.955,1
17096,YNZ,Yancheng Airport,"Yancheng, China",China,,33.42583333,120.20305556,1
17097,MSR,Mus West,"Mus, Turkey",Turkey,,38.74472222,41.65388889,1
17098,VCL,Quang Nam,"Tamky, Vietnam",Vietnam,,15.40611111,108.70555556,1
17099,ULH,Alula International," Al-Ula, Saudi Arabia",Saudi Arabia,,26.48333333,38.11694444,1
17100,CRM,Catarman Airport,"Catarman, Philippines",Philippines,,12.5025,124.63583333,1
17101,GZP,Gazipasa Alanya,"Gazipasa, Turkey",Turkey,,36.29888889,32.2975,1
17102,LYA,Luoyang Airport,"Luoyang, China",China,,34.74111111,112.38833333,1
17103,JNG,Jining Qufu,"Jining, China",China,,35.29277778,116.34666667,1
17104,TGO,Tongliao Airport,"Tongliao, China",China,,43.55694444,122.2,1
17105,LOP,Lokok,"Lombok, Indonesia",Indonesia,,-8.75805556,116.27638889,1
17106,WDS,Shiyan Wudangshan,"Shiyan, China",China,,32.59333333,110.90611111,1
17107,ACX,Xingyi Airport,"Xingyi, China",China,,25.08666667,104.95972222,1
17108,AVT,Amravati Airport,"Amravati, India",India,,20.81416666,77.72138889,1
17109,BCO,Jinka Airport,"Jinka, Ethiopia",Ethiopia,,5.75,36.55972222,1
17110,BPE,Qinhuangdao Beidaihe,"Qinhuangdao, China",China,,39.66638889,119.05888889,1
17111,BQB,Busselton Airport,"Busselton, Australia",Australia,,-33.69722222,115.40222222,1
17112,HMV,Hemavan Tarnaby,"Hemavan, Sweden",Sweden,,65.80527778,15.08361111,1
17113,HUZ,Huiyang,"Huizhou, China",China,,23.04833333,114.60027778,1
17114,IZA,Presidente Itamar Franco,"Juiz de Fora, Brazil",Brazil,,-21.52166667,-43.17333333,1
17115,HIA,Huaian Lianshui International,"Huaian, China",China,,33.79222222,119.12638889,1
17116,KDV,Vanuabalavu,"Kandavu, Fiji",Fiji,,-19.05805556,178.15694444,1
17117,USU,Francisco B Reyes,"Busuanga, Philippines",Philippines,,12.12194444,120.10083333,1
17118,MXZ,Meizhou Meixian,"Meizhou, China",China,,24.26638889,116.10444444,1
17119,OKI,Oki,"Oki Islands, Japan",Japan,,36.17833333,133.32361111,1
17120,RIZ,Rizhao Airport,"Rizhao, China",China,,35.40555556,119.32361111,1
17121,JMU,Jiamusi Airport,"Jiamusi, China",China,,46.84361111,130.46527778,1
17122,KCM,Kahramanmaras Airport,"Kahramanmaras, Turkey",Turkey,,37.53888889,36.95333333,1
17123,YUS,Yushu Airport,"Yushu, China",China,,32.82722222,97.12111111,1
17124,SHS,Jingzhou Shashi,"Jingzhou, China",China,,30.29277778,112.44833333,1
17125,KZR,Zafer,"Kutahya, Turkey",Turkey,,39.11138889,30.13027778,1
17126,TFL,Kemil Kumaira,"Teofilo Otoni, Brazil",Brazil,,-17.89083333,-41.515,1
17127,NDG,Qiqihar Sanjiazi,"Qiqihar, China",China,,47.23972222,123.91805556,1
17128,UKK,Oskemen Airport,"Oskemen, Kazakhstan",Kazakhstan,,50.03611111,82.49416667,1
17129,VNX,Vilankulo Airport,"Vilankulo, Mozambique",Mozambique,,-22.01861111,35.31305556,1
17130,XFN,Xiangyang Liuji,"Xiangyang, China",China,,32.15,112.29055556,1
17131,PKY,Tjilik Riwut,"Palangkaraya, Indonesia",Indonesia,,-2.2275,113.94361111,1
17132,PTO,Prof. Juvenal Loureiro Cardoso,"Pato Branco, Brazil",Brazil,,-26.21722222,-52.69444444,1
17133,4PN,Merritt Field,"Eagles Mere, PA",United States,Pennsylvania,41.42083333,-76.53444444,1
17134,EDO,Balikesir Koca Seyit,"Edremit, Turkey",Turkey,,39.5525,27.01027778,1
17135,FUG,Fuyang Airport,"Fuyang, China",China,,32.88194444,115.73416667,1
17136,HAA,Hasvik Airport,"Hasvik, Norway",Norway,,70.48638889,22.14111111,1
17137,HVG,Honningsvag Airport,"Honningsvag, Norway",Norway,,71.00972222,25.98361111,1
17138,JAU,Jauja Airport,"Jauja, Peru",Peru,,-37.99444444,-71.96666667,1
17139,LLV,Luliang,"Luilang, China",China,,24.98805556,103.64277778,1
17140,NTG,Nantong Airport,"Nantong, China",China,,32.06833333,120.98166667,1
17141,OCC,Francisco de Orellana,"Coca, Ecuador",Ecuador,,-0.45777778,-76.98944444,1
17142,OGU,Ordu Giresun Airport,"Ordu Giresun, Turkey",Turkey,,40.96694444,38.08638889,1
17143,OSS,Osh Airport,"Osh, Kyrgyzstan",Kyrgyzstan,,40.60861111,72.79416667,1
17144,UYU,Uyuni Airport,"Uyuni, Bolivia",Bolivia,,-20.4575,-66.8425,1
17145,BSZ,Manas,"Bishkek, Kyrgyzstan",Kyrgyzstan,,43.06138889,74.4775,1
17146,CDT,Castellon,"Castellon de la Plana, Spain",Spain,,40.21416666,0.07361111,1
17147,CLV,Guimaraes,"Caldas Novas, Brazil",Brazil,,-2.13305555,-44.60861111,1
17148,ERH,Moulay Ali Cherif International,"Errachidia, Morocco",Morocco,,31.94805556,-4.40055556,1
17149,HDG,Handan Airport,"Handan, China",China,,36.52472222,114.42388889,1
17150,QXB,Aix-En-Provence Aerodrome,"Aix-En-Provence, France",France,,43.52527778,5.44527778,1
17151,RSI,Red Sea International,"Hanak, Saudi Arabia",Saudi Arabia,,25.40666667,37.12944444,1
17152,SZE,Semera Airport,"Semera, Ethiopia",Ethiopia,,11.78888889,40.99,1
17153,TKN,Tokunoshima Airport,"Tokunoshima, Japan",Japan,,27.83638889,128.87944444,1
17154,YHK,Gjoa Haven Airport,"Gjoa Haven, Canada",Canada,Nunavut Territory,68.63555556,-95.85027778,1
17155,ANW,Ainsworth Regional,"Ainsworth, NE",United States,Nebraska,42.57916667,-99.99305556,1
17156,BVE,Val de Dordogn,"Brive-La-Gaillarde, France",France,,45.1525,1.47194444,1
17157,BPA,Borongan Airport,"Borongan, Philippines",Philippines,,11.67361111,125.47916667,1
17158,JHG,Xishuangbanna Gasa International,"Jinghong, China",China,,21.98277778,100.76305556,1
17159,AAZ,Quetzaltenango Airport,"Quetzaltenango, Guatemala",Guatemala,,14.86611111,-91.50222222,1
17160,LYI,Linyi Airport,"Linyi, China",China,,35.05277778,118.41194444,1
17161,BVH,Brigadeiro Camarao,"Vilhena, Brazil",Brazil,,-12.69472222,-60.09833333,1
17162,CVU,Corvo,"Corvo Island, Portugal",Portugal,,39.67138889,-31.11666667,1
17163,05K,Wilder Runway,"Port Alsworth, AK",United States,Alaska,60.19861111,-154.32305556,1
17164,MGH,Margate Airport,"Margate, South Africa",South Africa,,-30.8575,30.34305556,1
17165,APX,Alberto Bertelli,"Arapongas, Brazil",Brazil,,-23.38972222,-51.95,1
17166,BXG,Bendigo Airport,"Bendigo, Australia",Australia,,-36.73861111,144.33,1
17167,DSN,Ejin Horo,"Ordos, China",China,,39.49361111,109.86,1
17168,EUQ,Evelio Javier ,"Antique, Philippines",Philippines,,10.77944444,121.9325,1
17170,HID,Horn Island Airport,"Horn Island, Australia",Australia,,-10.58555556,142.29277778,1
17171,HMI,Hami Airport,"Hami, China",China,,42.84083333,93.67083333,1
17172,HNY,Hengyang Airport,"Hengyang, China",China,,26.90527778,112.62777778,1
17173,HYN,Taizhou Bay,"Taizhou, China",China,,28.57416667,121.5775,1
17174,GPA,Patras Araxos,"Patras, Greece",Greece,,38.15111111,21.42555556,1
17175,JGN,Jiayuguan Airport ,"Jiayuguan, China",China,,39.86416667,98.34138889,1
17176,JGS,Jinggangshan Airport,"Jinggangshan, China",China,,26.86416667,114.73722222,1
17177,JPX,East Hampton Town,"Wainscott, NY",United States,New York,40.95944444,-72.25166667,1
17178,JUZ,Quzhou Airport,"Quzhou, China",China,,28.96666667,118.89916667,1
17179,KHG,Kashiwadai,"Kashi, China",China,,39.54222222,76.02,1
17180,LHN,Aeroporto Municipal de Linhares,"Linhares, Brazil",Brazil,,-19.35527778,-40.07138889,1
17181,LRR,Lar Airport,"Lar, Iran",Iran,,27.67472222,54.38333333,1
17182,MIG,Mianyang Nanjiao,"Mianyang, China",China,,31.43,104.73972222,1
17183,OAL,Capital Do Cafe,"Cacoal, Brazil",Brazil,,-11.42361111,-61.47777778,1
17184,RRJ,Jacarepagua Roberto Marinho,"Rio de Janeiro, Brazil",Brazil,,-22.98666667,-43.37222222,1
17185,RUR,Rurutu Airport,"Rurutu, French Polynesia",French Polynesia,,-22.43361111,-151.36055556,1
17186,RVR,Green River Municipal,"Green River, UT",United States,Utah,38.96166667,-110.22722222,1
17187,RZV,Rize Airport,"Rize, Turkey",Turkey,,41.17972222,40.84888889,1
17188,THD,Tho Xuan,"Thanh Hoa, Vietnam",Vietnam,,19.9025,105.46916667,1
17189,YCU,Guangong Airport,"Guangong, China",China,,35.10166667,111.03361111,1
17191,YTY,Yangzhou Airport,"Yangzhou, China",China,,32.56694444,119.71888889,1
17192,81W,Fishermans Bay,"Lopez Island, WA",United States,Washington,48.51638889,-122.91805556,1
17193,EWU,Newtok,"Mertarvik, AK",United States,Alaska,60.81027778,-164.44944444,1
17194,QPE,RAAF Base Edinburgh ,"Edinburgh, Australia",Australia,,-34.7025,138.62083333,1
99999,ZZZ,Unknown Point in Alaska,Unknown Point in Alaska,United States,Alaska,,,1
